DeliveryID,RequestedDeliveryDate,ActualDeliveryDate,ProductID,WarehouseID,CountryID,OrderQty,DeliveredQty,DeliveryStatus,OnTime,InFull,OTIF,DelayDays
DLV800000001,2025-11-06,2025-11-06,MAT100025,WH02,PL,94,94,On Time,Yes,Yes,Yes,0
DLV800000002,2026-05-25,2026-05-26,MAT100105,WH02,DE,83,83,On Time,No,Yes,No,1
DLV800000003,2025-07-08,2025-07-08,MAT100063,WH02,US,65,65,On Time,Yes,Yes,Yes,0
DLV800000004,2025-07-27,2025-07-27,MAT100044,WH03,ES,162,162,On Time,Yes,Yes,Yes,0
DLV800000005,2025-12-07,2025-12-08,MAT100079,WH03,IT,136,136,On Time,No,Yes,No,1
DLV800000006,2025-10-25,2025-11-02,MAT100003,WH02,CN,12,12,Delayed,No,Yes,No,8
DLV800000007,2025-08-25,2025-08-29,MAT100115,WH03,PL,116,116,Delayed,No,Yes,No,4
DLV800000008,2025-01-05,2025-01-05,MAT100001,WH02,ES,116,116,On Time,Yes,Yes,Yes,0
DLV800000009,2025-11-10,2025-11-11,MAT100085,WH03,IT,149,149,On Time,No,Yes,No,1
DLV800000010,2025-12-03,2025-12-03,MAT100011,WH02,DK,4,4,On Time,Yes,Yes,Yes,0
DLV800000011,2025-10-27,2025-10-28,MAT100047,WH01,NO,53,53,On Time,No,Yes,No,1
DLV800000012,2025-06-09,2025-06-09,MAT100023,WH01,IT,62,53,On Time,Yes,No,No,0
DLV800000013,2026-05-08,2026-05-08,MAT100046,WH01,IT,92,92,On Time,Yes,Yes,Yes,0
DLV800000014,2025-03-30,2025-03-30,MAT100089,WH03,CN,42,42,On Time,Yes,Yes,Yes,0
DLV800000015,2026-02-03,2026-02-04,MAT100080,WH03,NL,55,55,On Time,No,Yes,No,1
DLV800000016,2026-05-22,2026-05-23,MAT100026,WH01,CN,83,83,On Time,No,Yes,No,1
DLV800000017,2026-03-02,2026-03-10,MAT100013,WH03,FI,22,22,Delayed,No,Yes,No,8
DLV800000018,2025-12-15,2025-12-15,MAT100040,WH03,FR,164,164,On Time,Yes,Yes,Yes,0
DLV800000019,2025-05-21,2025-05-21,MAT100053,WH01,FI,72,72,On Time,Yes,Yes,Yes,0
DLV800000020,2025-01-27,2025-01-27,MAT100078,WH03,CN,36,36,On Time,Yes,Yes,Yes,0
DLV800000021,2025-05-07,2025-05-07,MAT100108,WH03,DE,60,50,On Time,Yes,No,No,0
DLV800000022,2025-11-01,2025-11-01,MAT100054,WH01,CN,80,80,On Time,Yes,Yes,Yes,0
DLV800000023,2025-01-05,2025-01-05,MAT100052,WH03,SE,121,121,On Time,Yes,Yes,Yes,0
DLV800000024,2025-07-09,2025-07-09,MAT100061,WH01,DK,162,162,On Time,Yes,Yes,Yes,0
DLV800000025,2025-01-06,2025-01-06,MAT100008,WH02,CN,127,127,On Time,Yes,Yes,Yes,0
DLV800000026,2026-02-19,2026-02-19,MAT100110,WH01,IT,69,69,On Time,Yes,Yes,Yes,0
DLV800000027,2025-07-15,2025-07-15,MAT100086,WH01,FI,165,165,On Time,Yes,Yes,Yes,0
DLV800000028,2026-02-09,2026-02-14,MAT100084,WH01,DK,29,29,Delayed,No,Yes,No,5
DLV800000029,2025-05-28,2025-05-28,MAT100053,WH02,SE,95,95,On Time,Yes,Yes,Yes,0
DLV800000030,2025-05-30,2025-05-30,MAT100085,WH01,FR,171,171,On Time,Yes,Yes,Yes,0
DLV800000031,2025-06-12,2025-06-12,MAT100027,WH02,DE,118,118,On Time,Yes,Yes,Yes,0
DLV800000032,2026-04-30,2026-05-01,MAT100029,WH02,NO,90,90,On Time,No,Yes,No,1
DLV800000033,2025-08-14,2025-08-14,MAT100050,WH01,PL,61,61,On Time,Yes,Yes,Yes,0
DLV800000034,2026-01-15,2026-01-15,MAT100067,WH02,US,70,70,On Time,Yes,Yes,Yes,0
DLV800000035,2025-10-17,2025-10-17,MAT100068,WH01,ES,161,161,On Time,Yes,Yes,Yes,0
DLV800000036,2025-01-02,2025-01-02,MAT100055,WH02,CN,79,79,On Time,Yes,Yes,Yes,0
DLV800000037,2026-04-29,2026-04-29,MAT100046,WH02,PL,84,73,On Time,Yes,No,No,0
DLV800000038,2025-01-17,2025-01-17,MAT100006,WH01,FR,60,60,On Time,Yes,Yes,Yes,0
DLV800000039,2025-08-15,2025-08-15,MAT100118,WH03,SE,10,10,On Time,Yes,Yes,Yes,0
DLV800000040,2025-08-31,2025-08-31,MAT100081,WH01,FR,154,154,On Time,Yes,Yes,Yes,0
DLV800000041,2025-01-07,2025-01-07,MAT100013,WH01,IT,106,106,On Time,Yes,Yes,Yes,0
DLV800000042,2026-01-01,2026-01-01,MAT100081,WH03,FI,7,7,On Time,Yes,Yes,Yes,0
DLV800000043,2025-07-03,2025-07-03,MAT100008,WH03,NO,34,34,On Time,Yes,Yes,Yes,0
DLV800000044,2025-11-03,2025-11-03,MAT100001,WH01,CN,41,41,On Time,Yes,Yes,Yes,0
DLV800000045,2025-06-11,2025-06-12,MAT100090,WH01,PL,28,28,On Time,No,Yes,No,1
DLV800000046,2025-06-11,2025-06-11,MAT100079,WH02,IT,115,115,On Time,Yes,Yes,Yes,0
DLV800000047,2025-10-30,2025-10-31,MAT100015,WH03,CN,24,24,On Time,No,Yes,No,1
DLV800000048,2026-02-09,2026-02-09,MAT100069,WH01,IT,14,14,On Time,Yes,Yes,Yes,0
DLV800000049,2025-03-27,2025-03-27,MAT100071,WH01,ES,67,67,On Time,Yes,Yes,Yes,0
DLV800000050,2025-08-14,2025-08-15,MAT100082,WH03,FR,19,19,On Time,No,Yes,No,1
DLV800000051,2025-12-12,2025-12-12,MAT100089,WH01,FR,7,7,On Time,Yes,Yes,Yes,0
DLV800000052,2025-07-14,2025-07-16,MAT100069,WH03,NO,113,113,Delayed,No,Yes,No,2
DLV800000053,2025-12-28,2025-12-28,MAT100097,WH02,CN,130,130,On Time,Yes,Yes,Yes,0
DLV800000054,2026-06-19,2026-06-19,MAT100006,WH02,ES,129,129,On Time,Yes,Yes,Yes,0
DLV800000055,2025-01-03,2025-01-04,MAT100012,WH02,FI,89,89,On Time,No,Yes,No,1
DLV800000056,2025-06-02,2025-06-02,MAT100047,WH02,PL,95,95,On Time,Yes,Yes,Yes,0
DLV800000057,2025-02-10,2025-02-10,MAT100110,WH03,PL,62,62,On Time,Yes,Yes,Yes,0
DLV800000058,2025-03-04,2025-03-04,MAT100068,WH01,FI,101,101,On Time,Yes,Yes,Yes,0
DLV800000059,2025-09-22,2025-09-23,MAT100032,WH03,CN,128,128,On Time,No,Yes,No,1
DLV800000060,2025-09-06,2025-09-06,MAT100087,WH02,US,179,179,On Time,Yes,Yes,Yes,0
DLV800000061,2025-06-12,2025-06-13,MAT100093,WH03,US,34,34,On Time,No,Yes,No,1
DLV800000062,2025-02-11,2025-02-12,MAT100097,WH02,DE,41,41,On Time,No,Yes,No,1
DLV800000063,2026-01-13,2026-01-13,MAT100111,WH03,PL,76,76,On Time,Yes,Yes,Yes,0
DLV800000064,2026-06-10,2026-06-11,MAT100048,WH01,PL,58,58,Delayed,No,Yes,No,1
DLV800000065,2025-05-18,2025-05-18,MAT100005,WH02,DE,173,173,On Time,Yes,Yes,Yes,0
DLV800000066,2025-08-02,2025-08-02,MAT100091,WH01,DK,151,151,On Time,Yes,Yes,Yes,0
DLV800000067,2026-04-11,2026-04-11,MAT100031,WH03,SE,140,127,On Time,Yes,No,No,0
DLV800000068,2025-11-27,2025-11-28,MAT100011,WH03,FR,9,9,On Time,No,Yes,No,1
DLV800000069,2026-05-28,2026-05-28,MAT100027,WH01,NL,3,3,On Time,Yes,Yes,Yes,0
DLV800000070,2025-04-25,2025-04-25,MAT100043,WH02,SE,63,63,On Time,Yes,Yes,Yes,0
DLV800000071,2026-03-02,2026-03-02,MAT100102,WH02,ES,101,101,On Time,Yes,Yes,Yes,0
DLV800000072,2025-10-21,2025-10-21,MAT100062,WH02,SE,60,60,On Time,Yes,Yes,Yes,0
DLV800000073,2025-06-11,2025-06-11,MAT100036,WH02,PL,19,19,On Time,Yes,Yes,Yes,0
DLV800000074,2025-10-29,2025-10-30,MAT100081,WH01,DE,11,11,On Time,No,Yes,No,1
DLV800000075,2025-02-17,2025-02-17,MAT100109,WH01,PL,33,33,On Time,Yes,Yes,Yes,0
DLV800000076,2026-02-12,2026-02-12,MAT100059,WH01,FI,99,99,On Time,Yes,Yes,Yes,0
DLV800000077,2025-09-18,2025-09-19,MAT100056,WH03,SE,131,131,On Time,No,Yes,No,1
DLV800000078,2025-09-28,2025-09-28,MAT100115,WH03,IT,30,30,On Time,Yes,Yes,Yes,0
DLV800000079,2026-05-04,2026-05-04,MAT100083,WH02,DK,105,90,On Time,Yes,No,No,0
DLV800000080,2025-01-19,2025-01-19,MAT100009,WH02,SE,145,145,On Time,Yes,Yes,Yes,0
DLV800000081,2025-06-19,2025-06-20,MAT100049,WH03,FR,160,160,On Time,No,Yes,No,1
DLV800000082,2026-06-19,2026-06-19,MAT100073,WH01,ES,149,149,On Time,Yes,Yes,Yes,0
DLV800000083,2025-11-14,2025-11-14,MAT100014,WH01,DE,45,45,On Time,Yes,Yes,Yes,0
DLV800000084,2025-02-26,2025-02-26,MAT100051,WH03,NO,143,143,On Time,Yes,Yes,Yes,0
DLV800000085,2025-08-10,2025-08-10,MAT100042,WH03,FI,134,134,On Time,Yes,Yes,Yes,0
DLV800000086,2026-06-17,2026-06-17,MAT100115,WH02,US,73,73,On Time,Yes,Yes,Yes,0
DLV800000087,2025-05-31,2025-05-31,MAT100056,WH03,NO,140,140,On Time,Yes,Yes,Yes,0
DLV800000088,2025-03-16,2025-03-17,MAT100107,WH03,PL,110,110,On Time,No,Yes,No,1
DLV800000089,2025-05-04,2025-05-04,MAT100031,WH03,NL,103,103,On Time,Yes,Yes,Yes,0
DLV800000090,2025-06-18,2025-06-18,MAT100066,WH02,US,2,2,On Time,Yes,Yes,Yes,0
DLV800000091,2026-02-01,2026-02-01,MAT100079,WH02,FI,172,172,On Time,Yes,Yes,Yes,0
DLV800000092,2025-10-13,2025-10-13,MAT100100,WH01,SE,83,69,On Time,Yes,No,No,0
DLV800000093,2025-02-21,2025-02-21,MAT100057,WH02,FR,70,54,On Time,Yes,No,No,0
DLV800000094,2026-02-26,2026-02-26,MAT100012,WH03,FR,5,5,On Time,Yes,Yes,Yes,0
DLV800000095,2025-03-10,2025-03-10,MAT100026,WH01,PL,18,18,On Time,Yes,Yes,Yes,0
DLV800000096,2025-06-25,2025-06-26,MAT100119,WH01,NL,28,28,On Time,No,Yes,No,1
DLV800000097,2025-06-17,2025-06-17,MAT100066,WH03,NO,109,109,On Time,Yes,Yes,Yes,0
DLV800000098,2025-07-14,2025-07-14,MAT100007,WH03,IT,79,79,On Time,Yes,Yes,Yes,0
DLV800000099,2025-02-14,2025-02-14,MAT100027,WH03,NO,14,14,On Time,Yes,Yes,Yes,0
DLV800000100,2026-04-20,2026-04-20,MAT100107,WH01,FR,48,48,On Time,Yes,Yes,Yes,0
DLV800000101,2025-07-18,2025-07-19,MAT100044,WH03,ES,44,44,On Time,No,Yes,No,1
DLV800000102,2026-03-13,2026-03-17,MAT100023,WH03,US,30,30,Delayed,No,Yes,No,4
DLV800000103,2025-01-24,2025-01-25,MAT100016,WH02,DK,104,104,On Time,No,Yes,No,1
DLV800000104,2026-06-15,2026-06-15,MAT100049,WH03,FR,94,94,On Time,Yes,Yes,Yes,0
DLV800000105,2025-06-13,2025-06-19,MAT100070,WH02,DK,4,4,Delayed,No,Yes,No,6
DLV800000106,2026-06-20,2026-06-20,MAT100059,WH03,PL,84,84,On Time,Yes,Yes,Yes,0
DLV800000107,2025-10-23,2025-10-23,MAT100005,WH02,US,33,33,On Time,Yes,Yes,Yes,0
DLV800000108,2025-09-14,2025-09-17,MAT100044,WH03,DK,77,77,Delayed,No,Yes,No,3
DLV800000109,2026-06-04,2026-06-05,MAT100012,WH02,SE,178,178,Delayed,No,Yes,No,1
DLV800000110,2026-05-05,2026-05-05,MAT100058,WH02,IT,7,7,On Time,Yes,Yes,Yes,0
DLV800000111,2026-05-20,2026-05-21,MAT100109,WH01,CN,130,130,On Time,No,Yes,No,1
DLV800000112,2025-02-09,2025-02-09,MAT100088,WH03,DK,103,103,On Time,Yes,Yes,Yes,0
DLV800000113,2026-02-04,2026-02-04,MAT100005,WH01,FI,176,176,On Time,Yes,Yes,Yes,0
DLV800000114,2025-10-02,2025-10-03,MAT100026,WH01,NO,118,118,On Time,No,Yes,No,1
DLV800000115,2025-05-17,2025-05-17,MAT100029,WH01,US,101,101,On Time,Yes,Yes,Yes,0
DLV800000116,2025-09-24,2025-09-24,MAT100044,WH03,SE,48,48,On Time,Yes,Yes,Yes,0
DLV800000117,2025-06-25,2025-06-29,MAT100068,WH03,NL,178,178,Delayed,No,Yes,No,4
DLV800000118,2026-02-05,2026-02-06,MAT100050,WH03,DK,133,133,On Time,No,Yes,No,1
DLV800000119,2025-08-18,2025-08-18,MAT100106,WH03,US,173,173,On Time,Yes,Yes,Yes,0
DLV800000120,2025-07-23,2025-07-29,MAT100102,WH01,ES,149,149,Delayed,No,Yes,No,6
DLV800000121,2025-10-28,2025-10-28,MAT100094,WH01,PL,52,52,On Time,Yes,Yes,Yes,0
DLV800000122,2025-04-10,2025-04-11,MAT100035,WH01,PL,82,62,On Time,No,No,No,1
DLV800000123,2025-07-01,2025-07-01,MAT100061,WH03,SE,179,179,On Time,Yes,Yes,Yes,0
DLV800000124,2025-05-13,2025-05-13,MAT100018,WH02,FR,103,103,On Time,Yes,Yes,Yes,0
DLV800000125,2026-06-03,2026-06-04,MAT100039,WH01,PL,138,138,On Time,No,Yes,No,1
DLV800000126,2025-12-14,2025-12-14,MAT100108,WH03,CN,82,82,On Time,Yes,Yes,Yes,0
DLV800000127,2026-03-15,2026-03-15,MAT100048,WH03,ES,11,9,On Time,Yes,No,No,0
DLV800000128,2025-04-29,2025-04-29,MAT100062,WH01,DK,54,43,On Time,Yes,No,No,0
DLV800000129,2025-10-18,2025-10-19,MAT100092,WH02,CN,99,99,On Time,No,Yes,No,1
DLV800000130,2026-03-28,2026-03-28,MAT100109,WH03,DK,2,2,On Time,Yes,Yes,Yes,0
DLV800000131,2025-03-13,2025-03-13,MAT100014,WH03,NL,140,140,On Time,Yes,Yes,Yes,0
DLV800000132,2025-01-08,2025-01-08,MAT100114,WH01,NO,97,97,On Time,Yes,Yes,Yes,0
DLV800000133,2025-06-19,2025-06-19,MAT100101,WH01,DK,171,171,On Time,Yes,Yes,Yes,0
DLV800000134,2026-01-07,2026-01-08,MAT100111,WH03,NL,35,35,On Time,No,Yes,No,1
DLV800000135,2025-09-04,2025-09-04,MAT100083,WH02,IT,113,113,On Time,Yes,Yes,Yes,0
DLV800000136,2025-07-10,2025-07-10,MAT100073,WH03,FR,40,40,On Time,Yes,Yes,Yes,0
DLV800000137,2025-03-19,2025-03-19,MAT100042,WH03,SE,61,61,On Time,Yes,Yes,Yes,0
DLV800000138,2025-11-12,2025-11-13,MAT100096,WH02,IT,166,166,On Time,No,Yes,No,1
DLV800000139,2025-09-17,2025-09-18,MAT100015,WH01,FI,157,157,On Time,No,Yes,No,1
DLV800000140,2025-06-28,2025-06-28,MAT100116,WH03,ES,85,85,On Time,Yes,Yes,Yes,0
DLV800000141,2025-12-01,2025-12-01,MAT100104,WH03,FR,34,34,On Time,Yes,Yes,Yes,0
DLV800000142,2025-02-25,2025-02-25,MAT100071,WH02,NL,12,12,On Time,Yes,Yes,Yes,0
DLV800000143,2025-08-04,2025-08-04,MAT100069,WH02,IT,48,48,On Time,Yes,Yes,Yes,0
DLV800000144,2025-11-06,2025-11-08,MAT100074,WH02,FI,147,147,Delayed,No,Yes,No,2
DLV800000145,2025-04-06,2025-04-06,MAT100085,WH01,NO,151,151,On Time,Yes,Yes,Yes,0
DLV800000146,2025-07-21,2025-07-22,MAT100076,WH02,CN,22,22,On Time,No,Yes,No,1
DLV800000147,2025-06-04,2025-06-04,MAT100119,WH03,NO,31,31,On Time,Yes,Yes,Yes,0
DLV800000148,2025-04-02,2025-04-03,MAT100024,WH01,US,27,27,On Time,No,Yes,No,1
DLV800000149,2026-03-25,2026-03-25,MAT100025,WH02,FR,10,10,On Time,Yes,Yes,Yes,0
DLV800000150,2025-11-05,2025-11-05,MAT100037,WH01,NO,46,46,On Time,Yes,Yes,Yes,0
DLV800000151,2025-12-01,2025-12-01,MAT100108,WH03,NO,97,97,On Time,Yes,Yes,Yes,0
DLV800000152,2025-03-09,2025-03-09,MAT100045,WH01,NL,171,171,On Time,Yes,Yes,Yes,0
DLV800000153,2025-05-02,2025-05-03,MAT100070,WH02,SE,92,92,On Time,No,Yes,No,1
DLV800000154,2025-06-09,2025-06-10,MAT100047,WH03,FI,14,14,On Time,No,Yes,No,1
DLV800000155,2025-03-04,2025-03-04,MAT100076,WH01,FI,111,111,On Time,Yes,Yes,Yes,0
DLV800000156,2025-09-25,2025-09-25,MAT100111,WH02,IT,57,57,On Time,Yes,Yes,Yes,0
DLV800000157,2026-04-08,2026-04-08,MAT100076,WH03,NL,160,131,On Time,Yes,No,No,0
DLV800000158,2025-04-19,2025-04-19,MAT100015,WH01,NO,119,119,On Time,Yes,Yes,Yes,0
DLV800000159,2025-01-28,2025-01-28,MAT100098,WH01,IT,116,116,On Time,Yes,Yes,Yes,0
DLV800000160,2026-01-11,2026-01-11,MAT100091,WH01,FI,28,28,On Time,Yes,Yes,Yes,0
DLV800000161,2026-04-19,2026-04-19,MAT100068,WH02,FR,74,74,On Time,Yes,Yes,Yes,0
DLV800000162,2025-07-21,2025-07-22,MAT100111,WH03,PL,47,47,On Time,No,Yes,No,1
DLV800000163,2026-05-24,2026-05-24,MAT100086,WH01,CN,86,86,On Time,Yes,Yes,Yes,0
DLV800000164,2026-02-08,2026-02-08,MAT100068,WH01,FR,91,91,On Time,Yes,Yes,Yes,0
DLV800000165,2026-02-17,2026-02-17,MAT100004,WH01,FI,85,85,On Time,Yes,Yes,Yes,0
DLV800000166,2025-09-16,2025-09-16,MAT100099,WH03,US,150,150,On Time,Yes,Yes,Yes,0
DLV800000167,2025-11-19,2025-11-19,MAT100006,WH02,CN,82,82,On Time,Yes,Yes,Yes,0
DLV800000168,2026-02-09,2026-02-10,MAT100009,WH01,DE,164,164,On Time,No,Yes,No,1
DLV800000169,2025-10-27,2025-10-28,MAT100063,WH02,PL,26,26,On Time,No,Yes,No,1
DLV800000170,2025-11-27,2025-11-27,MAT100015,WH03,DK,150,150,On Time,Yes,Yes,Yes,0
DLV800000171,2025-05-23,2025-05-23,MAT100116,WH03,DE,132,132,On Time,Yes,Yes,Yes,0
DLV800000172,2025-09-23,2025-09-23,MAT100090,WH03,NO,61,61,On Time,Yes,Yes,Yes,0
DLV800000173,2025-04-25,2025-04-26,MAT100076,WH02,ES,138,138,Delayed,No,Yes,No,1
DLV800000174,2025-11-08,2025-11-08,MAT100114,WH02,SE,116,116,On Time,Yes,Yes,Yes,0
DLV800000175,2025-01-12,2025-01-12,MAT100054,WH02,FR,67,67,On Time,Yes,Yes,Yes,0
DLV800000176,2025-03-29,2025-03-29,MAT100120,WH01,NO,166,166,On Time,Yes,Yes,Yes,0
DLV800000177,2026-03-10,2026-03-10,MAT100051,WH03,ES,119,119,On Time,Yes,Yes,Yes,0
DLV800000178,2025-12-30,2025-12-30,MAT100055,WH01,US,23,23,On Time,Yes,Yes,Yes,0
DLV800000179,2025-10-18,2025-10-18,MAT100100,WH02,US,97,97,On Time,Yes,Yes,Yes,0
DLV800000180,2025-02-16,2025-02-21,MAT100070,WH01,US,157,157,Delayed,No,Yes,No,5
DLV800000181,2025-06-05,2025-06-05,MAT100050,WH01,DE,144,144,On Time,Yes,Yes,Yes,0
DLV800000182,2025-05-09,2025-05-09,MAT100069,WH03,DK,69,69,On Time,Yes,Yes,Yes,0
DLV800000183,2026-02-09,2026-02-10,MAT100055,WH01,PL,155,155,On Time,No,Yes,No,1
DLV800000184,2025-09-12,2025-09-12,MAT100014,WH01,DK,53,53,On Time,Yes,Yes,Yes,0
DLV800000185,2025-02-14,2025-02-14,MAT100107,WH03,NL,103,103,On Time,Yes,Yes,Yes,0
DLV800000186,2025-09-26,2025-09-27,MAT100112,WH01,DE,82,82,On Time,No,Yes,No,1
DLV800000187,2026-04-27,2026-04-29,MAT100034,WH03,PL,133,133,Delayed,No,Yes,No,2
DLV800000188,2026-04-18,2026-04-18,MAT100053,WH03,IT,21,21,On Time,Yes,Yes,Yes,0
DLV800000189,2026-01-21,2026-01-21,MAT100051,WH03,NL,179,179,On Time,Yes,Yes,Yes,0
DLV800000190,2025-04-03,2025-04-03,MAT100007,WH01,PL,81,81,On Time,Yes,Yes,Yes,0
DLV800000191,2026-05-05,2026-05-06,MAT100010,WH02,NO,178,170,On Time,No,No,No,1
DLV800000192,2025-11-18,2025-11-18,MAT100034,WH02,ES,26,26,On Time,Yes,Yes,Yes,0
DLV800000193,2025-11-05,2025-11-05,MAT100049,WH02,FR,46,31,On Time,Yes,No,No,0
DLV800000194,2026-02-25,2026-02-26,MAT100105,WH02,CN,68,68,On Time,No,Yes,No,1
DLV800000195,2025-01-30,2025-01-30,MAT100025,WH03,FR,82,82,On Time,Yes,Yes,Yes,0
DLV800000196,2026-01-26,2026-01-26,MAT100038,WH01,NL,108,108,On Time,Yes,Yes,Yes,0
DLV800000197,2025-01-10,2025-01-10,MAT100038,WH01,NL,31,31,On Time,Yes,Yes,Yes,0
DLV800000198,2025-05-18,2025-05-19,MAT100023,WH02,FR,8,8,On Time,No,Yes,No,1
DLV800000199,2026-06-14,2026-06-15,MAT100076,WH03,IT,138,107,Delayed,No,No,No,1
DLV800000200,2025-03-23,2025-03-23,MAT100115,WH01,IT,114,114,On Time,Yes,Yes,Yes,0
DLV800000201,2025-06-18,2025-06-18,MAT100033,WH01,NO,43,34,On Time,Yes,No,No,0
DLV800000202,2026-01-31,2026-01-31,MAT100034,WH03,PL,163,163,On Time,Yes,Yes,Yes,0
DLV800000203,2025-09-17,2025-09-17,MAT100033,WH02,CN,13,9,On Time,Yes,No,No,0
DLV800000204,2025-03-20,2025-03-20,MAT100058,WH02,CN,40,40,On Time,Yes,Yes,Yes,0
DLV800000205,2026-02-12,2026-02-12,MAT100096,WH01,FR,166,166,On Time,Yes,Yes,Yes,0
DLV800000206,2025-03-16,2025-03-16,MAT100103,WH01,IT,168,168,On Time,Yes,Yes,Yes,0
DLV800000207,2025-07-19,2025-07-19,MAT100065,WH01,FI,84,84,On Time,Yes,Yes,Yes,0
DLV800000208,2025-01-13,2025-01-13,MAT100057,WH02,NL,132,106,On Time,Yes,No,No,0
DLV800000209,2025-10-13,2025-10-13,MAT100007,WH03,PL,67,67,On Time,Yes,Yes,Yes,0
DLV800000210,2025-08-11,2025-08-11,MAT100084,WH03,SE,4,4,On Time,Yes,Yes,Yes,0
DLV800000211,2026-06-09,2026-06-16,MAT100055,WH03,NO,160,160,Delayed,No,Yes,No,7
DLV800000212,2025-11-19,2025-11-19,MAT100108,WH02,CN,123,123,On Time,Yes,Yes,Yes,0
DLV800000213,2025-06-29,2025-06-29,MAT100076,WH02,SE,143,143,On Time,Yes,Yes,Yes,0
DLV800000214,2026-05-27,2026-05-27,MAT100023,WH03,SE,146,146,On Time,Yes,Yes,Yes,0
DLV800000215,2025-05-05,2025-05-05,MAT100114,WH01,IT,48,48,On Time,Yes,Yes,Yes,0
DLV800000216,2025-04-28,2025-05-06,MAT100071,WH01,PL,99,99,Delayed,No,Yes,No,8
DLV800000217,2025-08-29,2025-08-29,MAT100011,WH03,SE,167,167,On Time,Yes,Yes,Yes,0
DLV800000218,2025-05-22,2025-05-23,MAT100087,WH01,FR,151,151,On Time,No,Yes,No,1
DLV800000219,2026-02-18,2026-02-18,MAT100076,WH02,FI,85,85,On Time,Yes,Yes,Yes,0
DLV800000220,2026-02-04,2026-02-04,MAT100051,WH02,CN,4,4,On Time,Yes,Yes,Yes,0
DLV800000221,2026-04-03,2026-04-04,MAT100118,WH03,DK,158,158,On Time,No,Yes,No,1
DLV800000222,2025-07-19,2025-07-19,MAT100049,WH03,FI,76,76,On Time,Yes,Yes,Yes,0
DLV800000223,2026-04-16,2026-04-17,MAT100115,WH03,PL,143,143,On Time,No,Yes,No,1
DLV800000224,2025-03-16,2025-03-17,MAT100109,WH01,US,47,47,On Time,No,Yes,No,1
DLV800000225,2025-03-31,2025-03-31,MAT100081,WH03,ES,117,117,On Time,Yes,Yes,Yes,0
DLV800000226,2025-03-22,2025-03-28,MAT100101,WH02,NO,36,36,Delayed,No,Yes,No,6
DLV800000227,2025-10-25,2025-10-25,MAT100078,WH01,SE,125,125,On Time,Yes,Yes,Yes,0
DLV800000228,2026-02-17,2026-02-17,MAT100062,WH02,US,42,42,On Time,Yes,Yes,Yes,0
DLV800000229,2026-01-11,2026-01-11,MAT100038,WH02,CN,142,142,On Time,Yes,Yes,Yes,0
DLV800000230,2025-05-25,2025-05-25,MAT100091,WH03,IT,128,128,On Time,Yes,Yes,Yes,0
DLV800000231,2025-12-17,2025-12-17,MAT100106,WH01,SE,118,118,On Time,Yes,Yes,Yes,0
DLV800000232,2025-12-02,2025-12-02,MAT100117,WH03,NO,125,125,On Time,Yes,Yes,Yes,0
DLV800000233,2026-03-06,2026-03-06,MAT100008,WH02,DK,2,2,On Time,Yes,Yes,Yes,0
DLV800000234,2026-01-16,2026-01-17,MAT100085,WH01,FI,28,28,On Time,No,Yes,No,1
DLV800000235,2025-08-21,2025-08-21,MAT100010,WH02,CN,52,37,On Time,Yes,No,No,0
DLV800000236,2025-03-30,2025-03-30,MAT100090,WH02,FR,144,144,On Time,Yes,Yes,Yes,0
DLV800000237,2025-08-07,2025-08-07,MAT100099,WH01,IT,72,72,On Time,Yes,Yes,Yes,0
DLV800000238,2025-07-27,2025-07-27,MAT100093,WH01,CN,55,55,On Time,Yes,Yes,Yes,0
DLV800000239,2025-07-07,2025-07-07,MAT100101,WH03,IT,55,55,On Time,Yes,Yes,Yes,0
DLV800000240,2025-06-05,2025-06-06,MAT100056,WH01,DK,70,70,On Time,No,Yes,No,1
DLV800000241,2026-05-31,2026-05-31,MAT100049,WH03,DK,82,82,On Time,Yes,Yes,Yes,0
DLV800000242,2025-02-24,2025-02-24,MAT100058,WH03,IT,13,13,On Time,Yes,Yes,Yes,0
DLV800000243,2025-01-10,2025-01-10,MAT100064,WH03,NO,84,84,On Time,Yes,Yes,Yes,0
DLV800000244,2025-04-13,2025-04-21,MAT100013,WH03,ES,130,130,Delayed,No,Yes,No,8
DLV800000245,2025-02-25,2025-02-25,MAT100048,WH01,DE,104,104,On Time,Yes,Yes,Yes,0
DLV800000246,2025-03-26,2025-03-26,MAT100008,WH01,SE,145,145,On Time,Yes,Yes,Yes,0
DLV800000247,2025-12-12,2025-12-12,MAT100084,WH03,FI,89,89,On Time,Yes,Yes,Yes,0
DLV800000248,2025-10-17,2025-10-25,MAT100091,WH01,US,26,26,Delayed,No,Yes,No,8
DLV800000249,2026-01-10,2026-01-10,MAT100037,WH03,IT,13,9,On Time,Yes,No,No,0
DLV800000250,2025-05-02,2025-05-02,MAT100055,WH01,FI,9,9,On Time,Yes,Yes,Yes,0
DLV800000251,2025-04-07,2025-04-13,MAT100023,WH03,SE,158,158,Delayed,No,Yes,No,6
DLV800000252,2026-01-06,2026-01-06,MAT100073,WH03,NL,105,105,On Time,Yes,Yes,Yes,0
DLV800000253,2025-03-02,2025-03-03,MAT100100,WH03,ES,123,123,On Time,No,Yes,No,1
DLV800000254,2025-08-12,2025-08-12,MAT100048,WH01,CN,79,79,On Time,Yes,Yes,Yes,0
DLV800000255,2025-08-12,2025-08-12,MAT100049,WH02,NO,19,19,On Time,Yes,Yes,Yes,0
DLV800000256,2025-09-18,2025-09-18,MAT100090,WH01,NO,170,170,On Time,Yes,Yes,Yes,0
DLV800000257,2025-02-02,2025-02-03,MAT100001,WH03,NL,174,158,On Time,No,No,No,1
DLV800000258,2025-06-05,2025-06-06,MAT100018,WH03,PL,114,114,On Time,No,Yes,No,1
DLV800000259,2026-04-13,2026-04-14,MAT100111,WH01,US,83,83,On Time,No,Yes,No,1
DLV800000260,2025-02-17,2025-02-21,MAT100113,WH01,PL,108,108,Delayed,No,Yes,No,4
DLV800000261,2026-06-18,2026-06-19,MAT100089,WH03,NO,119,119,On Time,No,Yes,No,1
DLV800000262,2025-06-15,2025-06-15,MAT100090,WH01,SE,47,47,On Time,Yes,Yes,Yes,0
DLV800000263,2025-05-08,2025-05-09,MAT100073,WH01,NO,2,2,On Time,No,Yes,No,1
DLV800000264,2026-01-16,2026-01-16,MAT100073,WH03,IT,151,151,On Time,Yes,Yes,Yes,0
DLV800000265,2026-06-14,2026-06-14,MAT100098,WH03,NO,61,61,On Time,Yes,Yes,Yes,0
DLV800000266,2025-06-08,2025-06-16,MAT100036,WH02,IT,45,45,Delayed,No,Yes,No,8
DLV800000267,2026-05-04,2026-05-04,MAT100038,WH03,SE,142,142,On Time,Yes,Yes,Yes,0
DLV800000268,2025-06-09,2025-06-09,MAT100036,WH03,DK,72,72,On Time,Yes,Yes,Yes,0
DLV800000269,2026-01-04,2026-01-04,MAT100095,WH03,IT,180,171,On Time,Yes,No,No,0
DLV800000270,2025-10-11,2025-10-11,MAT100064,WH02,US,34,34,On Time,Yes,Yes,Yes,0
DLV800000271,2025-02-12,2025-02-13,MAT100053,WH02,DK,86,86,On Time,No,Yes,No,1
DLV800000272,2025-08-25,2025-08-25,MAT100013,WH03,FI,102,102,On Time,Yes,Yes,Yes,0
DLV800000273,2025-04-02,2025-04-02,MAT100111,WH03,FI,121,121,On Time,Yes,Yes,Yes,0
DLV800000274,2025-01-30,2025-01-30,MAT100051,WH01,IT,18,18,On Time,Yes,Yes,Yes,0
DLV800000275,2025-01-15,2025-01-16,MAT100108,WH02,DK,143,143,On Time,No,Yes,No,1
DLV800000276,2026-02-08,2026-02-09,MAT100039,WH03,FR,93,93,On Time,No,Yes,No,1
DLV800000277,2026-03-18,2026-03-23,MAT100092,WH01,US,155,155,Delayed,No,Yes,No,5
DLV800000278,2025-07-14,2025-07-21,MAT100107,WH01,ES,35,35,Delayed,No,Yes,No,7
DLV800000279,2025-05-21,2025-05-27,MAT100013,WH03,DE,69,69,Delayed,No,Yes,No,6
DLV800000280,2025-04-11,2025-04-14,MAT100040,WH03,FI,164,164,Delayed,No,Yes,No,3
DLV800000281,2025-12-13,2025-12-13,MAT100024,WH02,DE,118,118,On Time,Yes,Yes,Yes,0
DLV800000282,2025-07-27,2025-07-27,MAT100107,WH02,DK,20,20,On Time,Yes,Yes,Yes,0
DLV800000283,2025-10-01,2025-10-02,MAT100035,WH02,PL,177,177,On Time,No,Yes,No,1
DLV800000284,2025-12-10,2025-12-10,MAT100061,WH02,CN,112,112,On Time,Yes,Yes,Yes,0
DLV800000285,2025-03-07,2025-03-07,MAT100044,WH02,IT,33,33,On Time,Yes,Yes,Yes,0
DLV800000286,2025-11-10,2025-11-10,MAT100077,WH01,ES,48,48,On Time,Yes,Yes,Yes,0
DLV800000287,2025-07-06,2025-07-06,MAT100036,WH01,PL,4,4,On Time,Yes,Yes,Yes,0
DLV800000288,2025-05-06,2025-05-06,MAT100026,WH01,SE,167,167,On Time,Yes,Yes,Yes,0
DLV800000289,2025-11-21,2025-11-21,MAT100029,WH03,PL,116,116,On Time,Yes,Yes,Yes,0
DLV800000290,2025-05-05,2025-05-11,MAT100016,WH01,US,43,43,Delayed,No,Yes,No,6
DLV800000291,2025-08-03,2025-08-03,MAT100116,WH03,SE,46,46,On Time,Yes,Yes,Yes,0
DLV800000292,2026-05-25,2026-05-25,MAT100087,WH01,US,166,166,On Time,Yes,Yes,Yes,0
DLV800000293,2026-04-01,2026-04-02,MAT100053,WH01,NL,103,103,On Time,No,Yes,No,1
DLV800000294,2025-02-17,2025-02-18,MAT100042,WH03,DE,138,114,On Time,No,No,No,1
DLV800000295,2025-07-02,2025-07-02,MAT100109,WH01,NO,82,82,On Time,Yes,Yes,Yes,0
DLV800000296,2025-08-11,2025-08-11,MAT100117,WH01,ES,127,127,On Time,Yes,Yes,Yes,0
DLV800000297,2026-02-05,2026-02-05,MAT100074,WH03,NL,154,154,On Time,Yes,Yes,Yes,0
DLV800000298,2025-12-27,2025-12-27,MAT100089,WH02,NO,44,44,On Time,Yes,Yes,Yes,0
DLV800000299,2026-01-08,2026-01-08,MAT100030,WH02,ES,91,91,On Time,Yes,Yes,Yes,0
DLV800000300,2025-02-20,2025-02-21,MAT100078,WH02,FI,131,131,Delayed,No,Yes,No,1
DLV800000301,2025-07-24,2025-07-24,MAT100051,WH01,IT,126,126,On Time,Yes,Yes,Yes,0
DLV800000302,2025-07-07,2025-07-15,MAT100081,WH02,IT,171,171,Delayed,No,Yes,No,8
DLV800000303,2025-11-29,2025-11-29,MAT100028,WH03,DE,38,38,On Time,Yes,Yes,Yes,0
DLV800000304,2025-10-27,2025-11-02,MAT100110,WH03,CN,144,144,Delayed,No,Yes,No,6
DLV800000305,2025-12-29,2025-12-29,MAT100044,WH01,US,159,159,On Time,Yes,Yes,Yes,0
DLV800000306,2025-09-08,2025-09-10,MAT100088,WH02,US,137,111,Delayed,No,No,No,2
DLV800000307,2025-11-09,2025-11-09,MAT100010,WH01,US,39,28,On Time,Yes,No,No,0
DLV800000308,2025-08-23,2025-08-24,MAT100009,WH02,IT,169,169,On Time,No,Yes,No,1
DLV800000309,2025-06-28,2025-06-29,MAT100073,WH03,NL,69,69,On Time,No,Yes,No,1
DLV800000310,2026-01-20,2026-01-26,MAT100046,WH01,US,116,116,Delayed,No,Yes,No,6
DLV800000311,2025-06-12,2025-06-13,MAT100085,WH01,FI,25,25,On Time,No,Yes,No,1
DLV800000312,2026-03-17,2026-03-18,MAT100061,WH01,DK,104,70,On Time,No,No,No,1
DLV800000313,2025-07-09,2025-07-10,MAT100059,WH02,DK,173,173,On Time,No,Yes,No,1
DLV800000314,2025-08-01,2025-08-06,MAT100012,WH03,FR,52,52,Delayed,No,Yes,No,5
DLV800000315,2025-05-08,2025-05-08,MAT100100,WH02,IT,151,149,On Time,Yes,No,No,0
DLV800000316,2025-10-18,2025-10-18,MAT100072,WH02,DE,1,1,On Time,Yes,Yes,Yes,0
DLV800000317,2026-04-04,2026-04-04,MAT100026,WH02,PL,23,23,On Time,Yes,Yes,Yes,0
DLV800000318,2026-02-21,2026-02-21,MAT100076,WH03,DE,121,121,On Time,Yes,Yes,Yes,0
DLV800000319,2026-03-28,2026-03-28,MAT100049,WH01,PL,36,36,On Time,Yes,Yes,Yes,0
DLV800000320,2025-12-25,2025-12-25,MAT100027,WH02,FR,119,119,On Time,Yes,Yes,Yes,0
DLV800000321,2025-12-10,2025-12-10,MAT100032,WH02,NL,106,106,On Time,Yes,Yes,Yes,0
DLV800000322,2025-09-21,2025-09-21,MAT100073,WH03,DE,157,157,On Time,Yes,Yes,Yes,0
DLV800000323,2026-04-07,2026-04-07,MAT100068,WH03,CN,105,105,On Time,Yes,Yes,Yes,0
DLV800000324,2026-05-28,2026-05-29,MAT100086,WH03,DK,56,56,On Time,No,Yes,No,1
DLV800000325,2025-04-17,2025-04-25,MAT100015,WH02,DE,34,31,Delayed,No,No,No,8
DLV800000326,2026-02-27,2026-02-27,MAT100006,WH02,DE,33,32,On Time,Yes,No,No,0
DLV800000327,2025-06-01,2025-06-01,MAT100095,WH02,DE,8,8,On Time,Yes,Yes,Yes,0
DLV800000328,2025-12-31,2026-01-01,MAT100044,WH03,FR,49,49,On Time,No,Yes,No,1
DLV800000329,2025-08-12,2025-08-12,MAT100034,WH03,PL,142,142,On Time,Yes,Yes,Yes,0
DLV800000330,2025-07-29,2025-07-29,MAT100086,WH03,DK,105,105,On Time,Yes,Yes,Yes,0
DLV800000331,2025-07-07,2025-07-07,MAT100085,WH02,DK,5,5,On Time,Yes,Yes,Yes,0
DLV800000332,2025-01-29,2025-01-29,MAT100036,WH02,US,37,37,On Time,Yes,Yes,Yes,0
DLV800000333,2026-05-14,2026-05-14,MAT100005,WH02,US,120,120,On Time,Yes,Yes,Yes,0
DLV800000334,2025-06-17,2025-06-17,MAT100024,WH02,IT,109,109,On Time,Yes,Yes,Yes,0
DLV800000335,2026-06-17,2026-06-17,MAT100018,WH02,NO,3,3,On Time,Yes,Yes,Yes,0
DLV800000336,2025-08-24,2025-08-24,MAT100009,WH03,DK,105,105,On Time,Yes,Yes,Yes,0
DLV800000337,2025-01-11,2025-01-11,MAT100045,WH02,FR,123,123,On Time,Yes,Yes,Yes,0
DLV800000338,2025-03-22,2025-03-22,MAT100004,WH01,US,125,125,On Time,Yes,Yes,Yes,0
DLV800000339,2026-04-15,2026-04-16,MAT100021,WH01,FI,24,24,Delayed,No,Yes,No,1
DLV800000340,2026-02-28,2026-03-01,MAT100061,WH03,NL,27,27,On Time,No,Yes,No,1
DLV800000341,2025-07-07,2025-07-07,MAT100069,WH02,PL,164,164,On Time,Yes,Yes,Yes,0
DLV800000342,2025-11-21,2025-11-21,MAT100069,WH02,NL,99,99,On Time,Yes,Yes,Yes,0
DLV800000343,2026-05-13,2026-05-14,MAT100010,WH01,CN,147,147,On Time,No,Yes,No,1
DLV800000344,2025-02-12,2025-02-13,MAT100059,WH01,SE,158,153,On Time,No,No,No,1
DLV800000345,2025-12-27,2025-12-27,MAT100077,WH02,US,178,178,On Time,Yes,Yes,Yes,0
DLV800000346,2026-05-20,2026-05-20,MAT100024,WH01,SE,57,57,On Time,Yes,Yes,Yes,0
DLV800000347,2025-06-30,2025-06-30,MAT100049,WH01,NO,152,152,On Time,Yes,Yes,Yes,0
DLV800000348,2025-10-24,2025-10-24,MAT100067,WH02,FI,79,79,On Time,Yes,Yes,Yes,0
DLV800000349,2025-01-22,2025-01-22,MAT100099,WH03,NL,158,158,On Time,Yes,Yes,Yes,0
DLV800000350,2026-04-04,2026-04-04,MAT100085,WH01,NL,102,102,On Time,Yes,Yes,Yes,0
DLV800000351,2026-04-09,2026-04-09,MAT100073,WH01,PL,41,41,On Time,Yes,Yes,Yes,0
DLV800000352,2025-05-18,2025-05-18,MAT100015,WH01,IT,39,39,On Time,Yes,Yes,Yes,0
DLV800000353,2025-11-22,2025-11-23,MAT100060,WH03,PL,60,60,On Time,No,Yes,No,1
DLV800000354,2025-10-31,2025-11-01,MAT100034,WH03,PL,20,20,On Time,No,Yes,No,1
DLV800000355,2025-04-20,2025-04-20,MAT100069,WH01,SE,12,12,On Time,Yes,Yes,Yes,0
DLV800000356,2025-06-05,2025-06-08,MAT100038,WH03,US,20,20,Delayed,No,Yes,No,3
DLV800000357,2026-03-04,2026-03-05,MAT100014,WH03,IT,77,77,On Time,No,Yes,No,1
DLV800000358,2025-11-09,2025-11-09,MAT100023,WH03,FI,11,11,On Time,Yes,Yes,Yes,0
DLV800000359,2026-05-07,2026-05-13,MAT100037,WH02,FR,100,100,Delayed,No,Yes,No,6
DLV800000360,2025-07-04,2025-07-05,MAT100025,WH01,PL,38,38,On Time,No,Yes,No,1
DLV800000361,2025-09-17,2025-09-17,MAT100066,WH03,FI,73,73,On Time,Yes,Yes,Yes,0
DLV800000362,2026-04-03,2026-04-04,MAT100079,WH02,SE,151,151,On Time,No,Yes,No,1
DLV800000363,2025-01-21,2025-01-22,MAT100095,WH03,IT,109,109,On Time,No,Yes,No,1
DLV800000364,2025-07-21,2025-07-21,MAT100112,WH01,FI,140,140,On Time,Yes,Yes,Yes,0
DLV800000365,2025-08-29,2025-08-29,MAT100119,WH02,NL,142,142,On Time,Yes,Yes,Yes,0
DLV800000366,2026-02-12,2026-02-12,MAT100120,WH01,ES,118,118,On Time,Yes,Yes,Yes,0
DLV800000367,2026-05-29,2026-05-29,MAT100053,WH03,IT,55,55,On Time,Yes,Yes,Yes,0
DLV800000368,2026-04-11,2026-04-11,MAT100025,WH01,US,28,26,On Time,Yes,No,No,0
DLV800000369,2026-06-05,2026-06-05,MAT100094,WH01,DK,119,119,On Time,Yes,Yes,Yes,0
DLV800000370,2026-05-09,2026-05-09,MAT100093,WH02,CN,109,109,On Time,Yes,Yes,Yes,0
DLV800000371,2025-09-30,2025-09-30,MAT100053,WH01,IT,120,120,On Time,Yes,Yes,Yes,0
DLV800000372,2025-09-10,2025-09-10,MAT100095,WH03,ES,170,170,On Time,Yes,Yes,Yes,0
DLV800000373,2026-02-13,2026-02-13,MAT100074,WH01,CN,157,157,On Time,Yes,Yes,Yes,0
DLV800000374,2025-08-17,2025-08-18,MAT100098,WH02,IT,161,161,On Time,No,Yes,No,1
DLV800000375,2026-05-02,2026-05-03,MAT100039,WH01,ES,109,109,On Time,No,Yes,No,1
DLV800000376,2026-04-14,2026-04-15,MAT100088,WH03,FI,66,66,On Time,No,Yes,No,1
DLV800000377,2026-06-01,2026-06-02,MAT100059,WH03,IT,63,63,On Time,No,Yes,No,1
DLV800000378,2025-10-27,2025-10-27,MAT100102,WH03,ES,75,75,On Time,Yes,Yes,Yes,0
DLV800000379,2025-05-02,2025-05-02,MAT100038,WH03,FI,118,92,On Time,Yes,No,No,0
DLV800000380,2025-09-16,2025-09-16,MAT100070,WH03,NO,1,1,On Time,Yes,Yes,Yes,0
DLV800000381,2025-08-31,2025-09-01,MAT100096,WH01,NL,68,68,On Time,No,Yes,No,1
DLV800000382,2026-04-03,2026-04-03,MAT100087,WH02,FI,1,1,On Time,Yes,Yes,Yes,0
DLV800000383,2025-01-18,2025-01-18,MAT100073,WH01,ES,143,143,On Time,Yes,Yes,Yes,0
DLV800000384,2025-02-23,2025-02-23,MAT100061,WH01,DE,168,168,On Time,Yes,Yes,Yes,0
DLV800000385,2025-05-06,2025-05-06,MAT100033,WH01,SE,78,78,On Time,Yes,Yes,Yes,0
DLV800000386,2025-12-18,2025-12-19,MAT100005,WH02,PL,96,96,On Time,No,Yes,No,1
DLV800000387,2025-05-21,2025-05-24,MAT100024,WH01,NL,48,48,Delayed,No,Yes,No,3
DLV800000388,2025-01-31,2025-02-01,MAT100037,WH03,US,100,100,On Time,No,Yes,No,1
DLV800000389,2025-08-26,2025-08-26,MAT100018,WH02,PL,126,126,On Time,Yes,Yes,Yes,0
DLV800000390,2025-02-27,2025-02-28,MAT100012,WH01,SE,33,33,On Time,No,Yes,No,1
DLV800000391,2026-04-20,2026-04-20,MAT100094,WH01,US,138,138,On Time,Yes,Yes,Yes,0
DLV800000392,2025-11-09,2025-11-09,MAT100041,WH01,NL,36,36,On Time,Yes,Yes,Yes,0
DLV800000393,2025-03-28,2025-03-28,MAT100082,WH01,NL,14,14,On Time,Yes,Yes,Yes,0
DLV800000394,2025-08-24,2025-08-24,MAT100112,WH03,FR,37,37,On Time,Yes,Yes,Yes,0
DLV800000395,2025-11-04,2025-11-04,MAT100078,WH01,FR,75,75,On Time,Yes,Yes,Yes,0
DLV800000396,2025-08-11,2025-08-11,MAT100106,WH03,FI,177,177,On Time,Yes,Yes,Yes,0
DLV800000397,2026-06-10,2026-06-10,MAT100062,WH03,NO,143,131,On Time,Yes,No,No,0
DLV800000398,2025-03-06,2025-03-07,MAT100042,WH03,PL,178,178,On Time,No,Yes,No,1
DLV800000399,2025-04-20,2025-04-21,MAT100112,WH02,IT,49,49,On Time,No,Yes,No,1
DLV800000400,2026-02-12,2026-02-17,MAT100051,WH01,FR,58,58,Delayed,No,Yes,No,5
DLV800000401,2025-12-16,2025-12-16,MAT100069,WH03,US,177,173,On Time,Yes,No,No,0
DLV800000402,2025-12-15,2025-12-15,MAT100085,WH03,IT,139,139,On Time,Yes,Yes,Yes,0
DLV800000403,2026-06-11,2026-06-12,MAT100022,WH03,PL,150,150,On Time,No,Yes,No,1
DLV800000404,2025-12-23,2025-12-23,MAT100010,WH02,FR,152,142,On Time,Yes,No,No,0
DLV800000405,2025-11-03,2025-11-04,MAT100119,WH02,US,21,21,On Time,No,Yes,No,1
DLV800000406,2025-09-30,2025-09-30,MAT100067,WH01,DE,134,134,On Time,Yes,Yes,Yes,0
DLV800000407,2025-04-27,2025-04-28,MAT100118,WH02,DK,138,138,On Time,No,Yes,No,1
DLV800000408,2026-04-01,2026-04-01,MAT100111,WH02,ES,81,81,On Time,Yes,Yes,Yes,0
DLV800000409,2025-11-17,2025-11-17,MAT100002,WH03,NL,119,119,On Time,Yes,Yes,Yes,0
DLV800000410,2025-09-04,2025-09-04,MAT100074,WH02,CN,137,137,On Time,Yes,Yes,Yes,0
DLV800000411,2026-03-13,2026-03-13,MAT100110,WH03,NL,137,137,On Time,Yes,Yes,Yes,0
DLV800000412,2025-11-03,2025-11-03,MAT100120,WH03,NL,103,81,On Time,Yes,No,No,0
DLV800000413,2025-03-22,2025-03-23,MAT100046,WH01,PL,146,146,On Time,No,Yes,No,1
DLV800000414,2026-03-17,2026-03-17,MAT100012,WH03,NL,116,116,On Time,Yes,Yes,Yes,0
DLV800000415,2026-01-01,2026-01-01,MAT100032,WH02,ES,26,26,On Time,Yes,Yes,Yes,0
DLV800000416,2025-07-06,2025-07-06,MAT100099,WH03,IT,140,140,On Time,Yes,Yes,Yes,0
DLV800000417,2026-01-22,2026-01-23,MAT100080,WH03,DE,20,19,On Time,No,No,No,1
DLV800000418,2025-11-03,2025-11-03,MAT100005,WH01,DK,96,96,On Time,Yes,Yes,Yes,0
DLV800000419,2026-05-14,2026-05-14,MAT100034,WH03,DK,131,131,On Time,Yes,Yes,Yes,0
DLV800000420,2025-08-05,2025-08-05,MAT100034,WH03,SE,108,108,On Time,Yes,Yes,Yes,0
DLV800000421,2025-06-27,2025-06-27,MAT100098,WH02,US,158,158,On Time,Yes,Yes,Yes,0
DLV800000422,2025-12-03,2025-12-04,MAT100016,WH02,CN,35,35,On Time,No,Yes,No,1
DLV800000423,2026-01-28,2026-01-28,MAT100027,WH03,PL,52,52,On Time,Yes,Yes,Yes,0
DLV800000424,2026-03-30,2026-04-03,MAT100037,WH02,FR,60,60,Delayed,No,Yes,No,4
DLV800000425,2025-04-26,2025-04-27,MAT100017,WH02,CN,6,6,On Time,No,Yes,No,1
DLV800000426,2025-06-24,2025-06-24,MAT100060,WH01,FI,168,168,On Time,Yes,Yes,Yes,0
DLV800000427,2026-05-22,2026-05-22,MAT100021,WH02,SE,26,26,On Time,Yes,Yes,Yes,0
DLV800000428,2026-05-10,2026-05-10,MAT100070,WH02,IT,37,37,On Time,Yes,Yes,Yes,0
DLV800000429,2026-02-04,2026-02-11,MAT100048,WH01,IT,53,53,Delayed,No,Yes,No,7
DLV800000430,2025-09-29,2025-09-29,MAT100080,WH01,NO,28,28,On Time,Yes,Yes,Yes,0
DLV800000431,2026-01-26,2026-01-26,MAT100058,WH03,IT,39,39,On Time,Yes,Yes,Yes,0
DLV800000432,2025-12-10,2025-12-11,MAT100047,WH01,NO,35,35,On Time,No,Yes,No,1
DLV800000433,2026-05-03,2026-05-03,MAT100018,WH02,FI,25,25,On Time,Yes,Yes,Yes,0
DLV800000434,2025-08-10,2025-08-10,MAT100022,WH01,FI,9,9,On Time,Yes,Yes,Yes,0
DLV800000435,2026-04-29,2026-04-30,MAT100004,WH02,ES,37,37,On Time,No,Yes,No,1
DLV800000436,2026-05-23,2026-05-23,MAT100059,WH02,CN,122,122,On Time,Yes,Yes,Yes,0
DLV800000437,2025-10-28,2025-10-28,MAT100002,WH01,NO,24,24,On Time,Yes,Yes,Yes,0
DLV800000438,2025-01-18,2025-01-19,MAT100049,WH03,SE,122,122,On Time,No,Yes,No,1
DLV800000439,2025-08-19,2025-08-19,MAT100105,WH02,US,167,167,On Time,Yes,Yes,Yes,0
DLV800000440,2026-01-03,2026-01-03,MAT100014,WH03,NO,98,91,On Time,Yes,No,No,0
DLV800000441,2026-03-17,2026-03-17,MAT100114,WH02,ES,156,156,On Time,Yes,Yes,Yes,0
DLV800000442,2026-04-20,2026-04-21,MAT100040,WH02,IT,129,129,Delayed,No,Yes,No,1
DLV800000443,2025-04-01,2025-04-01,MAT100109,WH03,DK,126,126,On Time,Yes,Yes,Yes,0
DLV800000444,2025-05-11,2025-05-11,MAT100066,WH02,PL,72,72,On Time,Yes,Yes,Yes,0
DLV800000445,2026-02-25,2026-02-25,MAT100002,WH01,NO,38,38,On Time,Yes,Yes,Yes,0
DLV800000446,2025-06-01,2025-06-01,MAT100098,WH01,CN,1,1,On Time,Yes,Yes,Yes,0
DLV800000447,2026-02-17,2026-02-17,MAT100067,WH03,PL,157,123,On Time,Yes,No,No,0
DLV800000448,2025-01-03,2025-01-03,MAT100095,WH03,DE,99,99,On Time,Yes,Yes,Yes,0
DLV800000449,2026-04-16,2026-04-16,MAT100044,WH02,DK,139,139,On Time,Yes,Yes,Yes,0
DLV800000450,2025-09-22,2025-09-22,MAT100105,WH03,IT,6,6,On Time,Yes,Yes,Yes,0
DLV800000451,2025-09-08,2025-09-08,MAT100041,WH01,SE,134,134,On Time,Yes,Yes,Yes,0
DLV800000452,2025-11-13,2025-11-17,MAT100109,WH03,DE,163,163,Delayed,No,Yes,No,4
DLV800000453,2025-01-31,2025-01-31,MAT100091,WH02,DK,73,73,On Time,Yes,Yes,Yes,0
DLV800000454,2025-05-22,2025-05-22,MAT100070,WH01,NO,36,36,On Time,Yes,Yes,Yes,0
DLV800000455,2025-10-23,2025-10-24,MAT100065,WH01,NO,37,31,On Time,No,No,No,1
DLV800000456,2026-01-03,2026-01-03,MAT100059,WH01,FR,57,57,On Time,Yes,Yes,Yes,0
DLV800000457,2025-12-06,2025-12-07,MAT100101,WH03,IT,18,18,On Time,No,Yes,No,1
DLV800000458,2025-02-02,2025-02-02,MAT100053,WH01,US,57,43,On Time,Yes,No,No,0
DLV800000459,2025-01-31,2025-01-31,MAT100017,WH03,DK,52,52,On Time,Yes,Yes,Yes,0
DLV800000460,2025-09-28,2025-09-28,MAT100056,WH02,NL,128,128,On Time,Yes,Yes,Yes,0
DLV800000461,2025-02-17,2025-02-17,MAT100029,WH03,CN,113,113,On Time,Yes,Yes,Yes,0
DLV800000462,2025-01-08,2025-01-08,MAT100020,WH02,ES,80,80,On Time,Yes,Yes,Yes,0
DLV800000463,2025-06-17,2025-06-17,MAT100024,WH02,FR,118,118,On Time,Yes,Yes,Yes,0
DLV800000464,2026-02-14,2026-02-19,MAT100080,WH02,PL,20,20,Delayed,No,Yes,No,5
DLV800000465,2025-10-28,2025-10-28,MAT100008,WH03,IT,170,170,On Time,Yes,Yes,Yes,0
DLV800000466,2026-05-10,2026-05-13,MAT100035,WH01,SE,61,61,Delayed,No,Yes,No,3
DLV800000467,2025-04-24,2025-04-25,MAT100097,WH02,CN,65,65,On Time,No,Yes,No,1
DLV800000468,2025-10-11,2025-10-11,MAT100091,WH03,FI,32,32,On Time,Yes,Yes,Yes,0
DLV800000469,2025-01-03,2025-01-03,MAT100101,WH02,IT,87,87,On Time,Yes,Yes,Yes,0
DLV800000470,2025-10-11,2025-10-11,MAT100111,WH01,CN,104,104,On Time,Yes,Yes,Yes,0
DLV800000471,2026-01-15,2026-01-15,MAT100024,WH01,FI,22,22,On Time,Yes,Yes,Yes,0
DLV800000472,2026-03-11,2026-03-11,MAT100092,WH03,PL,128,128,On Time,Yes,Yes,Yes,0
DLV800000473,2025-07-26,2025-07-26,MAT100036,WH01,FI,21,21,On Time,Yes,Yes,Yes,0
DLV800000474,2026-05-24,2026-05-25,MAT100006,WH03,FR,167,167,On Time,No,Yes,No,1
DLV800000475,2025-12-30,2025-12-31,MAT100075,WH03,PL,130,130,Delayed,No,Yes,No,1
DLV800000476,2025-01-10,2025-01-11,MAT100068,WH01,IT,88,88,On Time,No,Yes,No,1
DLV800000477,2025-01-04,2025-01-05,MAT100092,WH01,IT,154,154,On Time,No,Yes,No,1
DLV800000478,2026-04-27,2026-04-27,MAT100098,WH03,FI,174,174,On Time,Yes,Yes,Yes,0
DLV800000479,2025-08-21,2025-08-22,MAT100116,WH01,SE,144,144,On Time,No,Yes,No,1
DLV800000480,2026-04-22,2026-04-22,MAT100112,WH02,CN,167,167,On Time,Yes,Yes,Yes,0
DLV800000481,2025-05-05,2025-05-06,MAT100049,WH03,PL,155,155,On Time,No,Yes,No,1
DLV800000482,2026-03-30,2026-03-30,MAT100118,WH02,PL,63,63,On Time,Yes,Yes,Yes,0
DLV800000483,2025-04-29,2025-04-29,MAT100062,WH01,NO,100,100,On Time,Yes,Yes,Yes,0
DLV800000484,2025-06-10,2025-06-10,MAT100029,WH03,US,159,159,On Time,Yes,Yes,Yes,0
DLV800000485,2025-11-05,2025-11-05,MAT100030,WH01,SE,4,4,On Time,Yes,Yes,Yes,0
DLV800000486,2026-01-09,2026-01-14,MAT100032,WH01,SE,104,104,Delayed,No,Yes,No,5
DLV800000487,2025-04-06,2025-04-06,MAT100054,WH02,DK,71,71,On Time,Yes,Yes,Yes,0
DLV800000488,2025-05-06,2025-05-06,MAT100118,WH01,ES,83,83,On Time,Yes,Yes,Yes,0
DLV800000489,2025-05-18,2025-05-19,MAT100047,WH02,FR,130,130,On Time,No,Yes,No,1
DLV800000490,2026-01-28,2026-01-28,MAT100108,WH02,US,112,112,On Time,Yes,Yes,Yes,0
DLV800000491,2026-03-29,2026-03-29,MAT100060,WH01,NO,16,16,On Time,Yes,Yes,Yes,0
DLV800000492,2025-08-24,2025-08-24,MAT100041,WH02,US,56,56,On Time,Yes,Yes,Yes,0
DLV800000493,2025-11-05,2025-11-06,MAT100007,WH01,FR,172,172,On Time,No,Yes,No,1
DLV800000494,2026-04-07,2026-04-07,MAT100055,WH02,PL,12,12,On Time,Yes,Yes,Yes,0
DLV800000495,2025-03-11,2025-03-15,MAT100052,WH02,US,141,141,Delayed,No,Yes,No,4
DLV800000496,2026-03-18,2026-03-18,MAT100089,WH01,ES,105,105,On Time,Yes,Yes,Yes,0
DLV800000497,2025-08-28,2025-08-28,MAT100034,WH01,IT,95,95,On Time,Yes,Yes,Yes,0
DLV800000498,2026-03-05,2026-03-11,MAT100055,WH02,ES,153,153,Delayed,No,Yes,No,6
DLV800000499,2025-03-01,2025-03-02,MAT100045,WH02,CN,128,128,On Time,No,Yes,No,1
DLV800000500,2025-09-23,2025-09-24,MAT100096,WH01,FI,54,54,On Time,No,Yes,No,1
DLV800000501,2025-05-31,2025-05-31,MAT100084,WH02,NO,119,119,On Time,Yes,Yes,Yes,0
DLV800000502,2025-10-29,2025-10-29,MAT100108,WH03,PL,30,30,On Time,Yes,Yes,Yes,0
DLV800000503,2025-04-17,2025-04-18,MAT100104,WH01,FI,54,54,Delayed,No,Yes,No,1
DLV800000504,2025-01-15,2025-01-20,MAT100035,WH02,CN,48,48,Delayed,No,Yes,No,5
DLV800000505,2025-01-20,2025-01-20,MAT100058,WH01,SE,103,103,On Time,Yes,Yes,Yes,0
DLV800000506,2026-02-28,2026-02-28,MAT100110,WH01,DE,97,97,On Time,Yes,Yes,Yes,0
DLV800000507,2026-03-20,2026-03-20,MAT100073,WH01,ES,139,139,On Time,Yes,Yes,Yes,0
DLV800000508,2025-11-29,2025-11-29,MAT100060,WH03,FI,155,155,On Time,Yes,Yes,Yes,0
DLV800000509,2025-05-01,2025-05-01,MAT100073,WH02,SE,77,77,On Time,Yes,Yes,Yes,0
DLV800000510,2025-06-25,2025-06-30,MAT100076,WH02,FR,92,92,Delayed,No,Yes,No,5
DLV800000511,2026-06-02,2026-06-02,MAT100047,WH02,FI,108,108,On Time,Yes,Yes,Yes,0
DLV800000512,2025-06-25,2025-06-25,MAT100100,WH02,FI,20,20,On Time,Yes,Yes,Yes,0
DLV800000513,2025-06-27,2025-06-27,MAT100001,WH01,DE,64,64,On Time,Yes,Yes,Yes,0
DLV800000514,2025-03-02,2025-03-02,MAT100102,WH03,NL,87,87,On Time,Yes,Yes,Yes,0
DLV800000515,2025-08-02,2025-08-02,MAT100038,WH01,ES,50,50,On Time,Yes,Yes,Yes,0
DLV800000516,2025-08-25,2025-08-25,MAT100113,WH03,FI,70,70,On Time,Yes,Yes,Yes,0
DLV800000517,2025-05-18,2025-05-18,MAT100010,WH02,ES,128,128,On Time,Yes,Yes,Yes,0
DLV800000518,2025-10-02,2025-10-03,MAT100102,WH01,SE,88,88,On Time,No,Yes,No,1
DLV800000519,2025-04-13,2025-04-14,MAT100110,WH02,FR,33,33,On Time,No,Yes,No,1
DLV800000520,2025-04-16,2025-04-17,MAT100099,WH01,US,31,31,On Time,No,Yes,No,1
DLV800000521,2025-05-21,2025-05-21,MAT100111,WH02,CN,28,24,On Time,Yes,No,No,0
DLV800000522,2025-04-18,2025-04-18,MAT100063,WH03,CN,133,133,On Time,Yes,Yes,Yes,0
DLV800000523,2025-09-15,2025-09-15,MAT100091,WH02,FR,129,129,On Time,Yes,Yes,Yes,0
DLV800000524,2025-01-08,2025-01-09,MAT100082,WH02,IT,127,95,On Time,No,No,No,1
DLV800000525,2026-03-17,2026-03-17,MAT100092,WH03,DK,43,43,On Time,Yes,Yes,Yes,0
DLV800000526,2026-01-03,2026-01-03,MAT100091,WH02,IT,83,83,On Time,Yes,Yes,Yes,0
DLV800000527,2025-05-09,2025-05-09,MAT100111,WH03,IT,79,79,On Time,Yes,Yes,Yes,0
DLV800000528,2025-06-12,2025-06-12,MAT100069,WH01,ES,3,3,On Time,Yes,Yes,Yes,0
DLV800000529,2025-11-04,2025-11-05,MAT100033,WH01,US,49,49,On Time,No,Yes,No,1
DLV800000530,2025-03-31,2025-03-31,MAT100078,WH03,NO,153,152,On Time,Yes,No,No,0
DLV800000531,2026-02-13,2026-02-13,MAT100047,WH02,FR,14,14,On Time,Yes,Yes,Yes,0
DLV800000532,2025-08-26,2025-08-26,MAT100048,WH01,DE,148,148,On Time,Yes,Yes,Yes,0
DLV800000533,2025-04-06,2025-04-10,MAT100089,WH01,NO,98,98,Delayed,No,Yes,No,4
DLV800000534,2025-11-25,2025-11-25,MAT100107,WH01,FR,176,176,On Time,Yes,Yes,Yes,0
DLV800000535,2025-12-29,2025-12-29,MAT100026,WH02,DE,59,59,On Time,Yes,Yes,Yes,0
DLV800000536,2025-07-30,2025-07-30,MAT100102,WH03,NO,4,4,On Time,Yes,Yes,Yes,0
DLV800000537,2025-04-12,2025-04-12,MAT100026,WH02,DE,30,30,On Time,Yes,Yes,Yes,0
DLV800000538,2026-03-07,2026-03-07,MAT100024,WH03,IT,65,65,On Time,Yes,Yes,Yes,0
DLV800000539,2025-12-15,2025-12-16,MAT100107,WH02,SE,6,6,On Time,No,Yes,No,1
DLV800000540,2025-02-12,2025-02-12,MAT100099,WH02,NO,114,114,On Time,Yes,Yes,Yes,0
DLV800000541,2025-07-21,2025-07-21,MAT100002,WH01,NL,115,115,On Time,Yes,Yes,Yes,0
DLV800000542,2025-05-21,2025-05-21,MAT100023,WH01,CN,72,72,On Time,Yes,Yes,Yes,0
DLV800000543,2025-01-04,2025-01-04,MAT100062,WH03,US,161,161,On Time,Yes,Yes,Yes,0
DLV800000544,2025-01-17,2025-01-17,MAT100034,WH03,DE,123,123,On Time,Yes,Yes,Yes,0
DLV800000545,2025-10-28,2025-10-28,MAT100007,WH02,US,71,71,On Time,Yes,Yes,Yes,0
DLV800000546,2025-09-20,2025-09-20,MAT100097,WH01,US,174,174,On Time,Yes,Yes,Yes,0
DLV800000547,2025-03-31,2025-03-31,MAT100061,WH03,SE,16,16,On Time,Yes,Yes,Yes,0
DLV800000548,2026-04-11,2026-04-11,MAT100097,WH02,IT,61,61,On Time,Yes,Yes,Yes,0
DLV800000549,2026-03-12,2026-03-12,MAT100083,WH02,DK,7,7,On Time,Yes,Yes,Yes,0
DLV800000550,2025-05-04,2025-05-07,MAT100114,WH02,PL,47,47,Delayed,No,Yes,No,3
DLV800000551,2026-04-08,2026-04-09,MAT100098,WH02,ES,85,85,On Time,No,Yes,No,1
DLV800000552,2025-07-29,2025-07-29,MAT100080,WH03,FR,179,179,On Time,Yes,Yes,Yes,0
DLV800000553,2025-11-06,2025-11-06,MAT100034,WH03,NL,178,178,On Time,Yes,Yes,Yes,0
DLV800000554,2026-03-30,2026-03-30,MAT100098,WH01,SE,48,48,On Time,Yes,Yes,Yes,0
DLV800000555,2025-07-01,2025-07-01,MAT100105,WH03,US,173,173,On Time,Yes,Yes,Yes,0
DLV800000556,2025-07-28,2025-07-29,MAT100106,WH02,PL,2,2,On Time,No,Yes,No,1
DLV800000557,2025-08-29,2025-08-29,MAT100082,WH03,NO,84,84,On Time,Yes,Yes,Yes,0
DLV800000558,2026-01-25,2026-01-25,MAT100001,WH02,NL,138,138,On Time,Yes,Yes,Yes,0
DLV800000559,2026-06-09,2026-06-09,MAT100101,WH03,DE,14,14,On Time,Yes,Yes,Yes,0
DLV800000560,2026-05-30,2026-05-31,MAT100029,WH03,IT,165,165,On Time,No,Yes,No,1
DLV800000561,2025-09-16,2025-09-19,MAT100043,WH01,FI,168,168,Delayed,No,Yes,No,3
DLV800000562,2025-06-09,2025-06-09,MAT100027,WH01,FI,115,115,On Time,Yes,Yes,Yes,0
DLV800000563,2025-06-03,2025-06-04,MAT100112,WH02,SE,141,141,On Time,No,Yes,No,1
DLV800000564,2025-01-20,2025-01-20,MAT100083,WH02,NL,145,145,On Time,Yes,Yes,Yes,0
DLV800000565,2025-04-26,2025-05-03,MAT100061,WH02,FI,29,29,Delayed,No,Yes,No,7
DLV800000566,2025-05-03,2025-05-03,MAT100116,WH02,NO,108,108,On Time,Yes,Yes,Yes,0
DLV800000567,2025-07-08,2025-07-09,MAT100002,WH03,ES,2,2,On Time,No,Yes,No,1
DLV800000568,2026-01-18,2026-01-18,MAT100119,WH01,NO,150,150,On Time,Yes,Yes,Yes,0
DLV800000569,2025-09-30,2025-09-30,MAT100084,WH02,DK,64,64,On Time,Yes,Yes,Yes,0
DLV800000570,2025-05-17,2025-05-17,MAT100055,WH02,DE,57,57,On Time,Yes,Yes,Yes,0
DLV800000571,2025-10-13,2025-10-20,MAT100113,WH03,FR,180,180,Delayed,No,Yes,No,7
DLV800000572,2025-09-12,2025-09-13,MAT100026,WH01,ES,106,106,On Time,No,Yes,No,1
DLV800000573,2025-03-17,2025-03-17,MAT100117,WH03,FR,146,146,On Time,Yes,Yes,Yes,0
DLV800000574,2026-02-01,2026-02-02,MAT100002,WH02,DE,145,145,On Time,No,Yes,No,1
DLV800000575,2025-12-20,2025-12-20,MAT100078,WH03,ES,151,151,On Time,Yes,Yes,Yes,0
DLV800000576,2026-02-14,2026-02-15,MAT100048,WH02,IT,116,116,On Time,No,Yes,No,1
DLV800000577,2025-09-15,2025-09-15,MAT100068,WH03,NO,84,84,On Time,Yes,Yes,Yes,0
DLV800000578,2025-01-05,2025-01-05,MAT100090,WH02,NO,168,168,On Time,Yes,Yes,Yes,0
DLV800000579,2025-11-09,2025-11-09,MAT100039,WH01,ES,145,145,On Time,Yes,Yes,Yes,0
DLV800000580,2026-04-27,2026-04-28,MAT100086,WH02,NL,165,165,On Time,No,Yes,No,1
DLV800000581,2025-01-12,2025-01-12,MAT100030,WH02,CN,15,15,On Time,Yes,Yes,Yes,0
DLV800000582,2025-04-15,2025-04-22,MAT100073,WH03,PL,33,33,Delayed,No,Yes,No,7
DLV800000583,2025-01-05,2025-01-05,MAT100001,WH02,NL,63,63,On Time,Yes,Yes,Yes,0
DLV800000584,2025-06-06,2025-06-06,MAT100040,WH02,PL,80,80,On Time,Yes,Yes,Yes,0
DLV800000585,2025-11-20,2025-11-20,MAT100026,WH03,SE,128,128,On Time,Yes,Yes,Yes,0
DLV800000586,2025-07-03,2025-07-03,MAT100075,WH03,FI,160,160,On Time,Yes,Yes,Yes,0
DLV800000587,2026-04-16,2026-04-16,MAT100040,WH02,IT,76,76,On Time,Yes,Yes,Yes,0
DLV800000588,2026-05-21,2026-05-22,MAT100041,WH01,ES,33,33,On Time,No,Yes,No,1
DLV800000589,2025-03-15,2025-03-15,MAT100031,WH03,FR,23,23,On Time,Yes,Yes,Yes,0
DLV800000590,2025-09-19,2025-09-19,MAT100066,WH01,DE,143,143,On Time,Yes,Yes,Yes,0
DLV800000591,2026-04-08,2026-04-09,MAT100078,WH03,CN,172,172,On Time,No,Yes,No,1
DLV800000592,2025-01-12,2025-01-12,MAT100040,WH01,FR,80,80,On Time,Yes,Yes,Yes,0
DLV800000593,2025-01-25,2025-01-26,MAT100095,WH03,DK,42,42,On Time,No,Yes,No,1
DLV800000594,2025-10-13,2025-10-13,MAT100021,WH03,IT,39,39,On Time,Yes,Yes,Yes,0
DLV800000595,2025-07-31,2025-07-31,MAT100008,WH01,DE,107,107,On Time,Yes,Yes,Yes,0
DLV800000596,2026-03-19,2026-03-20,MAT100006,WH03,FI,11,11,On Time,No,Yes,No,1
DLV800000597,2025-03-22,2025-03-22,MAT100013,WH02,IT,100,100,On Time,Yes,Yes,Yes,0
DLV800000598,2025-09-04,2025-09-04,MAT100005,WH02,NL,153,153,On Time,Yes,Yes,Yes,0
DLV800000599,2025-08-20,2025-08-20,MAT100035,WH02,NO,122,122,On Time,Yes,Yes,Yes,0
DLV800000600,2025-05-21,2025-05-21,MAT100010,WH03,CN,75,75,On Time,Yes,Yes,Yes,0
DLV800000601,2026-02-22,2026-02-25,MAT100098,WH03,PL,64,64,Delayed,No,Yes,No,3
DLV800000602,2025-03-17,2025-03-17,MAT100072,WH02,FI,96,96,On Time,Yes,Yes,Yes,0
DLV800000603,2025-02-23,2025-02-24,MAT100107,WH01,FI,102,102,On Time,No,Yes,No,1
DLV800000604,2026-03-16,2026-03-16,MAT100076,WH01,US,3,3,On Time,Yes,Yes,Yes,0
DLV800000605,2025-05-27,2025-05-27,MAT100026,WH02,CN,87,87,On Time,Yes,Yes,Yes,0
DLV800000606,2025-07-11,2025-07-12,MAT100060,WH02,NL,12,12,On Time,No,Yes,No,1
DLV800000607,2025-10-07,2025-10-08,MAT100072,WH03,US,82,82,Delayed,No,Yes,No,1
DLV800000608,2025-01-17,2025-01-18,MAT100068,WH01,IT,90,90,On Time,No,Yes,No,1
DLV800000609,2026-02-20,2026-02-20,MAT100079,WH02,DE,39,39,On Time,Yes,Yes,Yes,0
DLV800000610,2026-03-07,2026-03-08,MAT100038,WH02,DK,8,8,On Time,No,Yes,No,1
DLV800000611,2025-07-21,2025-07-21,MAT100004,WH01,PL,94,94,On Time,Yes,Yes,Yes,0
DLV800000612,2025-04-03,2025-04-03,MAT100045,WH03,FI,81,81,On Time,Yes,Yes,Yes,0
DLV800000613,2025-03-18,2025-03-18,MAT100034,WH01,NO,79,79,On Time,Yes,Yes,Yes,0
DLV800000614,2025-11-24,2025-11-24,MAT100120,WH03,CN,118,118,On Time,Yes,Yes,Yes,0
DLV800000615,2025-11-04,2025-11-05,MAT100016,WH03,ES,85,85,On Time,No,Yes,No,1
DLV800000616,2026-04-17,2026-04-17,MAT100007,WH01,FR,96,96,On Time,Yes,Yes,Yes,0
DLV800000617,2025-09-08,2025-09-08,MAT100004,WH03,FR,145,145,On Time,Yes,Yes,Yes,0
DLV800000618,2025-05-17,2025-05-18,MAT100024,WH03,NO,75,75,On Time,No,Yes,No,1
DLV800000619,2026-04-17,2026-04-17,MAT100061,WH01,NO,67,67,On Time,Yes,Yes,Yes,0
DLV800000620,2025-02-17,2025-02-17,MAT100033,WH03,IT,6,6,On Time,Yes,Yes,Yes,0
DLV800000621,2025-10-28,2025-10-28,MAT100078,WH03,DK,127,127,On Time,Yes,Yes,Yes,0
DLV800000622,2025-11-25,2025-11-25,MAT100115,WH02,US,177,177,On Time,Yes,Yes,Yes,0
DLV800000623,2025-08-15,2025-08-16,MAT100028,WH03,ES,73,73,On Time,No,Yes,No,1
DLV800000624,2026-05-20,2026-05-20,MAT100054,WH03,PL,53,53,On Time,Yes,Yes,Yes,0
DLV800000625,2025-01-29,2025-01-29,MAT100103,WH01,PL,14,14,On Time,Yes,Yes,Yes,0
DLV800000626,2025-03-28,2025-03-28,MAT100064,WH02,DE,14,14,On Time,Yes,Yes,Yes,0
DLV800000627,2026-03-07,2026-03-07,MAT100002,WH01,NL,111,111,On Time,Yes,Yes,Yes,0
DLV800000628,2026-02-18,2026-02-20,MAT100035,WH02,US,73,73,Delayed,No,Yes,No,2
DLV800000629,2026-05-12,2026-05-12,MAT100033,WH03,IT,154,154,On Time,Yes,Yes,Yes,0
DLV800000630,2025-01-15,2025-01-15,MAT100100,WH02,CN,37,37,On Time,Yes,Yes,Yes,0
DLV800000631,2025-04-14,2025-04-14,MAT100014,WH02,ES,170,170,On Time,Yes,Yes,Yes,0
DLV800000632,2025-03-16,2025-03-17,MAT100113,WH01,DE,179,179,On Time,No,Yes,No,1
DLV800000633,2025-11-04,2025-11-04,MAT100060,WH03,ES,88,88,On Time,Yes,Yes,Yes,0
DLV800000634,2025-05-12,2025-05-13,MAT100070,WH02,IT,15,15,On Time,No,Yes,No,1
DLV800000635,2025-09-19,2025-09-20,MAT100074,WH03,SE,79,79,On Time,No,Yes,No,1
DLV800000636,2026-03-31,2026-04-01,MAT100070,WH01,FI,50,50,On Time,No,Yes,No,1
DLV800000637,2025-05-03,2025-05-03,MAT100054,WH01,FR,147,147,On Time,Yes,Yes,Yes,0
DLV800000638,2025-11-23,2025-11-24,MAT100086,WH03,SE,72,72,On Time,No,Yes,No,1
DLV800000639,2025-06-26,2025-06-26,MAT100068,WH02,NL,2,1,On Time,Yes,No,No,0
DLV800000640,2025-02-28,2025-03-01,MAT100014,WH01,IT,91,91,On Time,No,Yes,No,1
DLV800000641,2025-01-06,2025-01-06,MAT100117,WH03,SE,52,52,On Time,Yes,Yes,Yes,0
DLV800000642,2025-03-07,2025-03-07,MAT100113,WH03,NL,105,105,On Time,Yes,Yes,Yes,0
DLV800000643,2025-02-16,2025-02-16,MAT100100,WH02,DK,8,8,On Time,Yes,Yes,Yes,0
DLV800000644,2026-03-20,2026-03-21,MAT100109,WH03,US,153,153,On Time,No,Yes,No,1
DLV800000645,2026-01-07,2026-01-07,MAT100006,WH02,NO,77,77,On Time,Yes,Yes,Yes,0
DLV800000646,2026-06-06,2026-06-07,MAT100029,WH03,PL,164,164,On Time,No,Yes,No,1
DLV800000647,2026-03-19,2026-03-19,MAT100112,WH01,US,70,70,On Time,Yes,Yes,Yes,0
DLV800000648,2025-10-15,2025-10-15,MAT100040,WH01,NL,120,120,On Time,Yes,Yes,Yes,0
DLV800000649,2026-03-24,2026-03-24,MAT100009,WH03,US,30,30,On Time,Yes,Yes,Yes,0
DLV800000650,2026-05-28,2026-05-28,MAT100083,WH03,US,156,156,On Time,Yes,Yes,Yes,0
DLV800000651,2025-06-12,2025-06-12,MAT100055,WH01,DE,44,44,On Time,Yes,Yes,Yes,0
DLV800000652,2026-03-07,2026-03-07,MAT100057,WH01,CN,26,26,On Time,Yes,Yes,Yes,0
DLV800000653,2025-03-30,2025-03-30,MAT100020,WH02,ES,120,120,On Time,Yes,Yes,Yes,0
DLV800000654,2025-01-24,2025-01-24,MAT100019,WH01,NL,35,35,On Time,Yes,Yes,Yes,0
DLV800000655,2025-06-25,2025-06-25,MAT100102,WH02,ES,10,10,On Time,Yes,Yes,Yes,0
DLV800000656,2025-10-15,2025-10-21,MAT100102,WH02,IT,67,67,Delayed,No,Yes,No,6
DLV800000657,2025-02-10,2025-02-11,MAT100009,WH02,DK,132,94,On Time,No,No,No,1
DLV800000658,2025-08-04,2025-08-05,MAT100003,WH01,NL,106,106,On Time,No,Yes,No,1
DLV800000659,2026-02-13,2026-02-13,MAT100095,WH01,PL,162,162,On Time,Yes,Yes,Yes,0
DLV800000660,2026-06-20,2026-06-20,MAT100105,WH01,SE,131,131,On Time,Yes,Yes,Yes,0
DLV800000661,2025-02-18,2025-02-18,MAT100076,WH03,PL,124,124,On Time,Yes,Yes,Yes,0
DLV800000662,2026-06-08,2026-06-09,MAT100041,WH01,DK,12,12,On Time,No,Yes,No,1
DLV800000663,2025-07-15,2025-07-16,MAT100057,WH01,PL,4,4,On Time,No,Yes,No,1
DLV800000664,2025-12-04,2025-12-04,MAT100005,WH02,US,113,113,On Time,Yes,Yes,Yes,0
DLV800000665,2025-10-14,2025-10-14,MAT100014,WH01,FR,131,131,On Time,Yes,Yes,Yes,0
DLV800000666,2025-08-21,2025-08-21,MAT100057,WH01,FI,103,103,On Time,Yes,Yes,Yes,0
DLV800000667,2026-03-25,2026-03-25,MAT100039,WH03,IT,37,37,On Time,Yes,Yes,Yes,0
DLV800000668,2025-10-28,2025-11-01,MAT100055,WH02,PL,109,109,Delayed,No,Yes,No,4
DLV800000669,2026-05-26,2026-05-26,MAT100064,WH02,NO,91,91,On Time,Yes,Yes,Yes,0
DLV800000670,2025-08-28,2025-08-28,MAT100107,WH01,CN,10,10,On Time,Yes,Yes,Yes,0
DLV800000671,2025-08-21,2025-08-21,MAT100095,WH02,DE,97,97,On Time,Yes,Yes,Yes,0
DLV800000672,2026-02-03,2026-02-07,MAT100050,WH02,IT,77,77,Delayed,No,Yes,No,4
DLV800000673,2025-03-26,2025-03-26,MAT100044,WH01,NL,109,108,On Time,Yes,No,No,0
DLV800000674,2025-03-15,2025-03-15,MAT100039,WH02,US,59,59,On Time,Yes,Yes,Yes,0
DLV800000675,2025-07-28,2025-07-28,MAT100017,WH03,CN,7,7,On Time,Yes,Yes,Yes,0
DLV800000676,2025-01-30,2025-01-30,MAT100083,WH03,DE,8,8,On Time,Yes,Yes,Yes,0
DLV800000677,2026-04-16,2026-04-17,MAT100010,WH01,DK,107,107,On Time,No,Yes,No,1
DLV800000678,2025-02-02,2025-02-02,MAT100029,WH02,PL,35,35,On Time,Yes,Yes,Yes,0
DLV800000679,2025-08-15,2025-08-15,MAT100058,WH03,DK,25,25,On Time,Yes,Yes,Yes,0
DLV800000680,2025-01-28,2025-01-28,MAT100109,WH02,PL,90,80,On Time,Yes,No,No,0
DLV800000681,2026-01-28,2026-01-28,MAT100073,WH03,PL,98,98,On Time,Yes,Yes,Yes,0
DLV800000682,2025-12-09,2025-12-09,MAT100088,WH02,US,164,164,On Time,Yes,Yes,Yes,0
DLV800000683,2025-11-28,2025-12-04,MAT100027,WH02,DE,88,64,Delayed,No,No,No,6
DLV800000684,2025-07-04,2025-07-08,MAT100097,WH01,DE,147,116,Delayed,No,No,No,4
DLV800000685,2025-03-27,2025-03-27,MAT100020,WH02,DE,149,149,On Time,Yes,Yes,Yes,0
DLV800000686,2025-11-21,2025-11-21,MAT100037,WH01,FR,75,64,On Time,Yes,No,No,0
DLV800000687,2026-01-18,2026-01-18,MAT100032,WH01,IT,179,179,On Time,Yes,Yes,Yes,0
DLV800000688,2025-09-14,2025-09-15,MAT100103,WH01,NL,44,44,On Time,No,Yes,No,1
DLV800000689,2026-02-20,2026-02-20,MAT100059,WH01,SE,33,33,On Time,Yes,Yes,Yes,0
DLV800000690,2025-07-22,2025-07-24,MAT100023,WH03,NO,96,96,Delayed,No,Yes,No,2
DLV800000691,2026-05-30,2026-05-30,MAT100118,WH01,NO,179,158,On Time,Yes,No,No,0
DLV800000692,2025-01-28,2025-01-28,MAT100033,WH02,SE,27,27,On Time,Yes,Yes,Yes,0
DLV800000693,2025-07-30,2025-07-30,MAT100005,WH02,PL,35,35,On Time,Yes,Yes,Yes,0
DLV800000694,2026-01-22,2026-01-22,MAT100097,WH01,US,170,170,On Time,Yes,Yes,Yes,0
DLV800000695,2025-08-03,2025-08-03,MAT100047,WH01,DK,59,59,On Time,Yes,Yes,Yes,0
DLV800000696,2025-09-18,2025-09-19,MAT100017,WH01,DK,174,174,On Time,No,Yes,No,1
DLV800000697,2026-03-15,2026-03-16,MAT100023,WH03,DE,110,110,On Time,No,Yes,No,1
DLV800000698,2026-04-30,2026-04-30,MAT100107,WH01,DK,46,46,On Time,Yes,Yes,Yes,0
DLV800000699,2026-02-18,2026-02-18,MAT100115,WH02,CN,69,69,On Time,Yes,Yes,Yes,0
DLV800000700,2026-03-03,2026-03-03,MAT100048,WH01,US,122,122,On Time,Yes,Yes,Yes,0
DLV800000701,2025-10-05,2025-10-05,MAT100027,WH03,NO,171,171,On Time,Yes,Yes,Yes,0
DLV800000702,2025-06-07,2025-06-08,MAT100020,WH02,NO,127,127,On Time,No,Yes,No,1
DLV800000703,2025-08-18,2025-08-18,MAT100065,WH03,FR,106,106,On Time,Yes,Yes,Yes,0
DLV800000704,2025-05-31,2025-05-31,MAT100114,WH03,SE,158,158,On Time,Yes,Yes,Yes,0
DLV800000705,2026-06-12,2026-06-12,MAT100064,WH01,DK,8,8,On Time,Yes,Yes,Yes,0
DLV800000706,2025-01-05,2025-01-06,MAT100116,WH03,FR,124,124,On Time,No,Yes,No,1
DLV800000707,2025-05-06,2025-05-06,MAT100101,WH02,DE,152,152,On Time,Yes,Yes,Yes,0
DLV800000708,2025-06-18,2025-06-18,MAT100027,WH01,DE,89,89,On Time,Yes,Yes,Yes,0
DLV800000709,2026-02-09,2026-02-09,MAT100083,WH02,ES,171,171,On Time,Yes,Yes,Yes,0
DLV800000710,2026-02-24,2026-02-25,MAT100071,WH01,DE,106,106,Delayed,No,Yes,No,1
DLV800000711,2026-02-03,2026-02-03,MAT100092,WH01,SE,30,30,On Time,Yes,Yes,Yes,0
DLV800000712,2025-03-25,2025-03-25,MAT100118,WH03,ES,70,70,On Time,Yes,Yes,Yes,0
DLV800000713,2025-04-13,2025-04-13,MAT100010,WH02,US,23,23,On Time,Yes,Yes,Yes,0
DLV800000714,2025-01-11,2025-01-11,MAT100084,WH01,DE,7,5,On Time,Yes,No,No,0
DLV800000715,2025-05-02,2025-05-03,MAT100078,WH01,IT,19,19,Delayed,No,Yes,No,1
DLV800000716,2025-12-04,2025-12-04,MAT100026,WH01,DK,16,16,On Time,Yes,Yes,Yes,0
DLV800000717,2025-04-13,2025-04-20,MAT100101,WH02,US,16,16,Delayed,No,Yes,No,7
DLV800000718,2025-05-19,2025-05-19,MAT100039,WH02,FR,5,5,On Time,Yes,Yes,Yes,0
DLV800000719,2025-05-03,2025-05-04,MAT100018,WH02,IT,162,162,On Time,No,Yes,No,1
DLV800000720,2026-06-07,2026-06-07,MAT100010,WH01,DK,110,110,On Time,Yes,Yes,Yes,0
DLV800000721,2025-04-24,2025-04-24,MAT100020,WH01,US,44,44,On Time,Yes,Yes,Yes,0
DLV800000722,2025-08-12,2025-08-13,MAT100009,WH02,DK,170,170,On Time,No,Yes,No,1
DLV800000723,2026-05-24,2026-05-24,MAT100037,WH02,NL,36,36,On Time,Yes,Yes,Yes,0
DLV800000724,2026-01-03,2026-01-03,MAT100077,WH01,ES,130,130,On Time,Yes,Yes,Yes,0
DLV800000725,2025-12-23,2025-12-23,MAT100019,WH01,US,130,130,On Time,Yes,Yes,Yes,0
DLV800000726,2026-01-06,2026-01-06,MAT100061,WH01,PL,98,98,On Time,Yes,Yes,Yes,0
DLV800000727,2025-08-16,2025-08-23,MAT100054,WH01,US,131,131,Delayed,No,Yes,No,7
DLV800000728,2025-04-16,2025-04-17,MAT100008,WH03,IT,105,105,On Time,No,Yes,No,1
DLV800000729,2025-01-08,2025-01-08,MAT100016,WH02,FR,129,129,On Time,Yes,Yes,Yes,0
DLV800000730,2025-06-08,2025-06-08,MAT100020,WH03,NO,121,121,On Time,Yes,Yes,Yes,0
DLV800000731,2025-10-07,2025-10-07,MAT100015,WH01,ES,116,116,On Time,Yes,Yes,Yes,0
DLV800000732,2025-12-22,2025-12-22,MAT100100,WH02,CN,50,50,On Time,Yes,Yes,Yes,0
DLV800000733,2025-01-08,2025-01-08,MAT100006,WH03,ES,126,126,On Time,Yes,Yes,Yes,0
DLV800000734,2025-01-25,2025-01-25,MAT100010,WH03,IT,85,85,On Time,Yes,Yes,Yes,0
DLV800000735,2025-09-26,2025-09-27,MAT100114,WH03,IT,117,117,On Time,No,Yes,No,1
DLV800000736,2025-08-16,2025-08-16,MAT100060,WH03,IT,173,173,On Time,Yes,Yes,Yes,0
DLV800000737,2026-04-01,2026-04-05,MAT100002,WH02,NO,104,104,Delayed,No,Yes,No,4
DLV800000738,2025-11-10,2025-11-10,MAT100095,WH01,NL,48,48,On Time,Yes,Yes,Yes,0
DLV800000739,2026-01-03,2026-01-04,MAT100094,WH01,US,4,4,On Time,No,Yes,No,1
DLV800000740,2025-02-14,2025-02-14,MAT100119,WH01,FR,114,114,On Time,Yes,Yes,Yes,0
DLV800000741,2025-08-14,2025-08-14,MAT100079,WH03,IT,123,123,On Time,Yes,Yes,Yes,0
DLV800000742,2026-04-16,2026-04-16,MAT100104,WH01,PL,83,83,On Time,Yes,Yes,Yes,0
DLV800000743,2025-11-05,2025-11-05,MAT100091,WH01,NO,71,71,On Time,Yes,Yes,Yes,0
DLV800000744,2026-02-12,2026-02-12,MAT100109,WH03,NL,81,81,On Time,Yes,Yes,Yes,0
DLV800000745,2025-10-12,2025-10-12,MAT100028,WH01,ES,62,62,On Time,Yes,Yes,Yes,0
DLV800000746,2025-08-16,2025-08-16,MAT100006,WH02,NL,135,135,On Time,Yes,Yes,Yes,0
DLV800000747,2025-04-03,2025-04-04,MAT100077,WH01,PL,76,76,On Time,No,Yes,No,1
DLV800000748,2026-01-03,2026-01-04,MAT100061,WH01,FR,98,98,On Time,No,Yes,No,1
DLV800000749,2025-08-25,2025-08-25,MAT100106,WH02,FI,78,78,On Time,Yes,Yes,Yes,0
DLV800000750,2025-02-19,2025-02-19,MAT100029,WH02,PL,55,55,On Time,Yes,Yes,Yes,0
DLV800000751,2025-12-16,2025-12-16,MAT100049,WH03,FI,48,48,On Time,Yes,Yes,Yes,0
DLV800000752,2026-01-13,2026-01-18,MAT100075,WH03,FR,1,1,Delayed,No,Yes,No,5
DLV800000753,2025-08-28,2025-09-05,MAT100069,WH01,NL,120,120,Delayed,No,Yes,No,8
DLV800000754,2026-03-31,2026-03-31,MAT100097,WH02,FR,158,158,On Time,Yes,Yes,Yes,0
DLV800000755,2026-03-15,2026-03-15,MAT100085,WH02,SE,15,15,On Time,Yes,Yes,Yes,0
DLV800000756,2025-11-25,2025-11-26,MAT100093,WH03,FI,170,170,On Time,No,Yes,No,1
DLV800000757,2026-03-29,2026-03-30,MAT100043,WH01,SE,162,162,On Time,No,Yes,No,1
DLV800000758,2025-03-15,2025-03-15,MAT100054,WH01,IT,166,166,On Time,Yes,Yes,Yes,0
DLV800000759,2025-02-11,2025-02-11,MAT100099,WH01,NO,117,117,On Time,Yes,Yes,Yes,0
DLV800000760,2025-03-16,2025-03-17,MAT100081,WH03,CN,89,89,On Time,No,Yes,No,1
DLV800000761,2025-07-26,2025-07-26,MAT100118,WH03,FR,88,88,On Time,Yes,Yes,Yes,0
DLV800000762,2025-12-28,2025-12-29,MAT100057,WH01,DE,75,75,On Time,No,Yes,No,1
DLV800000763,2025-11-20,2025-11-20,MAT100047,WH03,FR,126,126,On Time,Yes,Yes,Yes,0
DLV800000764,2026-03-28,2026-03-29,MAT100105,WH03,FR,41,41,On Time,No,Yes,No,1
DLV800000765,2025-11-19,2025-11-22,MAT100050,WH03,DE,146,146,Delayed,No,Yes,No,3
DLV800000766,2025-05-10,2025-05-11,MAT100030,WH03,US,46,46,On Time,No,Yes,No,1
DLV800000767,2025-10-03,2025-10-03,MAT100101,WH03,DK,78,78,On Time,Yes,Yes,Yes,0
DLV800000768,2026-04-18,2026-04-19,MAT100064,WH03,DK,74,74,Delayed,No,Yes,No,1
DLV800000769,2025-02-23,2025-02-23,MAT100018,WH01,SE,167,167,On Time,Yes,Yes,Yes,0
DLV800000770,2025-06-09,2025-06-14,MAT100063,WH02,NO,82,69,Delayed,No,No,No,5
DLV800000771,2025-08-13,2025-08-14,MAT100018,WH01,PL,52,49,On Time,No,No,No,1
DLV800000772,2025-10-02,2025-10-02,MAT100097,WH01,CN,140,140,On Time,Yes,Yes,Yes,0
DLV800000773,2026-02-20,2026-02-20,MAT100002,WH02,FI,179,179,On Time,Yes,Yes,Yes,0
DLV800000774,2026-01-15,2026-01-15,MAT100019,WH02,PL,30,30,On Time,Yes,Yes,Yes,0
DLV800000775,2025-01-01,2025-01-01,MAT100061,WH02,SE,75,75,On Time,Yes,Yes,Yes,0
DLV800000776,2025-02-19,2025-02-20,MAT100009,WH01,CN,74,74,Delayed,No,Yes,No,1
DLV800000777,2025-12-15,2025-12-15,MAT100084,WH01,PL,49,49,On Time,Yes,Yes,Yes,0
DLV800000778,2025-02-21,2025-02-21,MAT100067,WH02,FR,27,27,On Time,Yes,Yes,Yes,0
DLV800000779,2025-02-08,2025-02-08,MAT100068,WH03,FR,104,104,On Time,Yes,Yes,Yes,0
DLV800000780,2025-04-20,2025-04-21,MAT100067,WH02,FR,109,109,On Time,No,Yes,No,1
DLV800000781,2026-06-18,2026-06-18,MAT100093,WH02,PL,106,103,On Time,Yes,No,No,0
DLV800000782,2026-01-01,2026-01-01,MAT100091,WH01,DK,109,109,On Time,Yes,Yes,Yes,0
DLV800000783,2026-06-06,2026-06-07,MAT100013,WH02,DK,103,103,On Time,No,Yes,No,1
DLV800000784,2025-10-02,2025-10-03,MAT100001,WH01,FI,155,155,On Time,No,Yes,No,1
DLV800000785,2026-01-29,2026-01-29,MAT100082,WH02,NO,66,66,On Time,Yes,Yes,Yes,0
DLV800000786,2026-06-15,2026-06-22,MAT100001,WH03,NO,28,28,Delayed,No,Yes,No,7
DLV800000787,2025-01-09,2025-01-09,MAT100109,WH01,FI,143,143,On Time,Yes,Yes,Yes,0
DLV800000788,2025-04-29,2025-05-04,MAT100089,WH03,FR,36,36,Delayed,No,Yes,No,5
DLV800000789,2025-03-26,2025-03-26,MAT100038,WH03,FI,72,72,On Time,Yes,Yes,Yes,0
DLV800000790,2026-05-11,2026-05-13,MAT100101,WH03,US,159,159,Delayed,No,Yes,No,2
DLV800000791,2026-01-09,2026-01-10,MAT100053,WH02,ES,104,104,On Time,No,Yes,No,1
DLV800000792,2025-08-29,2025-08-29,MAT100020,WH01,US,5,4,On Time,Yes,No,No,0
DLV800000793,2026-01-09,2026-01-09,MAT100108,WH01,US,178,178,On Time,Yes,Yes,Yes,0
DLV800000794,2026-01-06,2026-01-06,MAT100043,WH02,ES,108,100,On Time,Yes,No,No,0
DLV800000795,2025-04-09,2025-04-09,MAT100005,WH01,NL,108,75,On Time,Yes,No,No,0
DLV800000796,2025-12-11,2025-12-11,MAT100065,WH03,US,57,57,On Time,Yes,Yes,Yes,0
DLV800000797,2026-02-17,2026-02-17,MAT100115,WH03,ES,99,99,On Time,Yes,Yes,Yes,0
DLV800000798,2025-09-03,2025-09-03,MAT100064,WH03,US,24,24,On Time,Yes,Yes,Yes,0
DLV800000799,2025-12-08,2025-12-08,MAT100038,WH01,NO,128,128,On Time,Yes,Yes,Yes,0
DLV800000800,2026-02-05,2026-02-06,MAT100076,WH01,CN,5,5,On Time,No,Yes,No,1
DLV800000801,2025-04-28,2025-05-02,MAT100090,WH03,DK,15,15,Delayed,No,Yes,No,4
DLV800000802,2025-07-25,2025-07-25,MAT100076,WH01,US,15,15,On Time,Yes,Yes,Yes,0
DLV800000803,2025-01-04,2025-01-05,MAT100030,WH02,IT,45,45,Delayed,No,Yes,No,1
DLV800000804,2025-02-21,2025-02-21,MAT100082,WH02,ES,68,68,On Time,Yes,Yes,Yes,0
DLV800000805,2025-01-26,2025-01-26,MAT100087,WH03,PL,36,36,On Time,Yes,Yes,Yes,0
DLV800000806,2025-09-20,2025-09-20,MAT100107,WH01,ES,57,57,On Time,Yes,Yes,Yes,0
DLV800000807,2026-03-20,2026-03-28,MAT100018,WH01,DK,159,159,Delayed,No,Yes,No,8
DLV800000808,2026-03-09,2026-03-10,MAT100097,WH03,CN,92,92,On Time,No,Yes,No,1
DLV800000809,2025-04-11,2025-04-12,MAT100070,WH01,PL,33,33,On Time,No,Yes,No,1
DLV800000810,2026-02-11,2026-02-12,MAT100024,WH02,US,45,45,On Time,No,Yes,No,1
DLV800000811,2025-07-19,2025-07-19,MAT100042,WH01,CN,102,102,On Time,Yes,Yes,Yes,0
DLV800000812,2025-09-05,2025-09-05,MAT100080,WH02,CN,35,35,On Time,Yes,Yes,Yes,0
DLV800000813,2025-01-26,2025-02-01,MAT100119,WH01,ES,137,135,Delayed,No,No,No,6
DLV800000814,2026-02-01,2026-02-01,MAT100076,WH02,FR,147,138,On Time,Yes,No,No,0
DLV800000815,2025-04-27,2025-04-27,MAT100047,WH01,IT,15,15,On Time,Yes,Yes,Yes,0
DLV800000816,2025-07-05,2025-07-13,MAT100007,WH03,DE,90,90,Delayed,No,Yes,No,8
DLV800000817,2025-06-03,2025-06-03,MAT100107,WH03,DK,165,165,On Time,Yes,Yes,Yes,0
DLV800000818,2025-12-19,2025-12-22,MAT100053,WH03,ES,59,59,Delayed,No,Yes,No,3
DLV800000819,2025-01-14,2025-01-14,MAT100101,WH01,PL,35,35,On Time,Yes,Yes,Yes,0
DLV800000820,2026-04-26,2026-05-02,MAT100089,WH01,DE,127,127,Delayed,No,Yes,No,6
DLV800000821,2026-05-23,2026-05-24,MAT100101,WH01,US,139,139,On Time,No,Yes,No,1
DLV800000822,2025-03-09,2025-03-10,MAT100085,WH02,DK,141,141,On Time,No,Yes,No,1
DLV800000823,2025-10-31,2025-10-31,MAT100046,WH03,DK,170,170,On Time,Yes,Yes,Yes,0
DLV800000824,2026-02-06,2026-02-06,MAT100104,WH02,PL,40,29,On Time,Yes,No,No,0
DLV800000825,2026-02-23,2026-02-23,MAT100094,WH02,FI,77,77,On Time,Yes,Yes,Yes,0
DLV800000826,2025-11-09,2025-11-09,MAT100069,WH02,IT,9,9,On Time,Yes,Yes,Yes,0
DLV800000827,2025-06-26,2025-06-26,MAT100030,WH03,FI,179,179,On Time,Yes,Yes,Yes,0
DLV800000828,2025-12-20,2025-12-20,MAT100043,WH03,ES,17,17,On Time,Yes,Yes,Yes,0
DLV800000829,2025-12-18,2025-12-18,MAT100030,WH01,NO,80,80,On Time,Yes,Yes,Yes,0
DLV800000830,2026-05-19,2026-05-19,MAT100093,WH03,DE,49,49,On Time,Yes,Yes,Yes,0
DLV800000831,2025-06-20,2025-06-21,MAT100056,WH03,NL,68,68,On Time,No,Yes,No,1
DLV800000832,2026-05-23,2026-05-23,MAT100011,WH02,SE,90,90,On Time,Yes,Yes,Yes,0
DLV800000833,2025-11-28,2025-11-28,MAT100041,WH03,ES,89,89,On Time,Yes,Yes,Yes,0
DLV800000834,2025-04-21,2025-04-21,MAT100013,WH01,PL,114,114,On Time,Yes,Yes,Yes,0
DLV800000835,2025-06-20,2025-06-20,MAT100004,WH03,NL,45,45,On Time,Yes,Yes,Yes,0
DLV800000836,2025-01-15,2025-01-15,MAT100011,WH03,US,109,109,On Time,Yes,Yes,Yes,0
DLV800000837,2026-03-23,2026-03-28,MAT100093,WH03,DK,86,75,Delayed,No,No,No,5
DLV800000838,2025-04-13,2025-04-17,MAT100106,WH03,NO,72,72,Delayed,No,Yes,No,4
DLV800000839,2025-04-03,2025-04-03,MAT100105,WH01,FI,38,38,On Time,Yes,Yes,Yes,0
DLV800000840,2025-09-01,2025-09-01,MAT100048,WH02,NO,121,121,On Time,Yes,Yes,Yes,0
DLV800000841,2025-01-25,2025-01-25,MAT100091,WH01,SE,22,22,On Time,Yes,Yes,Yes,0
DLV800000842,2025-03-28,2025-03-28,MAT100062,WH02,ES,171,171,On Time,Yes,Yes,Yes,0
DLV800000843,2025-04-28,2025-04-29,MAT100117,WH02,NL,87,87,On Time,No,Yes,No,1
DLV800000844,2025-03-27,2025-03-28,MAT100020,WH01,PL,59,59,On Time,No,Yes,No,1
DLV800000845,2026-04-17,2026-04-17,MAT100073,WH03,SE,7,7,On Time,Yes,Yes,Yes,0
DLV800000846,2025-03-24,2025-03-24,MAT100007,WH01,FR,66,66,On Time,Yes,Yes,Yes,0
DLV800000847,2026-06-18,2026-06-18,MAT100040,WH03,US,55,55,On Time,Yes,Yes,Yes,0
DLV800000848,2026-02-11,2026-02-11,MAT100035,WH02,IT,70,63,On Time,Yes,No,No,0
DLV800000849,2025-05-30,2025-05-30,MAT100032,WH03,US,12,12,On Time,Yes,Yes,Yes,0
DLV800000850,2025-10-15,2025-10-15,MAT100013,WH01,NL,41,41,On Time,Yes,Yes,Yes,0
DLV800000851,2025-07-21,2025-07-22,MAT100100,WH03,NL,134,134,On Time,No,Yes,No,1
DLV800000852,2025-03-30,2025-04-06,MAT100066,WH03,FI,154,106,Delayed,No,No,No,7
DLV800000853,2025-12-29,2025-12-29,MAT100117,WH01,NO,13,13,On Time,Yes,Yes,Yes,0
DLV800000854,2025-01-29,2025-01-29,MAT100059,WH01,DE,27,27,On Time,Yes,Yes,Yes,0
DLV800000855,2025-11-08,2025-11-08,MAT100019,WH03,ES,108,108,On Time,Yes,Yes,Yes,0
DLV800000856,2026-05-26,2026-05-27,MAT100089,WH03,ES,176,176,On Time,No,Yes,No,1
DLV800000857,2026-02-15,2026-02-16,MAT100057,WH03,PL,98,98,On Time,No,Yes,No,1
DLV800000858,2026-05-05,2026-05-06,MAT100028,WH03,DK,43,43,Delayed,No,Yes,No,1
DLV800000859,2025-11-06,2025-11-07,MAT100027,WH03,DE,46,46,On Time,No,Yes,No,1
DLV800000860,2025-04-10,2025-04-10,MAT100066,WH01,SE,96,96,On Time,Yes,Yes,Yes,0
DLV800000861,2026-03-02,2026-03-02,MAT100069,WH03,IT,100,100,On Time,Yes,Yes,Yes,0
DLV800000862,2025-08-25,2025-08-25,MAT100118,WH03,FR,125,125,On Time,Yes,Yes,Yes,0
DLV800000863,2025-07-05,2025-07-05,MAT100062,WH01,CN,170,170,On Time,Yes,Yes,Yes,0
DLV800000864,2025-05-29,2025-05-30,MAT100021,WH02,FI,44,44,On Time,No,Yes,No,1
DLV800000865,2026-04-03,2026-04-04,MAT100062,WH02,FI,167,114,On Time,No,No,No,1
DLV800000866,2026-05-04,2026-05-05,MAT100041,WH01,CN,160,160,On Time,No,Yes,No,1
DLV800000867,2026-02-24,2026-03-02,MAT100071,WH03,SE,133,133,Delayed,No,Yes,No,6
DLV800000868,2025-08-05,2025-08-05,MAT100026,WH01,FI,25,25,On Time,Yes,Yes,Yes,0
DLV800000869,2025-07-02,2025-07-02,MAT100063,WH03,NL,156,156,On Time,Yes,Yes,Yes,0
DLV800000870,2025-06-20,2025-06-20,MAT100064,WH01,DK,165,165,On Time,Yes,Yes,Yes,0
DLV800000871,2025-08-16,2025-08-16,MAT100079,WH03,DK,62,62,On Time,Yes,Yes,Yes,0
DLV800000872,2025-02-27,2025-02-27,MAT100038,WH02,FI,154,154,On Time,Yes,Yes,Yes,0
DLV800000873,2025-08-29,2025-08-31,MAT100036,WH03,CN,40,40,Delayed,No,Yes,No,2
DLV800000874,2025-10-06,2025-10-06,MAT100113,WH01,NL,83,83,On Time,Yes,Yes,Yes,0
DLV800000875,2025-07-03,2025-07-03,MAT100005,WH01,DE,49,49,On Time,Yes,Yes,Yes,0
DLV800000876,2025-08-01,2025-08-01,MAT100028,WH01,DE,25,25,On Time,Yes,Yes,Yes,0
DLV800000877,2025-12-12,2025-12-13,MAT100047,WH03,FR,179,179,On Time,No,Yes,No,1
DLV800000878,2025-06-30,2025-06-30,MAT100098,WH01,CN,85,85,On Time,Yes,Yes,Yes,0
DLV800000879,2026-04-27,2026-05-05,MAT100018,WH01,DK,8,8,Delayed,No,Yes,No,8
DLV800000880,2025-06-25,2025-06-25,MAT100068,WH03,FI,25,25,On Time,Yes,Yes,Yes,0
DLV800000881,2025-08-29,2025-08-29,MAT100013,WH03,PL,25,25,On Time,Yes,Yes,Yes,0
DLV800000882,2025-10-05,2025-10-05,MAT100032,WH02,NO,41,41,On Time,Yes,Yes,Yes,0
DLV800000883,2026-06-12,2026-06-12,MAT100002,WH03,NL,107,107,On Time,Yes,Yes,Yes,0
DLV800000884,2025-03-08,2025-03-08,MAT100018,WH02,DE,80,80,On Time,Yes,Yes,Yes,0
DLV800000885,2025-07-03,2025-07-03,MAT100041,WH02,ES,7,7,On Time,Yes,Yes,Yes,0
DLV800000886,2025-06-28,2025-06-29,MAT100120,WH02,ES,111,111,On Time,No,Yes,No,1
DLV800000887,2026-01-28,2026-01-28,MAT100070,WH01,ES,17,17,On Time,Yes,Yes,Yes,0
DLV800000888,2025-11-09,2025-11-09,MAT100087,WH01,ES,76,62,On Time,Yes,No,No,0
DLV800000889,2025-08-24,2025-08-25,MAT100095,WH03,DK,95,95,On Time,No,Yes,No,1
DLV800000890,2026-01-06,2026-01-06,MAT100080,WH01,FI,144,144,On Time,Yes,Yes,Yes,0
DLV800000891,2025-01-23,2025-01-23,MAT100120,WH03,DK,144,144,On Time,Yes,Yes,Yes,0
DLV800000892,2026-03-14,2026-03-15,MAT100042,WH03,FR,73,73,On Time,No,Yes,No,1
DLV800000893,2026-04-14,2026-04-14,MAT100036,WH01,PL,2,1,On Time,Yes,No,No,0
DLV800000894,2026-02-16,2026-02-17,MAT100069,WH03,DK,111,111,On Time,No,Yes,No,1
DLV800000895,2025-01-23,2025-01-23,MAT100117,WH01,SE,67,67,On Time,Yes,Yes,Yes,0
DLV800000896,2026-04-04,2026-04-05,MAT100094,WH02,IT,92,92,On Time,No,Yes,No,1
DLV800000897,2025-04-09,2025-04-09,MAT100093,WH03,IT,67,67,On Time,Yes,Yes,Yes,0
DLV800000898,2025-12-02,2025-12-07,MAT100003,WH03,NL,83,83,Delayed,No,Yes,No,5
DLV800000899,2025-11-15,2025-11-15,MAT100056,WH01,ES,46,46,On Time,Yes,Yes,Yes,0
DLV800000900,2025-02-04,2025-02-04,MAT100091,WH02,NL,138,138,On Time,Yes,Yes,Yes,0
DLV800000901,2025-03-15,2025-03-15,MAT100074,WH01,PL,133,133,On Time,Yes,Yes,Yes,0
DLV800000902,2026-06-09,2026-06-09,MAT100109,WH01,FI,6,6,On Time,Yes,Yes,Yes,0
DLV800000903,2025-08-02,2025-08-02,MAT100116,WH03,ES,38,38,On Time,Yes,Yes,Yes,0
DLV800000904,2025-08-10,2025-08-10,MAT100096,WH02,PL,14,14,On Time,Yes,Yes,Yes,0
DLV800000905,2025-09-22,2025-09-23,MAT100069,WH01,DE,63,63,On Time,No,Yes,No,1
DLV800000906,2025-02-18,2025-02-20,MAT100111,WH02,FR,115,115,Delayed,No,Yes,No,2
DLV800000907,2026-02-02,2026-02-10,MAT100006,WH03,NO,138,138,Delayed,No,Yes,No,8
DLV800000908,2025-09-29,2025-10-05,MAT100037,WH03,ES,157,157,Delayed,No,Yes,No,6
DLV800000909,2025-07-14,2025-07-14,MAT100101,WH01,NL,8,8,On Time,Yes,Yes,Yes,0
DLV800000910,2025-06-03,2025-06-11,MAT100011,WH02,DE,108,108,Delayed,No,Yes,No,8
DLV800000911,2025-08-01,2025-08-01,MAT100006,WH03,SE,9,9,On Time,Yes,Yes,Yes,0
DLV800000912,2026-06-03,2026-06-03,MAT100068,WH02,NL,68,68,On Time,Yes,Yes,Yes,0
DLV800000913,2025-05-14,2025-05-14,MAT100118,WH03,NO,162,162,On Time,Yes,Yes,Yes,0
DLV800000914,2025-03-22,2025-03-22,MAT100097,WH03,FR,79,79,On Time,Yes,Yes,Yes,0
DLV800000915,2025-03-24,2025-03-24,MAT100058,WH02,CN,129,129,On Time,Yes,Yes,Yes,0
DLV800000916,2025-04-06,2025-04-07,MAT100001,WH02,FR,131,131,On Time,No,Yes,No,1
DLV800000917,2025-05-31,2025-05-31,MAT100044,WH03,US,35,35,On Time,Yes,Yes,Yes,0
DLV800000918,2025-08-27,2025-08-27,MAT100064,WH02,SE,148,148,On Time,Yes,Yes,Yes,0
DLV800000919,2026-03-09,2026-03-11,MAT100028,WH01,FR,65,62,Delayed,No,No,No,2
DLV800000920,2025-08-07,2025-08-07,MAT100095,WH03,DE,65,65,On Time,Yes,Yes,Yes,0
DLV800000921,2025-12-02,2025-12-02,MAT100096,WH03,DE,5,5,On Time,Yes,Yes,Yes,0
DLV800000922,2026-01-01,2026-01-02,MAT100111,WH02,IT,106,106,On Time,No,Yes,No,1
DLV800000923,2025-07-12,2025-07-12,MAT100054,WH02,DK,51,51,On Time,Yes,Yes,Yes,0
DLV800000924,2025-05-02,2025-05-02,MAT100104,WH03,DK,88,88,On Time,Yes,Yes,Yes,0
DLV800000925,2026-01-20,2026-01-20,MAT100098,WH03,US,97,97,On Time,Yes,Yes,Yes,0
DLV800000926,2025-04-04,2025-04-04,MAT100069,WH01,SE,15,15,On Time,Yes,Yes,Yes,0
DLV800000927,2025-06-27,2025-06-27,MAT100048,WH03,DK,177,177,On Time,Yes,Yes,Yes,0
DLV800000928,2026-06-12,2026-06-12,MAT100012,WH02,FI,76,76,On Time,Yes,Yes,Yes,0
DLV800000929,2025-12-31,2025-12-31,MAT100005,WH01,DK,17,17,On Time,Yes,Yes,Yes,0
DLV800000930,2025-04-01,2025-04-08,MAT100039,WH03,FI,93,93,Delayed,No,Yes,No,7
DLV800000931,2025-11-09,2025-11-14,MAT100095,WH01,PL,31,31,Delayed,No,Yes,No,5
DLV800000932,2025-02-26,2025-02-26,MAT100103,WH01,PL,159,159,On Time,Yes,Yes,Yes,0
DLV800000933,2026-01-25,2026-01-25,MAT100082,WH01,CN,180,180,On Time,Yes,Yes,Yes,0
DLV800000934,2026-03-04,2026-03-07,MAT100104,WH02,SE,176,176,Delayed,No,Yes,No,3
DLV800000935,2025-02-01,2025-02-01,MAT100120,WH03,PL,128,128,On Time,Yes,Yes,Yes,0
DLV800000936,2025-12-27,2025-12-27,MAT100007,WH03,DK,142,142,On Time,Yes,Yes,Yes,0
DLV800000937,2025-10-01,2025-10-02,MAT100025,WH03,US,33,33,On Time,No,Yes,No,1
DLV800000938,2025-02-15,2025-02-15,MAT100067,WH02,SE,38,38,On Time,Yes,Yes,Yes,0
DLV800000939,2025-07-06,2025-07-06,MAT100034,WH02,DE,77,77,On Time,Yes,Yes,Yes,0
DLV800000940,2025-01-24,2025-01-24,MAT100089,WH02,ES,112,112,On Time,Yes,Yes,Yes,0
DLV800000941,2025-12-29,2025-12-29,MAT100068,WH03,PL,132,132,On Time,Yes,Yes,Yes,0
DLV800000942,2025-09-01,2025-09-01,MAT100114,WH01,NL,107,107,On Time,Yes,Yes,Yes,0
DLV800000943,2025-01-10,2025-01-10,MAT100116,WH01,SE,171,171,On Time,Yes,Yes,Yes,0
DLV800000944,2025-09-20,2025-09-20,MAT100092,WH03,FI,63,63,On Time,Yes,Yes,Yes,0
DLV800000945,2025-02-18,2025-02-19,MAT100076,WH02,CN,33,33,On Time,No,Yes,No,1
DLV800000946,2025-12-06,2025-12-07,MAT100033,WH03,DK,127,91,On Time,No,No,No,1
DLV800000947,2025-12-06,2025-12-06,MAT100048,WH03,CN,152,152,On Time,Yes,Yes,Yes,0
DLV800000948,2025-01-02,2025-01-02,MAT100006,WH02,NO,63,63,On Time,Yes,Yes,Yes,0
DLV800000949,2026-03-09,2026-03-10,MAT100036,WH02,CN,129,103,On Time,No,No,No,1
DLV800000950,2026-05-02,2026-05-02,MAT100011,WH02,CN,92,92,On Time,Yes,Yes,Yes,0
DLV800000951,2026-05-16,2026-05-17,MAT100088,WH01,NL,71,71,On Time,No,Yes,No,1
DLV800000952,2025-11-27,2025-11-27,MAT100055,WH02,US,158,158,On Time,Yes,Yes,Yes,0
DLV800000953,2026-03-23,2026-03-24,MAT100055,WH01,NL,113,113,On Time,No,Yes,No,1
DLV800000954,2026-06-01,2026-06-01,MAT100108,WH01,ES,102,102,On Time,Yes,Yes,Yes,0
DLV800000955,2025-10-15,2025-10-15,MAT100028,WH02,US,139,139,On Time,Yes,Yes,Yes,0
DLV800000956,2026-06-17,2026-06-17,MAT100112,WH03,PL,22,22,On Time,Yes,Yes,Yes,0
DLV800000957,2025-03-15,2025-03-16,MAT100113,WH03,DK,62,62,On Time,No,Yes,No,1
DLV800000958,2026-03-03,2026-03-03,MAT100063,WH02,NL,101,73,On Time,Yes,No,No,0
DLV800000959,2025-02-19,2025-02-20,MAT100039,WH03,CN,179,179,On Time,No,Yes,No,1
DLV800000960,2025-06-07,2025-06-07,MAT100113,WH02,CN,44,44,On Time,Yes,Yes,Yes,0
DLV800000961,2025-01-21,2025-01-21,MAT100118,WH01,US,141,141,On Time,Yes,Yes,Yes,0
DLV800000962,2026-06-09,2026-06-10,MAT100079,WH01,ES,1,1,On Time,No,Yes,No,1
DLV800000963,2025-03-08,2025-03-08,MAT100087,WH03,ES,18,18,On Time,Yes,Yes,Yes,0
DLV800000964,2025-04-13,2025-04-13,MAT100098,WH01,NO,134,134,On Time,Yes,Yes,Yes,0
DLV800000965,2026-04-01,2026-04-01,MAT100062,WH01,US,150,150,On Time,Yes,Yes,Yes,0
DLV800000966,2025-11-10,2025-11-17,MAT100064,WH01,US,138,138,Delayed,No,Yes,No,7
DLV800000967,2025-09-30,2025-09-30,MAT100089,WH01,NO,125,125,On Time,Yes,Yes,Yes,0
DLV800000968,2025-02-22,2025-02-22,MAT100059,WH01,ES,165,165,On Time,Yes,Yes,Yes,0
DLV800000969,2025-09-26,2025-09-26,MAT100060,WH03,US,91,91,On Time,Yes,Yes,Yes,0
DLV800000970,2026-02-07,2026-02-07,MAT100086,WH02,DE,120,120,On Time,Yes,Yes,Yes,0
DLV800000971,2025-12-19,2025-12-19,MAT100065,WH01,NL,125,125,On Time,Yes,Yes,Yes,0
DLV800000972,2025-05-01,2025-05-01,MAT100084,WH03,IT,55,55,On Time,Yes,Yes,Yes,0
DLV800000973,2026-04-01,2026-04-02,MAT100093,WH03,SE,172,172,On Time,No,Yes,No,1
DLV800000974,2025-12-15,2025-12-15,MAT100048,WH03,IT,128,128,On Time,Yes,Yes,Yes,0
DLV800000975,2025-03-21,2025-03-21,MAT100098,WH01,DK,169,169,On Time,Yes,Yes,Yes,0
DLV800000976,2025-10-04,2025-10-05,MAT100068,WH02,PL,180,180,On Time,No,Yes,No,1
DLV800000977,2026-01-09,2026-01-09,MAT100102,WH03,NO,171,171,On Time,Yes,Yes,Yes,0
DLV800000978,2025-09-03,2025-09-09,MAT100006,WH02,DK,135,135,Delayed,No,Yes,No,6
DLV800000979,2025-08-07,2025-08-07,MAT100010,WH02,DK,50,50,On Time,Yes,Yes,Yes,0
DLV800000980,2025-11-14,2025-11-15,MAT100041,WH02,DE,173,173,On Time,No,Yes,No,1
DLV800000981,2025-01-23,2025-01-23,MAT100087,WH03,SE,171,141,On Time,Yes,No,No,0
DLV800000982,2025-01-26,2025-01-26,MAT100086,WH02,NL,47,47,On Time,Yes,Yes,Yes,0
DLV800000983,2026-06-03,2026-06-03,MAT100087,WH01,DE,23,23,On Time,Yes,Yes,Yes,0
DLV800000984,2025-06-20,2025-06-21,MAT100075,WH02,NO,22,22,On Time,No,Yes,No,1
DLV800000985,2025-11-10,2025-11-16,MAT100081,WH03,NO,116,116,Delayed,No,Yes,No,6
DLV800000986,2025-11-21,2025-11-21,MAT100103,WH03,NO,29,29,On Time,Yes,Yes,Yes,0
DLV800000987,2026-04-06,2026-04-06,MAT100008,WH01,NL,176,176,On Time,Yes,Yes,Yes,0
DLV800000988,2025-08-10,2025-08-11,MAT100013,WH03,IT,132,132,On Time,No,Yes,No,1
DLV800000989,2025-05-18,2025-05-18,MAT100032,WH01,SE,67,67,On Time,Yes,Yes,Yes,0
DLV800000990,2026-03-30,2026-03-31,MAT100066,WH02,FI,3,3,On Time,No,Yes,No,1
DLV800000991,2025-02-17,2025-02-18,MAT100056,WH01,DE,170,170,On Time,No,Yes,No,1
DLV800000992,2026-03-08,2026-03-08,MAT100013,WH02,NO,163,163,On Time,Yes,Yes,Yes,0
DLV800000993,2025-11-03,2025-11-03,MAT100106,WH03,IT,12,12,On Time,Yes,Yes,Yes,0
DLV800000994,2026-04-24,2026-04-24,MAT100078,WH03,PL,103,88,On Time,Yes,No,No,0
DLV800000995,2026-05-14,2026-05-14,MAT100015,WH03,ES,87,87,On Time,Yes,Yes,Yes,0
DLV800000996,2026-01-18,2026-01-18,MAT100019,WH03,IT,102,102,On Time,Yes,Yes,Yes,0
DLV800000997,2025-09-10,2025-09-11,MAT100044,WH01,NO,36,36,On Time,No,Yes,No,1
DLV800000998,2026-06-07,2026-06-07,MAT100030,WH01,PL,132,93,On Time,Yes,No,No,0
DLV800000999,2025-03-26,2025-03-27,MAT100042,WH01,IT,62,62,On Time,No,Yes,No,1
DLV800001000,2025-12-20,2025-12-20,MAT100117,WH01,DE,21,21,On Time,Yes,Yes,Yes,0
DLV800001001,2026-05-09,2026-05-09,MAT100111,WH03,ES,87,87,On Time,Yes,Yes,Yes,0
DLV800001002,2025-12-20,2025-12-20,MAT100017,WH02,FR,147,147,On Time,Yes,Yes,Yes,0
DLV800001003,2026-02-06,2026-02-06,MAT100076,WH02,FI,163,163,On Time,Yes,Yes,Yes,0
DLV800001004,2026-04-10,2026-04-11,MAT100029,WH02,IT,16,13,On Time,No,No,No,1
DLV800001005,2025-08-27,2025-08-28,MAT100023,WH02,CN,61,53,On Time,No,No,No,1
DLV800001006,2026-05-27,2026-06-02,MAT100039,WH03,CN,30,30,Delayed,No,Yes,No,6
DLV800001007,2025-08-11,2025-08-11,MAT100109,WH02,DE,100,78,On Time,Yes,No,No,0
DLV800001008,2025-11-03,2025-11-03,MAT100062,WH03,ES,27,27,On Time,Yes,Yes,Yes,0
DLV800001009,2026-04-18,2026-04-19,MAT100088,WH03,DE,39,39,On Time,No,Yes,No,1
DLV800001010,2025-01-11,2025-01-12,MAT100095,WH02,US,136,136,On Time,No,Yes,No,1
DLV800001011,2026-02-22,2026-02-22,MAT100061,WH01,CN,105,105,On Time,Yes,Yes,Yes,0
DLV800001012,2026-04-25,2026-04-25,MAT100106,WH02,FR,146,146,On Time,Yes,Yes,Yes,0
DLV800001013,2025-03-29,2025-04-02,MAT100071,WH03,NO,92,92,Delayed,No,Yes,No,4
DLV800001014,2025-06-21,2025-06-21,MAT100100,WH01,FI,50,50,On Time,Yes,Yes,Yes,0
DLV800001015,2025-01-24,2025-01-24,MAT100034,WH03,DK,97,97,On Time,Yes,Yes,Yes,0
DLV800001016,2025-07-15,2025-07-16,MAT100077,WH02,PL,83,83,On Time,No,Yes,No,1
DLV800001017,2026-01-27,2026-01-27,MAT100100,WH02,CN,74,74,On Time,Yes,Yes,Yes,0
DLV800001018,2026-01-06,2026-01-09,MAT100042,WH01,ES,136,136,Delayed,No,Yes,No,3
DLV800001019,2025-01-31,2025-02-01,MAT100058,WH03,NO,141,141,On Time,No,Yes,No,1
DLV800001020,2025-05-14,2025-05-14,MAT100080,WH03,FI,124,118,On Time,Yes,No,No,0
DLV800001021,2026-04-29,2026-04-30,MAT100067,WH02,DK,41,41,On Time,No,Yes,No,1
DLV800001022,2026-02-23,2026-02-23,MAT100074,WH02,NO,122,122,On Time,Yes,Yes,Yes,0
DLV800001023,2026-06-03,2026-06-03,MAT100006,WH01,DK,83,83,On Time,Yes,Yes,Yes,0
DLV800001024,2025-06-13,2025-06-14,MAT100035,WH01,NO,93,93,On Time,No,Yes,No,1
DLV800001025,2025-03-11,2025-03-11,MAT100112,WH02,ES,104,104,On Time,Yes,Yes,Yes,0
DLV800001026,2026-04-04,2026-04-04,MAT100051,WH01,NL,59,59,On Time,Yes,Yes,Yes,0
DLV800001027,2026-01-17,2026-01-20,MAT100028,WH02,CN,61,61,Delayed,No,Yes,No,3
DLV800001028,2025-06-07,2025-06-08,MAT100085,WH03,SE,20,20,On Time,No,Yes,No,1
DLV800001029,2026-01-09,2026-01-10,MAT100109,WH02,ES,128,128,On Time,No,Yes,No,1
DLV800001030,2025-05-14,2025-05-14,MAT100046,WH01,NO,141,141,On Time,Yes,Yes,Yes,0
DLV800001031,2025-10-03,2025-10-03,MAT100065,WH01,ES,123,123,On Time,Yes,Yes,Yes,0
DLV800001032,2025-05-08,2025-05-08,MAT100011,WH02,US,155,155,On Time,Yes,Yes,Yes,0
DLV800001033,2026-04-16,2026-04-16,MAT100039,WH03,FR,80,80,On Time,Yes,Yes,Yes,0
DLV800001034,2025-03-23,2025-03-27,MAT100039,WH03,NO,178,178,Delayed,No,Yes,No,4
DLV800001035,2026-03-21,2026-03-21,MAT100040,WH01,FR,77,77,On Time,Yes,Yes,Yes,0
DLV800001036,2025-06-18,2025-06-25,MAT100044,WH02,DE,93,93,Delayed,No,Yes,No,7
DLV800001037,2025-02-18,2025-02-18,MAT100038,WH02,IT,165,165,On Time,Yes,Yes,Yes,0
DLV800001038,2025-01-10,2025-01-10,MAT100054,WH01,FI,124,124,On Time,Yes,Yes,Yes,0
DLV800001039,2025-09-25,2025-09-25,MAT100077,WH01,CN,57,57,On Time,Yes,Yes,Yes,0
DLV800001040,2025-03-02,2025-03-02,MAT100091,WH01,CN,120,120,On Time,Yes,Yes,Yes,0
DLV800001041,2025-12-03,2025-12-03,MAT100067,WH02,DE,3,3,On Time,Yes,Yes,Yes,0
DLV800001042,2025-11-10,2025-11-10,MAT100079,WH02,NL,166,166,On Time,Yes,Yes,Yes,0
DLV800001043,2025-09-13,2025-09-13,MAT100117,WH01,FR,43,43,On Time,Yes,Yes,Yes,0
DLV800001044,2025-07-27,2025-07-27,MAT100008,WH02,PL,148,107,On Time,Yes,No,No,0
DLV800001045,2026-04-08,2026-04-08,MAT100007,WH03,SE,82,82,On Time,Yes,Yes,Yes,0
DLV800001046,2026-05-20,2026-05-20,MAT100047,WH02,DK,111,111,On Time,Yes,Yes,Yes,0
DLV800001047,2026-02-14,2026-02-14,MAT100086,WH03,DK,55,55,On Time,Yes,Yes,Yes,0
DLV800001048,2025-08-16,2025-08-16,MAT100029,WH01,NO,131,131,On Time,Yes,Yes,Yes,0
DLV800001049,2025-08-24,2025-08-24,MAT100061,WH02,DK,40,40,On Time,Yes,Yes,Yes,0
DLV800001050,2026-04-15,2026-04-15,MAT100052,WH01,NL,89,86,On Time,Yes,No,No,0
DLV800001051,2026-01-10,2026-01-11,MAT100035,WH03,FI,14,14,On Time,No,Yes,No,1
DLV800001052,2026-02-07,2026-02-07,MAT100110,WH01,US,96,96,On Time,Yes,Yes,Yes,0
DLV800001053,2025-03-19,2025-03-19,MAT100045,WH03,FI,89,89,On Time,Yes,Yes,Yes,0
DLV800001054,2026-04-27,2026-04-28,MAT100016,WH02,DE,81,81,On Time,No,Yes,No,1
DLV800001055,2026-02-24,2026-02-25,MAT100018,WH01,US,31,31,On Time,No,Yes,No,1
DLV800001056,2025-05-15,2025-05-16,MAT100010,WH02,CN,118,118,Delayed,No,Yes,No,1
DLV800001057,2026-01-03,2026-01-04,MAT100088,WH01,IT,20,20,On Time,No,Yes,No,1
DLV800001058,2025-02-08,2025-02-08,MAT100109,WH01,IT,107,107,On Time,Yes,Yes,Yes,0
DLV800001059,2025-08-01,2025-08-02,MAT100032,WH03,IT,169,169,On Time,No,Yes,No,1
DLV800001060,2025-12-28,2025-12-29,MAT100085,WH03,CN,90,90,Delayed,No,Yes,No,1
DLV800001061,2025-06-30,2025-07-01,MAT100021,WH01,IT,40,40,On Time,No,Yes,No,1
DLV800001062,2025-07-17,2025-07-18,MAT100029,WH03,US,73,56,On Time,No,No,No,1
DLV800001063,2026-03-31,2026-03-31,MAT100045,WH02,DK,27,27,On Time,Yes,Yes,Yes,0
DLV800001064,2025-09-27,2025-09-28,MAT100093,WH02,SE,98,98,On Time,No,Yes,No,1
DLV800001065,2025-04-14,2025-04-14,MAT100106,WH02,IT,111,87,On Time,Yes,No,No,0
DLV800001066,2026-03-26,2026-03-26,MAT100018,WH02,SE,5,5,On Time,Yes,Yes,Yes,0
DLV800001067,2026-05-04,2026-05-04,MAT100049,WH02,DK,174,174,On Time,Yes,Yes,Yes,0
DLV800001068,2025-10-17,2025-10-17,MAT100019,WH02,NO,4,4,On Time,Yes,Yes,Yes,0
DLV800001069,2025-01-25,2025-01-30,MAT100065,WH03,NL,152,152,Delayed,No,Yes,No,5
DLV800001070,2026-05-23,2026-05-23,MAT100018,WH02,IT,134,134,On Time,Yes,Yes,Yes,0
DLV800001071,2025-03-02,2025-03-02,MAT100021,WH03,DE,75,75,On Time,Yes,Yes,Yes,0
DLV800001072,2026-02-27,2026-03-06,MAT100080,WH02,FR,100,100,Delayed,No,Yes,No,7
DLV800001073,2025-12-11,2025-12-11,MAT100001,WH01,IT,162,162,On Time,Yes,Yes,Yes,0
DLV800001074,2026-01-27,2026-01-27,MAT100085,WH02,DK,48,48,On Time,Yes,Yes,Yes,0
DLV800001075,2025-06-19,2025-06-19,MAT100056,WH01,DE,87,74,On Time,Yes,No,No,0
DLV800001076,2025-10-28,2025-10-28,MAT100103,WH01,DK,150,150,On Time,Yes,Yes,Yes,0
DLV800001077,2025-10-16,2025-10-16,MAT100034,WH03,ES,38,38,On Time,Yes,Yes,Yes,0
DLV800001078,2025-09-08,2025-09-08,MAT100029,WH01,PL,77,77,On Time,Yes,Yes,Yes,0
DLV800001079,2026-01-25,2026-01-25,MAT100032,WH03,FI,32,32,On Time,Yes,Yes,Yes,0
DLV800001080,2025-04-05,2025-04-05,MAT100103,WH03,SE,27,27,On Time,Yes,Yes,Yes,0
DLV800001081,2026-05-13,2026-05-13,MAT100029,WH02,PL,75,73,On Time,Yes,No,No,0
DLV800001082,2025-04-17,2025-04-17,MAT100030,WH01,IT,22,22,On Time,Yes,Yes,Yes,0
DLV800001083,2026-04-07,2026-04-08,MAT100036,WH01,ES,1,1,On Time,No,Yes,No,1
DLV800001084,2025-03-12,2025-03-12,MAT100050,WH02,DE,91,91,On Time,Yes,Yes,Yes,0
DLV800001085,2026-04-29,2026-04-29,MAT100004,WH01,FR,117,117,On Time,Yes,Yes,Yes,0
DLV800001086,2025-08-24,2025-08-24,MAT100079,WH02,DE,101,101,On Time,Yes,Yes,Yes,0
DLV800001087,2026-01-30,2026-01-31,MAT100009,WH03,PL,116,116,On Time,No,Yes,No,1
DLV800001088,2025-02-07,2025-02-08,MAT100053,WH01,FR,165,165,On Time,No,Yes,No,1
DLV800001089,2025-01-22,2025-01-22,MAT100077,WH02,FI,134,134,On Time,Yes,Yes,Yes,0
DLV800001090,2026-06-14,2026-06-14,MAT100004,WH01,ES,104,104,On Time,Yes,Yes,Yes,0
DLV800001091,2025-08-16,2025-08-16,MAT100026,WH01,SE,153,153,On Time,Yes,Yes,Yes,0
DLV800001092,2026-03-10,2026-03-15,MAT100035,WH02,SE,158,152,Delayed,No,No,No,5
DLV800001093,2026-03-10,2026-03-10,MAT100067,WH02,NL,60,60,On Time,Yes,Yes,Yes,0
DLV800001094,2025-08-23,2025-08-31,MAT100094,WH01,NL,175,161,Delayed,No,No,No,8
DLV800001095,2025-07-04,2025-07-04,MAT100092,WH01,FI,55,55,On Time,Yes,Yes,Yes,0
DLV800001096,2026-04-11,2026-04-16,MAT100020,WH02,FR,110,110,Delayed,No,Yes,No,5
DLV800001097,2025-12-24,2025-12-24,MAT100080,WH01,NO,170,170,On Time,Yes,Yes,Yes,0
DLV800001098,2025-03-22,2025-03-22,MAT100062,WH03,FR,32,32,On Time,Yes,Yes,Yes,0
DLV800001099,2025-04-14,2025-04-14,MAT100016,WH03,NL,119,119,On Time,Yes,Yes,Yes,0
DLV800001100,2026-01-15,2026-01-16,MAT100069,WH03,CN,54,54,On Time,No,Yes,No,1
DLV800001101,2025-01-06,2025-01-06,MAT100061,WH03,US,65,65,On Time,Yes,Yes,Yes,0
DLV800001102,2025-06-04,2025-06-04,MAT100050,WH01,PL,85,79,On Time,Yes,No,No,0
DLV800001103,2025-12-01,2025-12-01,MAT100072,WH02,SE,150,150,On Time,Yes,Yes,Yes,0
DLV800001104,2025-03-31,2025-03-31,MAT100068,WH02,CN,168,168,On Time,Yes,Yes,Yes,0
DLV800001105,2026-02-19,2026-02-19,MAT100034,WH03,ES,19,13,On Time,Yes,No,No,0
DLV800001106,2026-02-27,2026-03-06,MAT100017,WH01,FR,18,18,Delayed,No,Yes,No,7
DLV800001107,2025-03-25,2025-03-26,MAT100050,WH01,NO,74,74,On Time,No,Yes,No,1
DLV800001108,2025-06-09,2025-06-09,MAT100078,WH01,CN,177,177,On Time,Yes,Yes,Yes,0
DLV800001109,2026-04-19,2026-04-19,MAT100074,WH03,ES,38,38,On Time,Yes,Yes,Yes,0
DLV800001110,2025-06-02,2025-06-02,MAT100078,WH01,NO,45,45,On Time,Yes,Yes,Yes,0
DLV800001111,2025-06-19,2025-06-20,MAT100088,WH03,ES,66,66,On Time,No,Yes,No,1
DLV800001112,2026-03-22,2026-03-22,MAT100029,WH01,CN,20,20,On Time,Yes,Yes,Yes,0
DLV800001113,2026-05-27,2026-05-27,MAT100077,WH03,IT,82,82,On Time,Yes,Yes,Yes,0
DLV800001114,2026-05-06,2026-05-06,MAT100020,WH01,PL,148,148,On Time,Yes,Yes,Yes,0
DLV800001115,2026-02-27,2026-03-06,MAT100028,WH01,DK,102,102,Delayed,No,Yes,No,7
DLV800001116,2025-11-24,2025-11-25,MAT100093,WH02,SE,120,120,On Time,No,Yes,No,1
DLV800001117,2025-11-20,2025-11-20,MAT100035,WH03,DK,66,66,On Time,Yes,Yes,Yes,0
DLV800001118,2026-03-12,2026-03-19,MAT100056,WH01,PL,168,168,Delayed,No,Yes,No,7
DLV800001119,2025-06-14,2025-06-14,MAT100032,WH01,IT,140,114,On Time,Yes,No,No,0
DLV800001120,2025-05-23,2025-05-23,MAT100088,WH03,NO,29,21,On Time,Yes,No,No,0
DLV800001121,2025-12-28,2025-12-28,MAT100001,WH01,FR,48,43,On Time,Yes,No,No,0
DLV800001122,2025-03-13,2025-03-13,MAT100056,WH01,NO,126,126,On Time,Yes,Yes,Yes,0
DLV800001123,2025-04-04,2025-04-04,MAT100080,WH02,NO,21,20,On Time,Yes,No,No,0
DLV800001124,2025-06-27,2025-06-27,MAT100058,WH01,CN,54,54,On Time,Yes,Yes,Yes,0
DLV800001125,2025-07-14,2025-07-14,MAT100043,WH01,NO,51,51,On Time,Yes,Yes,Yes,0
DLV800001126,2025-01-31,2025-02-01,MAT100055,WH02,ES,102,102,On Time,No,Yes,No,1
DLV800001127,2025-07-31,2025-07-31,MAT100050,WH01,US,65,64,On Time,Yes,No,No,0
DLV800001128,2025-10-22,2025-10-22,MAT100094,WH03,FR,142,120,On Time,Yes,No,No,0
DLV800001129,2025-06-24,2025-06-24,MAT100046,WH01,NO,76,76,On Time,Yes,Yes,Yes,0
DLV800001130,2025-07-19,2025-07-19,MAT100090,WH01,PL,85,85,On Time,Yes,Yes,Yes,0
DLV800001131,2025-07-17,2025-07-17,MAT100035,WH03,IT,61,61,On Time,Yes,Yes,Yes,0
DLV800001132,2025-12-15,2025-12-15,MAT100118,WH02,FR,28,28,On Time,Yes,Yes,Yes,0
DLV800001133,2026-04-20,2026-04-20,MAT100057,WH02,NL,103,97,On Time,Yes,No,No,0
DLV800001134,2026-06-04,2026-06-05,MAT100056,WH01,DE,31,31,On Time,No,Yes,No,1
DLV800001135,2025-08-14,2025-08-20,MAT100085,WH03,NO,178,178,Delayed,No,Yes,No,6
DLV800001136,2026-03-30,2026-03-30,MAT100101,WH02,CN,28,28,On Time,Yes,Yes,Yes,0
DLV800001137,2026-04-24,2026-05-02,MAT100112,WH03,CN,65,65,Delayed,No,Yes,No,8
DLV800001138,2026-04-21,2026-04-21,MAT100022,WH01,ES,90,90,On Time,Yes,Yes,Yes,0
DLV800001139,2026-06-11,2026-06-12,MAT100017,WH03,IT,175,175,On Time,No,Yes,No,1
DLV800001140,2026-05-23,2026-05-23,MAT100094,WH03,IT,30,30,On Time,Yes,Yes,Yes,0
DLV800001141,2025-12-03,2025-12-07,MAT100063,WH03,ES,55,55,Delayed,No,Yes,No,4
DLV800001142,2026-06-09,2026-06-09,MAT100034,WH01,NO,140,140,On Time,Yes,Yes,Yes,0
DLV800001143,2026-04-27,2026-04-27,MAT100079,WH03,FI,158,158,On Time,Yes,Yes,Yes,0
DLV800001144,2025-11-14,2025-11-14,MAT100116,WH01,FR,116,116,On Time,Yes,Yes,Yes,0
DLV800001145,2025-11-01,2025-11-01,MAT100120,WH03,NL,177,177,On Time,Yes,Yes,Yes,0
DLV800001146,2026-06-13,2026-06-14,MAT100091,WH03,IT,119,119,Delayed,No,Yes,No,1
DLV800001147,2026-05-24,2026-05-24,MAT100040,WH01,FR,97,97,On Time,Yes,Yes,Yes,0
DLV800001148,2026-03-30,2026-03-31,MAT100013,WH03,CN,120,120,On Time,No,Yes,No,1
DLV800001149,2025-01-03,2025-01-03,MAT100020,WH01,US,100,100,On Time,Yes,Yes,Yes,0
DLV800001150,2026-02-23,2026-02-23,MAT100043,WH03,FI,34,34,On Time,Yes,Yes,Yes,0
DLV800001151,2025-06-12,2025-06-12,MAT100058,WH01,NO,31,31,On Time,Yes,Yes,Yes,0
DLV800001152,2025-09-09,2025-09-09,MAT100079,WH02,DK,75,75,On Time,Yes,Yes,Yes,0
DLV800001153,2026-04-08,2026-04-08,MAT100061,WH02,NL,10,9,On Time,Yes,No,No,0
DLV800001154,2026-02-06,2026-02-06,MAT100119,WH03,NL,142,142,On Time,Yes,Yes,Yes,0
DLV800001155,2025-11-29,2025-11-30,MAT100022,WH01,US,27,27,On Time,No,Yes,No,1
DLV800001156,2025-10-31,2025-10-31,MAT100120,WH02,CN,64,64,On Time,Yes,Yes,Yes,0
DLV800001157,2026-02-22,2026-02-23,MAT100063,WH03,ES,2,2,On Time,No,Yes,No,1
DLV800001158,2026-05-15,2026-05-15,MAT100008,WH02,DK,148,148,On Time,Yes,Yes,Yes,0
DLV800001159,2026-01-22,2026-01-29,MAT100024,WH01,NO,145,101,Delayed,No,No,No,7
DLV800001160,2026-04-14,2026-04-15,MAT100009,WH02,NL,7,7,On Time,No,Yes,No,1
DLV800001161,2025-02-03,2025-02-04,MAT100049,WH01,ES,42,42,On Time,No,Yes,No,1
DLV800001162,2025-03-16,2025-03-17,MAT100015,WH01,DK,167,167,On Time,No,Yes,No,1
DLV800001163,2025-02-13,2025-02-13,MAT100084,WH02,NO,38,38,On Time,Yes,Yes,Yes,0
DLV800001164,2025-11-28,2025-11-29,MAT100120,WH01,FI,43,43,On Time,No,Yes,No,1
DLV800001165,2025-06-21,2025-06-22,MAT100091,WH02,NO,75,75,Delayed,No,Yes,No,1
DLV800001166,2026-03-03,2026-03-03,MAT100081,WH02,DE,113,113,On Time,Yes,Yes,Yes,0
DLV800001167,2026-04-22,2026-04-22,MAT100104,WH03,FR,4,4,On Time,Yes,Yes,Yes,0
DLV800001168,2025-02-24,2025-02-25,MAT100020,WH02,FR,40,40,On Time,No,Yes,No,1
DLV800001169,2025-03-14,2025-03-15,MAT100111,WH02,NO,7,6,On Time,No,No,No,1
DLV800001170,2026-02-12,2026-02-12,MAT100083,WH02,NL,20,20,On Time,Yes,Yes,Yes,0
DLV800001171,2025-05-28,2025-05-28,MAT100098,WH02,ES,32,32,On Time,Yes,Yes,Yes,0
DLV800001172,2026-02-13,2026-02-13,MAT100034,WH03,NL,158,158,On Time,Yes,Yes,Yes,0
DLV800001173,2026-06-11,2026-06-11,MAT100062,WH02,CN,94,94,On Time,Yes,Yes,Yes,0
DLV800001174,2025-08-19,2025-08-25,MAT100058,WH03,DE,114,114,Delayed,No,Yes,No,6
DLV800001175,2025-03-10,2025-03-10,MAT100007,WH01,US,14,14,On Time,Yes,Yes,Yes,0
DLV800001176,2025-06-02,2025-06-03,MAT100120,WH03,NO,42,42,On Time,No,Yes,No,1
DLV800001177,2025-06-26,2025-06-27,MAT100102,WH03,NO,94,94,On Time,No,Yes,No,1
DLV800001178,2026-03-09,2026-03-10,MAT100098,WH01,US,80,80,On Time,No,Yes,No,1
DLV800001179,2025-06-19,2025-06-20,MAT100100,WH03,ES,73,73,On Time,No,Yes,No,1
DLV800001180,2025-07-12,2025-07-12,MAT100102,WH02,US,114,114,On Time,Yes,Yes,Yes,0
DLV800001181,2025-04-28,2025-04-28,MAT100064,WH01,US,136,136,On Time,Yes,Yes,Yes,0
DLV800001182,2026-02-05,2026-02-05,MAT100005,WH03,FI,70,70,On Time,Yes,Yes,Yes,0
DLV800001183,2025-02-16,2025-02-16,MAT100074,WH03,IT,85,65,On Time,Yes,No,No,0
DLV800001184,2026-03-28,2026-03-28,MAT100008,WH03,NL,24,24,On Time,Yes,Yes,Yes,0
DLV800001185,2026-03-11,2026-03-11,MAT100022,WH01,IT,153,153,On Time,Yes,Yes,Yes,0
DLV800001186,2026-04-10,2026-04-10,MAT100019,WH03,IT,11,11,On Time,Yes,Yes,Yes,0
DLV800001187,2025-05-18,2025-05-18,MAT100021,WH03,NL,76,76,On Time,Yes,Yes,Yes,0
DLV800001188,2025-05-25,2025-05-25,MAT100033,WH03,IT,121,121,On Time,Yes,Yes,Yes,0
DLV800001189,2025-09-11,2025-09-19,MAT100088,WH02,FI,141,141,Delayed,No,Yes,No,8
DLV800001190,2026-04-15,2026-04-15,MAT100019,WH03,SE,70,70,On Time,Yes,Yes,Yes,0
DLV800001191,2026-05-31,2026-06-01,MAT100068,WH02,FR,151,151,On Time,No,Yes,No,1
DLV800001192,2025-10-29,2025-10-29,MAT100119,WH01,IT,30,30,On Time,Yes,Yes,Yes,0
DLV800001193,2025-01-04,2025-01-11,MAT100043,WH03,DK,47,47,Delayed,No,Yes,No,7
DLV800001194,2026-06-13,2026-06-13,MAT100068,WH02,DE,72,72,On Time,Yes,Yes,Yes,0
DLV800001195,2025-03-13,2025-03-14,MAT100090,WH01,CN,35,35,On Time,No,Yes,No,1
DLV800001196,2025-12-10,2025-12-10,MAT100014,WH02,FR,81,81,On Time,Yes,Yes,Yes,0
DLV800001197,2025-08-07,2025-08-10,MAT100117,WH02,DE,167,167,Delayed,No,Yes,No,3
DLV800001198,2026-04-13,2026-04-13,MAT100010,WH01,US,27,27,On Time,Yes,Yes,Yes,0
DLV800001199,2025-02-18,2025-02-18,MAT100045,WH03,NO,179,179,On Time,Yes,Yes,Yes,0
DLV800001200,2025-10-31,2025-10-31,MAT100071,WH03,DK,43,43,On Time,Yes,Yes,Yes,0
DLV800001201,2026-06-20,2026-06-20,MAT100079,WH02,SE,81,81,On Time,Yes,Yes,Yes,0
DLV800001202,2025-06-10,2025-06-18,MAT100006,WH01,DE,10,10,Delayed,No,Yes,No,8
DLV800001203,2025-06-21,2025-06-21,MAT100049,WH03,ES,54,54,On Time,Yes,Yes,Yes,0
DLV800001204,2025-05-20,2025-05-26,MAT100068,WH02,FR,48,48,Delayed,No,Yes,No,6
DLV800001205,2026-05-10,2026-05-10,MAT100096,WH01,NO,113,113,On Time,Yes,Yes,Yes,0
DLV800001206,2025-12-22,2025-12-22,MAT100084,WH01,DK,109,109,On Time,Yes,Yes,Yes,0
DLV800001207,2025-12-05,2025-12-05,MAT100008,WH01,US,150,150,On Time,Yes,Yes,Yes,0
DLV800001208,2025-12-19,2025-12-19,MAT100101,WH02,US,80,80,On Time,Yes,Yes,Yes,0
DLV800001209,2026-02-25,2026-02-25,MAT100115,WH02,NL,149,149,On Time,Yes,Yes,Yes,0
DLV800001210,2026-03-08,2026-03-09,MAT100108,WH02,FR,60,60,On Time,No,Yes,No,1
DLV800001211,2026-03-18,2026-03-18,MAT100080,WH01,DE,48,48,On Time,Yes,Yes,Yes,0
DLV800001212,2026-03-25,2026-03-26,MAT100079,WH02,NL,42,42,On Time,No,Yes,No,1
DLV800001213,2025-02-02,2025-02-02,MAT100092,WH01,DE,53,48,On Time,Yes,No,No,0
DLV800001214,2026-06-01,2026-06-02,MAT100032,WH02,FI,37,37,On Time,No,Yes,No,1
DLV800001215,2025-01-18,2025-01-18,MAT100108,WH01,NL,53,53,On Time,Yes,Yes,Yes,0
DLV800001216,2026-06-08,2026-06-08,MAT100056,WH03,NO,98,98,On Time,Yes,Yes,Yes,0
DLV800001217,2026-05-22,2026-05-22,MAT100042,WH03,US,95,84,On Time,Yes,No,No,0
DLV800001218,2025-11-04,2025-11-04,MAT100080,WH02,CN,20,20,On Time,Yes,Yes,Yes,0
DLV800001219,2025-03-05,2025-03-05,MAT100041,WH01,US,20,20,On Time,Yes,Yes,Yes,0
DLV800001220,2026-01-19,2026-01-19,MAT100103,WH01,CN,82,82,On Time,Yes,Yes,Yes,0
DLV800001221,2025-09-26,2025-09-26,MAT100025,WH03,NO,77,77,On Time,Yes,Yes,Yes,0
DLV800001222,2025-10-19,2025-10-19,MAT100099,WH02,SE,150,150,On Time,Yes,Yes,Yes,0
DLV800001223,2025-04-01,2025-04-01,MAT100062,WH03,FI,169,169,On Time,Yes,Yes,Yes,0
DLV800001224,2026-05-05,2026-05-05,MAT100084,WH01,CN,35,35,On Time,Yes,Yes,Yes,0
DLV800001225,2025-04-27,2025-04-27,MAT100091,WH02,SE,68,68,On Time,Yes,Yes,Yes,0
DLV800001226,2026-04-18,2026-04-18,MAT100038,WH01,US,48,48,On Time,Yes,Yes,Yes,0
DLV800001227,2025-07-28,2025-07-28,MAT100076,WH02,NO,11,11,On Time,Yes,Yes,Yes,0
DLV800001228,2025-03-13,2025-03-14,MAT100021,WH01,ES,78,78,On Time,No,Yes,No,1
DLV800001229,2025-03-13,2025-03-14,MAT100090,WH01,ES,144,144,On Time,No,Yes,No,1
DLV800001230,2025-11-04,2025-11-06,MAT100028,WH03,PL,3,3,Delayed,No,Yes,No,2
DLV800001231,2025-11-25,2025-11-25,MAT100035,WH02,IT,41,37,On Time,Yes,No,No,0
DLV800001232,2026-05-02,2026-05-03,MAT100091,WH01,SE,117,117,On Time,No,Yes,No,1
DLV800001233,2025-08-02,2025-08-02,MAT100083,WH03,DK,170,170,On Time,Yes,Yes,Yes,0
DLV800001234,2026-03-27,2026-04-03,MAT100112,WH02,US,53,40,Delayed,No,No,No,7
DLV800001235,2025-09-09,2025-09-13,MAT100008,WH01,PL,56,56,Delayed,No,Yes,No,4
DLV800001236,2025-03-09,2025-03-10,MAT100028,WH02,FI,51,51,On Time,No,Yes,No,1
DLV800001237,2025-07-17,2025-07-20,MAT100077,WH03,NL,63,63,Delayed,No,Yes,No,3
DLV800001238,2025-05-25,2025-05-25,MAT100112,WH01,IT,71,71,On Time,Yes,Yes,Yes,0
DLV800001239,2025-11-15,2025-11-15,MAT100072,WH01,PL,110,110,On Time,Yes,Yes,Yes,0
DLV800001240,2025-09-04,2025-09-04,MAT100033,WH02,ES,178,178,On Time,Yes,Yes,Yes,0
DLV800001241,2026-05-07,2026-05-07,MAT100017,WH01,PL,126,126,On Time,Yes,Yes,Yes,0
DLV800001242,2025-02-08,2025-02-08,MAT100015,WH03,NO,2,2,On Time,Yes,Yes,Yes,0
DLV800001243,2025-11-16,2025-11-16,MAT100049,WH01,FR,19,19,On Time,Yes,Yes,Yes,0
DLV800001244,2026-06-13,2026-06-13,MAT100091,WH03,DK,86,86,On Time,Yes,Yes,Yes,0
DLV800001245,2026-05-28,2026-05-28,MAT100012,WH02,DE,60,60,On Time,Yes,Yes,Yes,0
DLV800001246,2025-11-19,2025-11-25,MAT100055,WH01,US,173,173,Delayed,No,Yes,No,6
DLV800001247,2025-05-21,2025-05-21,MAT100049,WH03,SE,57,57,On Time,Yes,Yes,Yes,0
DLV800001248,2025-08-01,2025-08-01,MAT100101,WH01,SE,137,137,On Time,Yes,Yes,Yes,0
DLV800001249,2025-07-18,2025-07-18,MAT100117,WH02,FR,105,105,On Time,Yes,Yes,Yes,0
DLV800001250,2025-01-20,2025-01-20,MAT100112,WH03,CN,144,144,On Time,Yes,Yes,Yes,0
DLV800001251,2026-05-14,2026-05-14,MAT100024,WH03,CN,32,32,On Time,Yes,Yes,Yes,0
DLV800001252,2025-10-28,2025-10-29,MAT100046,WH02,PL,179,179,On Time,No,Yes,No,1
DLV800001253,2025-03-10,2025-03-10,MAT100101,WH02,FI,119,119,On Time,Yes,Yes,Yes,0
DLV800001254,2025-05-01,2025-05-01,MAT100117,WH03,NO,42,42,On Time,Yes,Yes,Yes,0
DLV800001255,2026-04-01,2026-04-01,MAT100080,WH02,SE,33,33,On Time,Yes,Yes,Yes,0
DLV800001256,2025-09-03,2025-09-03,MAT100090,WH02,PL,144,144,On Time,Yes,Yes,Yes,0
DLV800001257,2025-06-03,2025-06-03,MAT100069,WH02,DK,124,124,On Time,Yes,Yes,Yes,0
DLV800001258,2025-02-19,2025-02-19,MAT100059,WH03,ES,97,97,On Time,Yes,Yes,Yes,0
DLV800001259,2025-03-08,2025-03-09,MAT100067,WH03,IT,10,10,On Time,No,Yes,No,1
DLV800001260,2026-03-03,2026-03-04,MAT100092,WH03,FR,66,66,On Time,No,Yes,No,1
DLV800001261,2026-04-14,2026-04-14,MAT100063,WH01,ES,78,78,On Time,Yes,Yes,Yes,0
DLV800001262,2025-07-09,2025-07-10,MAT100108,WH03,US,75,75,On Time,No,Yes,No,1
DLV800001263,2025-12-15,2025-12-15,MAT100084,WH03,IT,41,41,On Time,Yes,Yes,Yes,0
DLV800001264,2025-03-03,2025-03-04,MAT100019,WH03,NO,106,106,On Time,No,Yes,No,1
DLV800001265,2026-01-05,2026-01-05,MAT100086,WH03,DK,104,104,On Time,Yes,Yes,Yes,0
DLV800001266,2026-04-29,2026-04-29,MAT100063,WH03,FI,115,99,On Time,Yes,No,No,0
DLV800001267,2026-03-22,2026-03-22,MAT100102,WH03,CN,128,128,On Time,Yes,Yes,Yes,0
DLV800001268,2025-06-08,2025-06-08,MAT100053,WH03,DK,139,139,On Time,Yes,Yes,Yes,0
DLV800001269,2025-10-03,2025-10-04,MAT100051,WH02,FR,35,35,On Time,No,Yes,No,1
DLV800001270,2025-10-05,2025-10-05,MAT100104,WH01,NO,1,1,On Time,Yes,Yes,Yes,0
DLV800001271,2026-03-24,2026-03-24,MAT100109,WH03,NO,15,15,On Time,Yes,Yes,Yes,0
DLV800001272,2026-01-16,2026-01-16,MAT100098,WH01,DE,157,157,On Time,Yes,Yes,Yes,0
DLV800001273,2025-08-21,2025-08-21,MAT100035,WH02,DE,38,38,On Time,Yes,Yes,Yes,0
DLV800001274,2025-01-26,2025-01-26,MAT100119,WH02,NL,54,54,On Time,Yes,Yes,Yes,0
DLV800001275,2025-09-22,2025-09-22,MAT100099,WH03,PL,179,179,On Time,Yes,Yes,Yes,0
DLV800001276,2025-07-10,2025-07-10,MAT100092,WH02,DK,27,23,On Time,Yes,No,No,0
DLV800001277,2025-11-16,2025-11-16,MAT100058,WH01,FI,9,9,On Time,Yes,Yes,Yes,0
DLV800001278,2026-06-11,2026-06-11,MAT100011,WH01,DK,103,103,On Time,Yes,Yes,Yes,0
DLV800001279,2026-03-27,2026-03-27,MAT100062,WH02,FI,176,176,On Time,Yes,Yes,Yes,0
DLV800001280,2026-01-01,2026-01-01,MAT100086,WH03,US,25,25,On Time,Yes,Yes,Yes,0
DLV800001281,2025-11-27,2025-11-28,MAT100078,WH02,NO,51,51,On Time,No,Yes,No,1
DLV800001282,2025-05-16,2025-05-20,MAT100005,WH01,DK,163,163,Delayed,No,Yes,No,4
DLV800001283,2025-03-24,2025-03-24,MAT100048,WH03,US,25,25,On Time,Yes,Yes,Yes,0
DLV800001284,2025-01-31,2025-02-01,MAT100117,WH03,NL,112,112,On Time,No,Yes,No,1
DLV800001285,2025-08-17,2025-08-18,MAT100107,WH03,FI,24,24,On Time,No,Yes,No,1
DLV800001286,2025-04-02,2025-04-02,MAT100110,WH02,IT,48,48,On Time,Yes,Yes,Yes,0
DLV800001287,2026-03-29,2026-03-30,MAT100033,WH03,ES,59,59,On Time,No,Yes,No,1
DLV800001288,2025-12-23,2025-12-23,MAT100100,WH03,FI,107,107,On Time,Yes,Yes,Yes,0
DLV800001289,2025-02-24,2025-02-24,MAT100095,WH02,IT,5,5,On Time,Yes,Yes,Yes,0
DLV800001290,2025-06-21,2025-06-22,MAT100106,WH01,PL,53,53,On Time,No,Yes,No,1
DLV800001291,2025-08-07,2025-08-14,MAT100103,WH01,IT,171,171,Delayed,No,Yes,No,7
DLV800001292,2025-01-24,2025-01-24,MAT100119,WH02,IT,106,106,On Time,Yes,Yes,Yes,0
DLV800001293,2026-06-11,2026-06-11,MAT100056,WH01,CN,24,24,On Time,Yes,Yes,Yes,0
DLV800001294,2026-03-01,2026-03-07,MAT100014,WH01,DK,164,164,Delayed,No,Yes,No,6
DLV800001295,2025-11-04,2025-11-04,MAT100030,WH03,DK,177,177,On Time,Yes,Yes,Yes,0
DLV800001296,2025-01-31,2025-01-31,MAT100057,WH03,FI,23,23,On Time,Yes,Yes,Yes,0
DLV800001297,2026-05-30,2026-06-04,MAT100046,WH01,FR,63,63,Delayed,No,Yes,No,5
DLV800001298,2026-02-09,2026-02-09,MAT100066,WH03,NL,39,39,On Time,Yes,Yes,Yes,0
DLV800001299,2025-08-16,2025-08-16,MAT100052,WH03,PL,92,92,On Time,Yes,Yes,Yes,0
DLV800001300,2025-08-29,2025-08-29,MAT100027,WH02,SE,134,134,On Time,Yes,Yes,Yes,0
DLV800001301,2025-11-03,2025-11-03,MAT100057,WH02,DE,123,123,On Time,Yes,Yes,Yes,0
DLV800001302,2025-07-10,2025-07-10,MAT100031,WH03,US,12,12,On Time,Yes,Yes,Yes,0
DLV800001303,2025-03-13,2025-03-14,MAT100039,WH01,NL,11,11,Delayed,No,Yes,No,1
DLV800001304,2026-03-02,2026-03-02,MAT100096,WH01,NL,132,132,On Time,Yes,Yes,Yes,0
DLV800001305,2025-01-12,2025-01-13,MAT100038,WH02,FR,18,18,Delayed,No,Yes,No,1
DLV800001306,2025-04-03,2025-04-03,MAT100081,WH03,NL,49,49,On Time,Yes,Yes,Yes,0
DLV800001307,2025-08-16,2025-08-17,MAT100102,WH03,ES,21,21,On Time,No,Yes,No,1
DLV800001308,2025-06-01,2025-06-01,MAT100101,WH02,US,143,143,On Time,Yes,Yes,Yes,0
DLV800001309,2025-08-14,2025-08-14,MAT100046,WH01,ES,50,50,On Time,Yes,Yes,Yes,0
DLV800001310,2025-08-07,2025-08-07,MAT100067,WH03,DE,121,121,On Time,Yes,Yes,Yes,0
DLV800001311,2025-04-19,2025-04-19,MAT100095,WH01,IT,107,107,On Time,Yes,Yes,Yes,0
DLV800001312,2026-03-16,2026-03-16,MAT100071,WH02,PL,44,44,On Time,Yes,Yes,Yes,0
DLV800001313,2025-08-24,2025-08-24,MAT100046,WH03,SE,51,40,On Time,Yes,No,No,0
DLV800001314,2025-06-04,2025-06-04,MAT100056,WH03,CN,170,170,On Time,Yes,Yes,Yes,0
DLV800001315,2026-02-01,2026-02-02,MAT100046,WH01,ES,141,122,On Time,No,No,No,1
DLV800001316,2025-01-07,2025-01-07,MAT100114,WH03,FI,27,27,On Time,Yes,Yes,Yes,0
DLV800001317,2025-03-19,2025-03-19,MAT100108,WH01,PL,66,48,On Time,Yes,No,No,0
DLV800001318,2026-02-18,2026-02-18,MAT100089,WH02,ES,129,120,On Time,Yes,No,No,0
DLV800001319,2025-12-23,2025-12-24,MAT100036,WH01,ES,67,67,On Time,No,Yes,No,1
DLV800001320,2026-03-30,2026-03-30,MAT100069,WH02,DE,173,173,On Time,Yes,Yes,Yes,0
DLV800001321,2025-04-09,2025-04-14,MAT100081,WH02,ES,127,127,Delayed,No,Yes,No,5
DLV800001322,2025-11-24,2025-11-27,MAT100078,WH02,US,176,176,Delayed,No,Yes,No,3
DLV800001323,2026-02-13,2026-02-13,MAT100017,WH02,PL,79,79,On Time,Yes,Yes,Yes,0
DLV800001324,2025-02-17,2025-02-18,MAT100096,WH02,US,41,41,On Time,No,Yes,No,1
DLV800001325,2025-07-31,2025-07-31,MAT100023,WH01,NL,83,83,On Time,Yes,Yes,Yes,0
DLV800001326,2026-06-20,2026-06-21,MAT100014,WH02,FI,17,17,On Time,No,Yes,No,1
DLV800001327,2025-08-22,2025-08-22,MAT100066,WH02,FI,49,49,On Time,Yes,Yes,Yes,0
DLV800001328,2025-06-02,2025-06-02,MAT100114,WH01,ES,2,2,On Time,Yes,Yes,Yes,0
DLV800001329,2025-10-11,2025-10-11,MAT100063,WH03,CN,138,138,On Time,Yes,Yes,Yes,0
DLV800001330,2026-05-09,2026-05-09,MAT100006,WH01,DK,177,177,On Time,Yes,Yes,Yes,0
DLV800001331,2026-05-19,2026-05-21,MAT100002,WH01,NO,129,129,Delayed,No,Yes,No,2
DLV800001332,2026-02-23,2026-03-02,MAT100047,WH03,NO,56,56,Delayed,No,Yes,No,7
DLV800001333,2025-11-04,2025-11-04,MAT100064,WH03,NL,51,51,On Time,Yes,Yes,Yes,0
DLV800001334,2025-04-30,2025-04-30,MAT100032,WH02,NO,142,139,On Time,Yes,No,No,0
DLV800001335,2026-04-29,2026-04-29,MAT100056,WH02,CN,113,113,On Time,Yes,Yes,Yes,0
DLV800001336,2026-05-28,2026-05-28,MAT100041,WH01,IT,15,15,On Time,Yes,Yes,Yes,0
DLV800001337,2025-04-16,2025-04-16,MAT100085,WH03,PL,102,102,On Time,Yes,Yes,Yes,0
DLV800001338,2025-09-27,2025-09-27,MAT100011,WH02,SE,4,4,On Time,Yes,Yes,Yes,0
DLV800001339,2025-12-27,2025-12-27,MAT100013,WH01,ES,55,39,On Time,Yes,No,No,0
DLV800001340,2026-04-07,2026-04-08,MAT100097,WH01,DK,8,8,On Time,No,Yes,No,1
DLV800001341,2026-05-24,2026-05-24,MAT100081,WH01,DE,142,142,On Time,Yes,Yes,Yes,0
DLV800001342,2025-05-14,2025-05-14,MAT100028,WH02,FR,128,128,On Time,Yes,Yes,Yes,0
DLV800001343,2025-10-23,2025-10-23,MAT100022,WH01,IT,55,55,On Time,Yes,Yes,Yes,0
DLV800001344,2026-04-07,2026-04-07,MAT100051,WH03,FI,135,135,On Time,Yes,Yes,Yes,0
DLV800001345,2026-04-16,2026-04-17,MAT100098,WH02,CN,106,106,On Time,No,Yes,No,1
DLV800001346,2025-06-08,2025-06-08,MAT100017,WH01,PL,176,176,On Time,Yes,Yes,Yes,0
DLV800001347,2025-06-18,2025-06-18,MAT100034,WH03,IT,113,113,On Time,Yes,Yes,Yes,0
DLV800001348,2026-01-04,2026-01-11,MAT100098,WH01,FI,146,146,Delayed,No,Yes,No,7
DLV800001349,2025-08-26,2025-08-26,MAT100027,WH02,FI,168,168,On Time,Yes,Yes,Yes,0
DLV800001350,2026-06-18,2026-06-25,MAT100034,WH01,IT,90,90,Delayed,No,Yes,No,7
DLV800001351,2025-04-01,2025-04-01,MAT100093,WH01,CN,79,79,On Time,Yes,Yes,Yes,0
DLV800001352,2025-12-13,2025-12-13,MAT100091,WH02,SE,142,142,On Time,Yes,Yes,Yes,0
DLV800001353,2025-07-22,2025-07-23,MAT100051,WH02,DK,50,50,On Time,No,Yes,No,1
DLV800001354,2026-01-10,2026-01-11,MAT100100,WH02,PL,19,19,On Time,No,Yes,No,1
DLV800001355,2025-01-25,2025-01-25,MAT100063,WH01,ES,46,46,On Time,Yes,Yes,Yes,0
DLV800001356,2025-04-28,2025-04-29,MAT100029,WH03,FI,25,25,Delayed,No,Yes,No,1
DLV800001357,2025-07-23,2025-07-31,MAT100010,WH02,DE,159,159,Delayed,No,Yes,No,8
DLV800001358,2026-02-08,2026-02-09,MAT100091,WH03,SE,65,65,On Time,No,Yes,No,1
DLV800001359,2026-05-08,2026-05-08,MAT100074,WH02,US,98,98,On Time,Yes,Yes,Yes,0
DLV800001360,2025-07-05,2025-07-06,MAT100023,WH01,FI,79,79,On Time,No,Yes,No,1
DLV800001361,2025-10-01,2025-10-02,MAT100097,WH03,ES,27,27,On Time,No,Yes,No,1
DLV800001362,2026-05-16,2026-05-16,MAT100087,WH03,DK,175,175,On Time,Yes,Yes,Yes,0
DLV800001363,2026-02-28,2026-03-01,MAT100066,WH03,DK,131,131,On Time,No,Yes,No,1
DLV800001364,2025-12-18,2025-12-18,MAT100062,WH03,PL,129,129,On Time,Yes,Yes,Yes,0
DLV800001365,2026-02-25,2026-02-26,MAT100026,WH01,CN,14,14,On Time,No,Yes,No,1
DLV800001366,2025-09-28,2025-09-29,MAT100105,WH03,NL,99,99,On Time,No,Yes,No,1
DLV800001367,2025-09-02,2025-09-02,MAT100092,WH03,NL,82,82,On Time,Yes,Yes,Yes,0
DLV800001368,2025-01-06,2025-01-07,MAT100083,WH03,FR,81,81,On Time,No,Yes,No,1
DLV800001369,2025-12-24,2025-12-24,MAT100048,WH01,DK,124,124,On Time,Yes,Yes,Yes,0
DLV800001370,2025-05-04,2025-05-05,MAT100068,WH01,PL,78,78,On Time,No,Yes,No,1
DLV800001371,2025-08-03,2025-08-08,MAT100093,WH02,FI,23,23,Delayed,No,Yes,No,5
DLV800001372,2025-11-18,2025-11-18,MAT100030,WH03,CN,105,105,On Time,Yes,Yes,Yes,0
DLV800001373,2026-03-14,2026-03-15,MAT100032,WH01,DE,111,111,On Time,No,Yes,No,1
DLV800001374,2025-12-10,2025-12-10,MAT100105,WH01,DK,148,148,On Time,Yes,Yes,Yes,0
DLV800001375,2026-05-10,2026-05-10,MAT100067,WH02,NO,30,30,On Time,Yes,Yes,Yes,0
DLV800001376,2025-07-21,2025-07-22,MAT100033,WH01,ES,110,110,Delayed,No,Yes,No,1
DLV800001377,2026-04-30,2026-04-30,MAT100117,WH02,US,6,6,On Time,Yes,Yes,Yes,0
DLV800001378,2026-04-24,2026-04-25,MAT100061,WH01,PL,86,86,On Time,No,Yes,No,1
DLV800001379,2025-07-06,2025-07-07,MAT100073,WH01,CN,25,25,On Time,No,Yes,No,1
DLV800001380,2025-04-15,2025-04-15,MAT100065,WH02,ES,128,128,On Time,Yes,Yes,Yes,0
DLV800001381,2025-02-15,2025-02-21,MAT100105,WH02,FI,31,31,Delayed,No,Yes,No,6
DLV800001382,2025-11-05,2025-11-05,MAT100104,WH01,IT,132,132,On Time,Yes,Yes,Yes,0
DLV800001383,2025-12-03,2025-12-03,MAT100080,WH01,FR,75,75,On Time,Yes,Yes,Yes,0
DLV800001384,2026-06-03,2026-06-04,MAT100011,WH02,DK,66,66,On Time,No,Yes,No,1
DLV800001385,2025-10-01,2025-10-01,MAT100026,WH01,IT,151,151,On Time,Yes,Yes,Yes,0
DLV800001386,2025-12-17,2025-12-17,MAT100021,WH01,NL,32,32,On Time,Yes,Yes,Yes,0
DLV800001387,2025-08-13,2025-08-16,MAT100052,WH02,NO,63,63,Delayed,No,Yes,No,3
DLV800001388,2025-05-01,2025-05-01,MAT100027,WH01,DK,47,47,On Time,Yes,Yes,Yes,0
DLV800001389,2025-12-01,2025-12-01,MAT100069,WH01,US,52,52,On Time,Yes,Yes,Yes,0
DLV800001390,2025-02-26,2025-02-26,MAT100117,WH01,PL,178,162,On Time,Yes,No,No,0
DLV800001391,2026-06-13,2026-06-14,MAT100027,WH03,CN,154,154,On Time,No,Yes,No,1
DLV800001392,2025-12-02,2025-12-02,MAT100069,WH01,CN,96,96,On Time,Yes,Yes,Yes,0
DLV800001393,2025-10-09,2025-10-09,MAT100112,WH02,IT,130,130,On Time,Yes,Yes,Yes,0
DLV800001394,2025-12-13,2025-12-13,MAT100055,WH03,IT,132,132,On Time,Yes,Yes,Yes,0
DLV800001395,2026-04-10,2026-04-10,MAT100098,WH02,DE,4,4,On Time,Yes,Yes,Yes,0
DLV800001396,2026-06-07,2026-06-07,MAT100038,WH01,CN,74,74,On Time,Yes,Yes,Yes,0
DLV800001397,2025-12-27,2025-12-27,MAT100066,WH03,PL,95,95,On Time,Yes,Yes,Yes,0
DLV800001398,2025-12-04,2025-12-05,MAT100064,WH02,NO,161,161,On Time,No,Yes,No,1
DLV800001399,2025-05-01,2025-05-02,MAT100095,WH03,NL,38,38,On Time,No,Yes,No,1
DLV800001400,2025-03-05,2025-03-05,MAT100071,WH02,ES,154,154,On Time,Yes,Yes,Yes,0
