PurchaseOrderID,OrderDate,RequestedDeliveryDate,ActualDeliveryDate,SupplierID,ProductID,WarehouseID,OrderQty,UnitPriceEUR,POValueEUR,Status,DelayDays,Confirmed
PO4500000001,2025-10-23,2025-10-26,2025-10-26,SUP024,MAT100035,WH03,331,631.26,208947.06,Delivered,0,Yes
PO4500000002,2025-03-24,2025-04-11,2025-04-11,SUP015,MAT100004,WH01,350,545.32,190862.0,Delivered,0,Yes
PO4500000003,2025-01-22,2025-02-24,2025-03-05,SUP022,MAT100023,WH02,61,687.98,41966.78,Late,9,Yes
PO4500000004,2025-10-12,2025-10-30,2025-10-31,SUP015,MAT100063,WH01,466,573.13,267078.58,Delivered,1,Yes
PO4500000005,2025-12-08,2025-12-19,2025-12-16,SUP014,MAT100089,WH02,184,300.17,55231.28,Delivered,0,Yes
PO4500000006,2025-02-07,2025-02-25,2025-02-24,SUP013,MAT100099,WH02,278,294.33,81823.74,Delivered,0,Yes
PO4500000007,2026-04-19,2026-05-22,2026-05-20,SUP001,MAT100097,WH02,550,328.79,180834.5,Delivered,0,Yes
PO4500000008,2025-07-28,2025-08-11,2025-08-09,SUP002,MAT100090,WH02,314,397.11,124692.54,Delivered,0,Yes
PO4500000009,2025-09-03,2025-10-06,2025-10-05,SUP021,MAT100053,WH01,584,17.24,10068.16,Delivered,0,Yes
PO4500000010,2026-04-18,2026-04-29,2026-05-04,SUP004,MAT100038,WH03,530,839.72,445051.6,Late,5,Yes
PO4500000011,2026-05-10,2026-05-21,2026-05-29,SUP014,MAT100050,WH01,487,498.38,242711.06,Late,8,Yes
PO4500000012,2025-05-20,2025-05-29,2025-06-07,SUP017,MAT100101,WH03,444,309.19,137280.36,Late,9,Yes
PO4500000013,2025-10-17,2025-11-19,2025-11-20,SUP001,MAT100058,WH03,521,779.41,406072.61,Delivered,1,Yes
PO4500000014,2026-01-22,2026-02-21,2026-02-20,SUP011,MAT100031,WH03,213,882.79,188034.27,Delivered,0,Yes
PO4500000015,2025-02-14,2025-02-25,2025-02-25,SUP014,MAT100085,WH03,410,350.54,143721.4,Delivered,0,Yes
PO4500000016,2025-02-07,2025-02-17,2025-02-18,SUP016,MAT100112,WH02,359,783.38,281233.42,Delivered,1,Yes
PO4500000017,2025-01-16,2025-02-03,2025-02-03,SUP015,MAT100101,WH02,178,71.97,12810.66,Delivered,0,Yes
PO4500000018,2026-02-12,2026-03-16,2026-03-15,SUP023,MAT100041,WH03,566,345.11,195332.26,Delivered,0,Yes
PO4500000019,2025-02-06,2025-02-16,2025-02-14,SUP016,MAT100096,WH01,314,897.7,281877.8,Delivered,0,Yes
PO4500000020,2025-04-13,2025-04-24,2025-04-23,SUP004,MAT100102,WH01,49,46.16,2261.84,Delivered,0,Yes
PO4500000021,2026-03-18,2026-03-27,2026-03-28,SUP012,MAT100102,WH01,441,511.51,225575.91,Delivered,1,Yes
PO4500000022,2026-01-27,2026-02-08,2026-02-06,SUP003,MAT100019,WH01,529,821.98,434827.42,Delivered,0,Yes
PO4500000023,2026-04-16,2026-04-23,2026-04-20,SUP009,MAT100087,WH03,496,811.58,402543.68,Delivered,0,Yes
PO4500000024,2025-12-20,2026-01-07,2026-01-17,SUP015,MAT100059,WH02,454,622.83,282764.82,Late,10,Yes
PO4500000025,2026-05-10,2026-05-28,2026-05-28,SUP013,MAT100090,WH02,387,519.46,201031.02,Delivered,0,No
PO4500000026,2026-02-10,2026-03-15,2026-03-16,SUP022,MAT100096,WH02,70,820.0,57400.0,Delivered,1,Yes
PO4500000027,2025-08-24,2025-09-06,2025-09-05,SUP010,MAT100080,WH02,244,574.77,140243.88,Delivered,0,Yes
PO4500000028,2025-05-21,2025-05-24,2025-05-21,SUP024,MAT100005,WH03,336,710.81,238832.16,Delivered,0,Yes
PO4500000029,2025-04-03,2025-05-05,2025-05-04,SUP005,MAT100017,WH03,445,162.2,72179.0,Delivered,0,Yes
PO4500000030,2026-05-29,2026-06-07,2026-06-13,SUP012,MAT100062,WH02,283,823.07,232928.81,Late,6,Yes
PO4500000031,2025-04-28,2025-05-28,2025-05-25,SUP011,MAT100029,WH03,164,679.97,111515.08,Delivered,0,Yes
PO4500000032,2026-01-10,2026-01-28,2026-01-28,SUP013,MAT100016,WH02,34,241.69,8217.46,Delivered,0,Yes
PO4500000033,2025-09-26,2025-09-29,2025-09-28,SUP024,MAT100061,WH01,130,608.98,79167.4,Delivered,0,Yes
PO4500000034,2025-12-02,2025-12-08,2025-12-16,SUP018,MAT100060,WH03,84,573.69,48189.96,Late,8,Yes
PO4500000035,2025-04-30,2025-05-11,2025-05-08,SUP014,MAT100015,WH01,331,896.36,296695.16,Delivered,0,Yes
PO4500000036,2025-05-19,2025-05-25,2025-05-24,SUP018,MAT100096,WH03,573,380.12,217808.76,Delivered,0,Yes
PO4500000037,2025-04-12,2025-04-23,2025-04-24,SUP014,MAT100036,WH01,437,845.45,369461.65,Delivered,1,Yes
PO4500000038,2026-03-31,2026-04-19,2026-04-17,SUP007,MAT100088,WH02,391,93.92,36722.72,Delivered,0,Yes
PO4500000039,2026-01-03,2026-02-05,2026-02-04,SUP021,MAT100109,WH02,214,871.55,186511.7,Delivered,0,Yes
PO4500000040,2025-01-22,2025-02-10,2025-02-09,SUP007,MAT100101,WH03,269,889.99,239407.31,Delivered,0,Yes
PO4500000041,2025-08-01,2025-08-07,2025-08-05,SUP018,MAT100101,WH03,356,698.06,248509.36,Delivered,0,No
PO4500000042,2025-05-14,2025-06-15,2025-06-13,SUP005,MAT100004,WH01,132,596.65,78757.8,Delivered,0,No
PO4500000043,2025-11-28,2025-12-13,2025-12-12,SUP008,MAT100054,WH03,73,118.45,8646.85,Delivered,0,Yes
PO4500000044,2026-05-03,2026-05-15,2026-05-14,SUP003,MAT100058,WH03,545,536.33,292299.85,Delivered,0,Yes
PO4500000045,2025-02-14,2025-03-20,2025-03-21,SUP020,MAT100004,WH01,328,414.95,136103.6,Delivered,1,Yes
PO4500000046,2026-03-13,2026-03-31,2026-03-31,SUP013,MAT100011,WH02,474,70.77,33544.98,Delivered,0,Yes
PO4500000047,2025-05-10,2025-05-22,2025-05-23,SUP003,MAT100049,WH03,581,642.38,373222.78,Delivered,1,Yes
PO4500000048,2026-06-02,2026-06-20,2026-06-17,SUP015,MAT100084,WH03,137,768.25,105250.25,Delivered,0,Yes
PO4500000049,2026-03-17,2026-04-05,2026-04-03,SUP007,MAT100059,WH02,443,308.34,136594.62,Delivered,0,Yes
PO4500000050,2025-11-17,2025-11-28,2025-11-27,SUP004,MAT100088,WH02,403,858.47,345963.41,Delivered,0,Yes
PO4500000051,2025-04-06,2025-04-18,2025-04-17,SUP003,MAT100076,WH03,153,502.95,76951.35,Delivered,0,Yes
PO4500000052,2025-05-06,2025-06-08,2025-06-08,SUP022,MAT100077,WH02,72,871.72,62763.84,Delivered,0,Yes
PO4500000053,2026-06-04,2026-07-11,2026-07-11,SUP019,MAT100045,WH03,249,763.31,190064.19,Open,0,Yes
PO4500000054,2025-08-20,2025-08-27,2025-08-28,SUP009,MAT100119,WH03,590,28.5,16815.0,Delivered,1,Yes
PO4500000055,2025-01-30,2025-02-06,2025-02-05,SUP009,MAT100024,WH01,367,319.17,117135.39,Delivered,0,Yes
PO4500000056,2025-03-13,2025-03-31,2025-03-28,SUP013,MAT100028,WH02,113,672.77,76023.01,Delivered,0,Yes
PO4500000057,2025-06-11,2025-07-11,2025-07-10,SUP011,MAT100020,WH01,106,795.59,84332.54,Delivered,0,Yes
PO4500000058,2025-03-25,2025-04-08,2025-04-08,SUP002,MAT100054,WH02,517,548.33,283486.61,Delivered,0,Yes
PO4500000059,2025-04-27,2025-05-06,2025-05-03,SUP017,MAT100076,WH02,310,612.01,189723.1,Delivered,0,Yes
PO4500000060,2025-02-16,2025-03-01,2025-03-02,SUP010,MAT100039,WH01,76,11.88,902.88,Delivered,1,Yes
PO4500000061,2025-10-24,2025-10-31,2025-10-28,SUP009,MAT100023,WH01,529,673.58,356323.82,Delivered,0,Yes
PO4500000062,2025-08-24,2025-09-25,2025-09-24,SUP023,MAT100095,WH01,93,360.38,33515.34,Delivered,0,Yes
PO4500000063,2025-03-21,2025-04-08,2025-04-09,SUP015,MAT100091,WH03,459,518.19,237849.21,Delivered,1,Yes
PO4500000064,2026-02-19,2026-03-02,2026-03-01,SUP004,MAT100080,WH02,195,722.18,140825.1,Delivered,0,Yes
PO4500000065,2025-04-01,2025-04-10,2025-04-07,SUP012,MAT100052,WH03,269,394.93,106236.17,Delivered,0,Yes
PO4500000066,2025-12-14,2025-12-27,2025-12-25,SUP010,MAT100015,WH03,98,461.88,45264.24,Delivered,0,Yes
PO4500000067,2025-12-26,2026-01-04,2026-01-02,SUP012,MAT100033,WH01,261,97.01,25319.61,Delivered,0,Yes
PO4500000068,2025-03-19,2025-04-20,2025-04-20,SUP005,MAT100098,WH03,495,680.23,336713.85,Delivered,0,Yes
PO4500000069,2025-11-27,2026-01-03,2026-01-14,SUP019,MAT100061,WH02,174,398.59,69354.66,Late,11,Yes
PO4500000070,2025-02-27,2025-03-06,2025-03-03,SUP009,MAT100005,WH01,337,418.26,140953.62,Delivered,0,Yes
PO4500000071,2025-03-20,2025-04-02,2025-03-30,SUP010,MAT100075,WH03,539,349.11,188170.29,Delivered,0,Yes
PO4500000072,2025-02-12,2025-02-15,2025-02-16,SUP024,MAT100061,WH03,212,292.77,62067.24,Delivered,1,Yes
PO4500000073,2026-04-07,2026-04-21,2026-04-20,SUP002,MAT100023,WH01,106,456.57,48396.42,Delivered,0,Yes
PO4500000074,2026-03-26,2026-04-13,2026-04-14,SUP015,MAT100118,WH02,182,330.69,60185.58,Delivered,1,Yes
PO4500000075,2025-02-23,2025-03-25,2025-03-24,SUP011,MAT100072,WH03,87,300.07,26106.09,Delivered,0,Yes
PO4500000076,2025-06-03,2025-06-10,2025-06-11,SUP009,MAT100040,WH03,164,825.49,135380.36,Delivered,1,Yes
PO4500000077,2025-05-13,2025-05-31,2025-05-28,SUP013,MAT100083,WH02,337,505.24,170265.88,Delivered,0,Yes
PO4500000078,2025-04-06,2025-05-09,2025-05-09,SUP022,MAT100047,WH02,540,328.84,177573.6,Delivered,0,Yes
PO4500000079,2025-12-16,2026-01-04,2026-01-20,SUP007,MAT100018,WH01,216,207.76,44876.16,Late,16,Yes
PO4500000080,2026-06-04,2026-06-15,2026-06-16,SUP004,MAT100113,WH03,58,597.43,34650.94,Delivered,1,Yes
PO4500000081,2025-06-07,2025-06-25,2025-06-26,SUP013,MAT100006,WH02,189,650.46,122936.94,Delivered,1,Yes
PO4500000082,2025-09-01,2025-09-04,2025-09-14,SUP024,MAT100031,WH02,479,214.43,102711.97,Late,10,Yes
PO4500000083,2025-07-18,2025-07-28,2025-07-29,SUP016,MAT100037,WH02,471,418.2,196972.2,Delivered,1,Yes
PO4500000084,2025-06-15,2025-06-26,2025-06-27,SUP014,MAT100007,WH03,161,786.34,126600.74,Delivered,1,Yes
PO4500000085,2025-04-16,2025-04-25,2025-04-26,SUP012,MAT100098,WH01,147,260.13,38239.11,Delivered,1,Yes
PO4500000086,2025-05-31,2025-06-09,2025-06-12,SUP017,MAT100114,WH02,247,735.95,181779.65,Late,3,Yes
PO4500000087,2025-02-24,2025-03-07,2025-03-06,SUP014,MAT100011,WH02,261,350.62,91511.82,Delivered,0,Yes
PO4500000088,2025-04-12,2025-05-12,2025-05-11,SUP011,MAT100037,WH02,169,128.15,21657.35,Delivered,0,Yes
PO4500000089,2026-04-26,2026-05-28,2026-05-25,SUP005,MAT100028,WH01,101,22.01,2223.01,Delivered,0,Yes
PO4500000090,2026-03-10,2026-03-13,2026-03-12,SUP024,MAT100007,WH01,263,274.53,72201.39,Delivered,0,Yes
PO4500000091,2026-04-14,2026-05-18,2026-05-18,SUP020,MAT100066,WH03,568,19.71,11195.28,Delivered,0,Yes
PO4500000092,2025-10-26,2025-11-27,2025-11-28,SUP005,MAT100054,WH01,381,220.3,83934.3,Delivered,1,Yes
PO4500000093,2026-01-05,2026-01-17,2026-01-18,SUP003,MAT100065,WH03,577,459.06,264877.62,Delivered,1,No
PO4500000094,2025-02-14,2025-02-24,2025-02-23,SUP016,MAT100046,WH01,279,673.85,188004.15,Delivered,0,Yes
PO4500000095,2025-04-17,2025-04-20,2025-04-19,SUP024,MAT100070,WH02,156,44.68,6970.08,Delivered,0,Yes
PO4500000096,2026-04-21,2026-05-04,2026-05-20,SUP006,MAT100009,WH03,206,731.29,150645.74,Late,16,Yes
PO4500000097,2025-02-07,2025-02-25,2025-02-22,SUP015,MAT100041,WH02,224,797.78,178702.72,Delivered,0,Yes
PO4500000098,2026-04-30,2026-05-06,2026-05-04,SUP018,MAT100100,WH01,312,324.49,101240.88,Delivered,0,Yes
PO4500000099,2025-10-07,2025-11-06,2025-11-05,SUP011,MAT100096,WH02,467,801.09,374109.03,Delivered,0,Yes
PO4500000100,2025-12-14,2026-01-01,2026-01-17,SUP013,MAT100103,WH03,529,333.78,176569.62,Late,16,Yes
PO4500000101,2026-03-11,2026-03-23,2026-03-24,SUP003,MAT100042,WH01,204,493.2,100612.8,Delivered,1,Yes
PO4500000102,2025-10-30,2025-12-02,2025-12-03,SUP022,MAT100057,WH02,456,154.15,70292.4,Delivered,1,Yes
PO4500000103,2025-12-28,2025-12-31,2025-12-31,SUP024,MAT100102,WH01,301,577.33,173776.33,Delivered,0,Yes
PO4500000104,2026-02-20,2026-03-25,2026-03-23,SUP021,MAT100078,WH03,51,132.79,6772.29,Delivered,0,Yes
PO4500000105,2025-05-10,2025-05-24,2025-05-23,SUP002,MAT100073,WH01,390,347.65,135583.5,Delivered,0,Yes
PO4500000106,2026-04-06,2026-05-09,2026-05-21,SUP022,MAT100074,WH01,474,687.96,326093.04,Late,12,Yes
PO4500000107,2025-11-18,2025-12-06,2025-12-04,SUP013,MAT100024,WH02,136,28.19,3833.84,Delivered,0,Yes
PO4500000108,2025-05-01,2025-05-07,2025-05-06,SUP018,MAT100079,WH02,476,197.04,93791.04,Delivered,0,Yes
PO4500000109,2025-07-24,2025-08-03,2025-07-31,SUP016,MAT100092,WH02,482,159.53,76893.46,Delivered,0,Yes
PO4500000110,2025-11-24,2025-12-27,2025-12-24,SUP022,MAT100115,WH02,583,490.24,285809.92,Delivered,0,Yes
PO4500000111,2025-06-28,2025-07-30,2025-07-31,SUP023,MAT100026,WH01,249,113.62,28291.38,Delivered,1,Yes
PO4500000112,2025-01-27,2025-02-06,2025-02-07,SUP016,MAT100071,WH01,397,423.33,168062.01,Delivered,1,Yes
PO4500000113,2025-03-09,2025-03-21,2025-03-21,SUP003,MAT100053,WH03,558,372.66,207944.28,Delivered,0,Yes
PO4500000114,2025-03-17,2025-04-16,2025-04-17,SUP011,MAT100107,WH03,372,119.86,44587.92,Delivered,1,Yes
PO4500000115,2025-05-13,2025-05-26,2025-05-23,SUP006,MAT100039,WH01,147,468.7,68898.9,Delivered,0,Yes
PO4500000116,2025-08-19,2025-09-20,2025-09-21,SUP023,MAT100033,WH01,310,762.11,236254.1,Delivered,1,Yes
PO4500000117,2025-10-09,2025-10-15,2025-10-14,SUP018,MAT100083,WH01,566,88.62,50158.92,Delivered,0,Yes
PO4500000118,2025-06-07,2025-07-14,2025-07-15,SUP019,MAT100073,WH01,365,759.06,277056.9,Delivered,1,Yes
PO4500000119,2025-03-25,2025-04-27,2025-04-28,SUP001,MAT100099,WH03,291,587.76,171038.16,Delivered,1,Yes
PO4500000120,2025-02-01,2025-03-06,2025-03-07,SUP021,MAT100039,WH02,316,579.51,183125.16,Delivered,1,Yes
PO4500000121,2026-02-20,2026-03-25,2026-03-22,SUP022,MAT100054,WH02,81,146.48,11864.88,Delivered,0,Yes
PO4500000122,2025-05-28,2025-06-27,2025-06-26,SUP011,MAT100017,WH02,373,877.96,327479.08,Delivered,0,Yes
PO4500000123,2025-11-23,2025-12-04,2025-12-01,SUP004,MAT100019,WH01,293,407.39,119365.27,Delivered,0,No
PO4500000124,2026-03-05,2026-03-23,2026-03-21,SUP013,MAT100093,WH02,355,840.71,298452.05,Delivered,0,Yes
PO4500000125,2026-05-26,2026-06-08,2026-06-23,SUP006,MAT100064,WH01,530,791.77,419638.1,Late,15,Yes
PO4500000126,2026-06-02,2026-06-20,2026-06-18,SUP013,MAT100007,WH01,240,527.09,126501.6,Delivered,0,Yes
PO4500000127,2026-04-27,2026-05-31,2026-05-28,SUP020,MAT100113,WH02,130,390.68,50788.4,Delivered,0,Yes
PO4500000128,2026-01-10,2026-01-28,2026-01-25,SUP013,MAT100071,WH02,595,179.22,106635.9,Delivered,0,Yes
PO4500000129,2026-04-07,2026-04-16,2026-04-15,SUP017,MAT100013,WH02,141,120.15,16941.15,Delivered,0,Yes
PO4500000130,2026-01-10,2026-02-09,2026-02-07,SUP011,MAT100006,WH01,541,364.24,197053.84,Delivered,0,No
PO4500000131,2025-12-08,2026-01-09,2026-01-10,SUP023,MAT100115,WH03,487,138.3,67352.1,Delivered,1,Yes
PO4500000132,2025-11-23,2025-12-27,2025-12-28,SUP020,MAT100065,WH03,326,536.38,174859.88,Delivered,1,Yes
PO4500000133,2025-11-03,2025-12-05,2025-12-02,SUP023,MAT100015,WH02,397,301.46,119679.62,Delivered,0,Yes
PO4500000134,2025-01-28,2025-01-31,2025-01-30,SUP024,MAT100075,WH02,253,650.65,164614.45,Delivered,0,Yes
PO4500000135,2026-01-25,2026-02-27,2026-02-25,SUP021,MAT100090,WH01,52,517.45,26907.4,Delivered,0,Yes
PO4500000136,2025-11-18,2025-12-06,2025-12-06,SUP015,MAT100100,WH03,228,372.29,84882.12,Delivered,0,Yes
PO4500000137,2025-03-05,2025-03-08,2025-03-09,SUP024,MAT100085,WH02,232,506.99,117621.68,Delivered,1,Yes
PO4500000138,2025-06-27,2025-07-27,2025-07-28,SUP011,MAT100087,WH03,370,493.91,182746.7,Delivered,1,Yes
PO4500000139,2025-09-28,2025-10-30,2025-10-28,SUP023,MAT100039,WH01,272,254.71,69281.12,Delivered,0,Yes
PO4500000140,2025-10-23,2025-11-05,2025-11-05,SUP010,MAT100072,WH03,344,434.42,149440.48,Delivered,0,Yes
PO4500000141,2026-01-24,2026-02-04,2026-02-17,SUP004,MAT100103,WH01,373,859.37,320545.01,Late,13,Yes
PO4500000142,2025-03-22,2025-04-04,2025-04-04,SUP010,MAT100028,WH01,282,673.87,190031.34,Delivered,0,Yes
PO4500000143,2025-10-06,2025-10-13,2025-10-14,SUP009,MAT100086,WH03,265,222.0,58830.0,Delivered,1,Yes
PO4500000144,2025-02-23,2025-03-10,2025-03-09,SUP008,MAT100099,WH01,503,94.99,47779.97,Delivered,0,No
PO4500000145,2025-06-11,2025-06-17,2025-06-17,SUP018,MAT100097,WH02,508,587.23,298312.84,Delivered,0,Yes
PO4500000146,2025-03-02,2025-04-04,2025-04-01,SUP021,MAT100093,WH01,257,483.96,124377.72,Delivered,0,Yes
PO4500000147,2026-03-04,2026-03-17,2026-03-23,SUP006,MAT100051,WH02,57,897.47,51155.79,Late,6,Yes
PO4500000148,2025-10-24,2025-10-27,2025-10-28,SUP024,MAT100014,WH02,325,513.33,166832.25,Late,1,Yes
PO4500000149,2026-05-21,2026-06-23,2026-06-21,SUP021,MAT100025,WH01,536,423.88,227199.68,Delivered,0,Yes
PO4500000150,2026-04-15,2026-04-18,2026-04-16,SUP024,MAT100102,WH02,34,664.27,22585.18,Delivered,0,Yes
PO4500000151,2025-06-29,2025-07-18,2025-07-18,SUP007,MAT100012,WH02,457,466.18,213044.26,Delivered,0,Yes
PO4500000152,2025-05-24,2025-06-06,2025-06-04,SUP006,MAT100031,WH02,26,238.4,6198.4,Delivered,0,Yes
PO4500000153,2025-11-06,2025-12-06,2025-12-07,SUP011,MAT100047,WH03,31,239.09,7411.79,Delivered,1,Yes
PO4500000154,2025-05-02,2025-06-04,2025-06-02,SUP022,MAT100119,WH03,435,619.04,269282.4,Delivered,0,Yes
PO4500000155,2025-05-01,2025-06-02,2025-06-01,SUP023,MAT100029,WH01,396,555.09,219815.64,Delivered,0,Yes
PO4500000156,2026-01-18,2026-02-05,2026-02-06,SUP015,MAT100103,WH03,502,682.83,342780.66,Delivered,1,Yes
PO4500000157,2025-03-25,2025-04-09,2025-04-10,SUP008,MAT100073,WH01,390,74.9,29211.0,Delivered,1,Yes
PO4500000158,2026-06-02,2026-06-08,2026-06-09,SUP018,MAT100110,WH03,173,152.26,26340.98,Delivered,1,Yes
PO4500000159,2025-07-30,2025-09-01,2025-09-01,SUP022,MAT100058,WH01,113,809.51,91474.63,Delivered,0,Yes
PO4500000160,2026-03-02,2026-03-11,2026-03-08,SUP017,MAT100104,WH02,592,418.83,247947.36,Delivered,0,Yes
PO4500000161,2025-09-18,2025-10-06,2025-10-04,SUP013,MAT100045,WH03,94,45.53,4279.82,Delivered,0,Yes
PO4500000162,2025-03-12,2025-03-26,2025-04-11,SUP002,MAT100024,WH01,52,261.95,13621.4,Late,16,Yes
PO4500000163,2026-03-07,2026-03-10,2026-03-10,SUP024,MAT100117,WH02,479,783.31,375205.49,Delivered,0,Yes
PO4500000164,2025-05-17,2025-06-19,2025-06-18,SUP022,MAT100069,WH02,141,164.73,23226.93,Delivered,0,Yes
PO4500000165,2025-08-17,2025-08-20,2025-08-17,SUP024,MAT100093,WH03,325,419.39,136301.75,Delivered,0,Yes
PO4500000166,2025-08-24,2025-09-11,2025-09-10,SUP013,MAT100120,WH03,178,251.71,44804.38,Delivered,0,Yes
PO4500000167,2026-03-06,2026-03-20,2026-03-17,SUP002,MAT100013,WH03,266,189.44,50391.04,Delivered,0,No
PO4500000168,2025-02-19,2025-03-25,2025-03-22,SUP020,MAT100070,WH01,431,397.87,171481.97,Delivered,0,Yes
PO4500000169,2025-05-24,2025-06-07,2025-06-06,SUP002,MAT100094,WH03,259,735.13,190398.67,Delivered,0,Yes
PO4500000170,2025-11-25,2025-12-29,2025-12-27,SUP020,MAT100039,WH02,553,202.83,112164.99,Delivered,0,Yes
PO4500000171,2025-06-29,2025-08-05,2025-08-05,SUP019,MAT100045,WH03,589,448.58,264213.62,Delivered,0,Yes
PO4500000172,2025-11-23,2025-12-02,2025-12-02,SUP017,MAT100024,WH03,172,273.4,47024.8,Delivered,0,Yes
PO4500000173,2025-11-04,2025-11-19,2025-11-24,SUP008,MAT100072,WH02,494,823.69,406902.86,Late,5,Yes
PO4500000174,2025-05-18,2025-05-24,2025-05-23,SUP018,MAT100011,WH02,228,300.59,68534.52,Delivered,0,Yes
PO4500000175,2025-07-15,2025-07-27,2025-07-27,SUP003,MAT100025,WH03,60,786.89,47213.4,Delivered,0,Yes
PO4500000176,2025-08-11,2025-08-17,2025-08-16,SUP018,MAT100002,WH01,330,861.53,284304.9,Delivered,0,Yes
PO4500000177,2025-05-01,2025-05-04,2025-05-04,SUP024,MAT100091,WH01,268,627.59,168194.12,Delivered,0,Yes
PO4500000178,2025-11-26,2025-12-11,2025-12-11,SUP008,MAT100046,WH02,497,482.62,239862.14,Delivered,0,Yes
PO4500000179,2026-05-25,2026-06-03,2026-06-03,SUP017,MAT100048,WH02,347,823.33,285695.51,Delivered,0,Yes
PO4500000180,2025-08-15,2025-09-21,2025-09-18,SUP019,MAT100075,WH03,287,500.21,143560.27,Delivered,0,Yes
PO4500000181,2025-06-06,2025-06-19,2025-06-17,SUP010,MAT100032,WH02,408,514.96,210103.68,Delivered,0,Yes
PO4500000182,2025-12-12,2026-01-14,2026-01-14,SUP022,MAT100094,WH02,522,417.44,217903.68,Delivered,0,Yes
PO4500000183,2026-05-16,2026-05-19,2026-05-20,SUP024,MAT100108,WH01,80,473.93,37914.4,Delivered,1,Yes
PO4500000184,2025-02-19,2025-03-24,2025-03-24,SUP022,MAT100030,WH01,160,759.08,121452.8,Delivered,0,Yes
PO4500000185,2025-08-12,2025-09-14,2025-09-13,SUP001,MAT100086,WH03,81,557.96,45194.76,Delivered,0,Yes
PO4500000186,2026-05-15,2026-06-17,2026-06-18,SUP022,MAT100003,WH03,584,373.15,217919.6,Delivered,1,Yes
PO4500000187,2025-10-21,2025-10-27,2025-10-27,SUP018,MAT100013,WH03,203,100.78,20458.34,Delivered,0,Yes
PO4500000188,2025-09-16,2025-10-05,2025-10-14,SUP007,MAT100052,WH02,426,75.72,32256.72,Late,9,Yes
PO4500000189,2025-08-20,2025-09-21,2025-09-18,SUP023,MAT100049,WH02,52,88.68,4611.36,Delivered,0,Yes
PO4500000190,2025-01-10,2025-01-24,2025-01-21,SUP002,MAT100083,WH02,531,761.57,404393.67,Delivered,0,Yes
PO4500000191,2025-02-13,2025-02-24,2025-02-25,SUP004,MAT100119,WH01,506,247.63,125300.78,Delivered,1,Yes
PO4500000192,2025-02-03,2025-02-10,2025-02-09,SUP009,MAT100076,WH01,36,865.51,31158.36,Delivered,0,Yes
PO4500000193,2026-02-12,2026-03-16,2026-03-15,SUP023,MAT100073,WH02,186,509.74,94811.64,Delivered,0,Yes
PO4500000194,2025-12-06,2025-12-12,2025-12-10,SUP018,MAT100045,WH01,100,453.21,45321.0,Delivered,0,Yes
PO4500000195,2025-03-19,2025-04-03,2025-04-04,SUP008,MAT100042,WH01,426,872.18,371548.68,Delivered,1,Yes
PO4500000196,2026-05-18,2026-06-05,2026-06-06,SUP015,MAT100088,WH03,404,391.5,158166.0,Delivered,1,Yes
PO4500000197,2025-10-30,2025-11-11,2025-11-08,SUP003,MAT100049,WH03,104,244.83,25462.32,Delivered,0,Yes
PO4500000198,2026-02-03,2026-03-07,2026-03-04,SUP005,MAT100040,WH02,113,9.65,1090.45,Delivered,0,Yes
PO4500000199,2025-04-15,2025-04-22,2025-04-20,SUP009,MAT100072,WH03,461,406.72,187497.92,Delivered,0,Yes
PO4500000200,2025-04-02,2025-05-05,2025-05-02,SUP001,MAT100002,WH02,352,778.03,273866.56,Delivered,0,Yes
PO4500000201,2025-09-06,2025-09-18,2025-09-16,SUP003,MAT100035,WH02,409,156.7,64090.3,Delivered,0,Yes
PO4500000202,2025-03-06,2025-04-07,2025-04-06,SUP005,MAT100101,WH01,451,273.28,123249.28,Delivered,0,Yes
PO4500000203,2026-05-23,2026-06-07,2026-06-05,SUP008,MAT100039,WH01,488,100.74,49161.12,Delivered,0,Yes
PO4500000204,2026-01-25,2026-02-24,2026-02-23,SUP011,MAT100105,WH03,470,304.59,143157.3,Delivered,0,Yes
PO4500000205,2025-11-04,2025-12-06,2025-12-04,SUP005,MAT100051,WH02,510,286.19,145956.9,Delivered,0,Yes
PO4500000206,2026-05-18,2026-06-19,2026-06-27,SUP023,MAT100105,WH02,353,341.57,120574.21,Late,8,Yes
PO4500000207,2025-07-24,2025-08-30,2025-08-31,SUP019,MAT100071,WH01,204,615.13,125486.52,Delivered,1,Yes
PO4500000208,2025-08-03,2025-08-21,2025-08-20,SUP015,MAT100102,WH02,90,737.97,66417.3,Delivered,0,Yes
PO4500000209,2025-11-07,2025-12-09,2025-12-07,SUP005,MAT100010,WH02,453,711.22,322182.66,Delivered,0,Yes
PO4500000210,2026-02-15,2026-02-25,2026-02-25,SUP016,MAT100047,WH03,576,37.9,21830.4,Delivered,0,Yes
PO4500000211,2025-03-29,2025-04-04,2025-04-02,SUP018,MAT100079,WH01,383,153.87,58932.21,Delivered,0,Yes
PO4500000212,2026-02-14,2026-03-19,2026-03-30,SUP021,MAT100013,WH02,460,99.82,45917.2,Late,11,Yes
PO4500000213,2025-08-15,2025-08-18,2025-08-18,SUP024,MAT100076,WH03,494,696.25,343947.5,Delivered,0,Yes
PO4500000214,2025-01-26,2025-02-04,2025-02-03,SUP012,MAT100011,WH01,445,828.89,368856.05,Delivered,0,Yes
PO4500000215,2025-05-26,2025-05-29,2025-05-28,SUP024,MAT100067,WH02,486,706.92,343563.12,Delivered,0,Yes
PO4500000216,2026-03-25,2026-04-05,2026-04-05,SUP004,MAT100006,WH03,346,65.12,22531.52,Delivered,0,Yes
PO4500000217,2025-04-22,2025-05-22,2025-05-20,SUP011,MAT100071,WH01,269,466.81,125571.89,Delivered,0,Yes
PO4500000218,2026-04-19,2026-04-30,2026-04-30,SUP014,MAT100085,WH02,208,171.82,35738.56,Delivered,0,Yes
PO4500000219,2025-07-22,2025-07-25,2025-07-25,SUP024,MAT100028,WH01,418,8.98,3753.64,Delivered,0,Yes
PO4500000220,2025-03-06,2025-04-07,2025-04-08,SUP023,MAT100026,WH02,211,332.38,70132.18,Delivered,1,Yes
PO4500000221,2026-05-17,2026-06-19,2026-06-18,SUP022,MAT100076,WH01,417,552.12,230234.04,Delivered,0,Yes
PO4500000222,2025-06-26,2025-07-14,2025-07-13,SUP015,MAT100041,WH01,106,606.54,64293.24,Delivered,0,Yes
PO4500000223,2025-07-07,2025-07-18,2025-07-16,SUP004,MAT100077,WH01,543,352.67,191499.81,Delivered,0,Yes
PO4500000224,2025-07-10,2025-07-21,2025-07-22,SUP014,MAT100063,WH02,197,501.65,98825.05,Delivered,1,Yes
PO4500000225,2026-04-07,2026-05-07,2026-05-06,SUP011,MAT100025,WH02,29,438.72,12722.88,Delivered,0,Yes
PO4500000226,2026-05-22,2026-05-31,2026-05-31,SUP017,MAT100057,WH02,445,640.58,285058.1,Delivered,0,Yes
PO4500000227,2025-02-01,2025-03-10,2025-03-08,SUP019,MAT100029,WH03,319,34.26,10928.94,Delivered,0,Yes
PO4500000228,2026-05-23,2026-06-10,2026-06-07,SUP015,MAT100070,WH02,136,244.76,33287.36,Delivered,0,Yes
PO4500000229,2026-03-28,2026-04-11,2026-04-11,SUP002,MAT100084,WH01,124,663.71,82300.04,Delivered,0,Yes
PO4500000230,2026-04-06,2026-04-20,2026-04-17,SUP002,MAT100016,WH01,469,779.43,365552.67,Delivered,0,Yes
PO4500000231,2025-12-26,2025-12-29,2026-01-12,SUP024,MAT100101,WH01,189,556.46,105170.94,Late,14,Yes
PO4500000232,2025-12-26,2026-01-09,2026-01-10,SUP002,MAT100091,WH02,571,155.7,88904.7,Delivered,1,Yes
PO4500000233,2026-06-11,2026-06-18,2026-06-22,SUP009,MAT100101,WH02,158,866.68,136935.44,Late,4,Yes
PO4500000234,2025-05-10,2025-05-17,2025-05-15,SUP009,MAT100042,WH01,275,135.89,37369.75,Delivered,0,Yes
PO4500000235,2026-02-07,2026-03-12,2026-03-13,SUP022,MAT100049,WH02,295,566.89,167232.55,Delivered,1,Yes
PO4500000236,2026-02-17,2026-03-01,2026-02-28,SUP003,MAT100063,WH02,397,411.95,163544.15,Delivered,0,Yes
PO4500000237,2025-04-06,2025-04-09,2025-04-09,SUP024,MAT100102,WH03,386,765.85,295618.1,Delivered,0,Yes
PO4500000238,2025-08-05,2025-08-16,2025-08-15,SUP014,MAT100074,WH01,310,307.29,95259.9,Delivered,0,Yes
PO4500000239,2025-12-18,2025-12-28,2025-12-30,SUP016,MAT100101,WH02,67,94.12,6306.04,Late,2,No
PO4500000240,2026-03-28,2026-04-10,2026-04-10,SUP006,MAT100117,WH01,227,896.15,203426.05,Delivered,0,Yes
PO4500000241,2025-06-12,2025-06-25,2025-07-04,SUP010,MAT100033,WH01,115,590.86,67948.9,Late,9,Yes
PO4500000242,2025-06-19,2025-07-22,2025-07-21,SUP021,MAT100012,WH03,259,389.16,100792.44,Delivered,0,Yes
PO4500000243,2026-05-04,2026-05-23,2026-05-24,SUP007,MAT100057,WH01,251,469.9,117944.9,Delivered,1,No
PO4500000244,2025-05-04,2025-06-03,2025-06-17,SUP011,MAT100030,WH02,155,432.54,67043.7,Late,14,Yes
PO4500000245,2025-04-16,2025-04-27,2025-04-26,SUP004,MAT100105,WH01,160,347.54,55606.4,Delivered,0,Yes
PO4500000246,2025-05-27,2025-06-29,2025-06-30,SUP022,MAT100022,WH02,28,551.24,15434.72,Delivered,1,Yes
PO4500000247,2025-06-05,2025-06-24,2025-07-09,SUP007,MAT100013,WH01,242,82.59,19986.78,Late,15,Yes
PO4500000248,2026-01-29,2026-03-07,2026-03-07,SUP019,MAT100032,WH02,342,713.01,243849.42,Delivered,0,Yes
PO4500000249,2025-10-19,2025-11-03,2025-10-31,SUP008,MAT100078,WH03,328,188.87,61949.36,Delivered,0,Yes
PO4500000250,2025-10-30,2025-11-17,2025-11-15,SUP013,MAT100031,WH02,526,350.37,184294.62,Delivered,0,Yes
PO4500000251,2025-01-13,2025-01-25,2025-02-05,SUP003,MAT100108,WH03,155,351.22,54439.1,Late,11,Yes
PO4500000252,2025-06-26,2025-07-02,2025-06-29,SUP018,MAT100002,WH02,37,530.69,19635.53,Delivered,0,Yes
PO4500000253,2026-02-12,2026-02-26,2026-02-27,SUP002,MAT100052,WH01,445,384.1,170924.5,Delivered,1,Yes
PO4500000254,2025-06-06,2025-06-12,2025-06-11,SUP018,MAT100027,WH01,100,462.62,46262.0,Delivered,0,Yes
PO4500000255,2025-03-09,2025-03-27,2025-03-27,SUP013,MAT100012,WH02,264,56.83,15003.12,Delivered,0,Yes
PO4500000256,2025-02-26,2025-04-01,2025-03-30,SUP020,MAT100018,WH03,142,16.34,2320.28,Delivered,0,No
PO4500000257,2025-12-22,2026-01-01,2025-12-31,SUP016,MAT100096,WH02,190,337.82,64185.8,Delivered,0,Yes
PO4500000258,2025-01-31,2025-02-11,2025-02-11,SUP004,MAT100034,WH03,298,473.85,141207.3,Delivered,0,Yes
PO4500000259,2025-03-20,2025-04-22,2025-04-23,SUP021,MAT100110,WH03,388,54.62,21192.56,Delivered,1,Yes
PO4500000260,2025-09-19,2025-10-02,2025-10-03,SUP006,MAT100066,WH01,138,209.42,28899.96,Delivered,1,No
PO4500000261,2025-09-08,2025-10-11,2025-10-10,SUP001,MAT100023,WH01,412,828.6,341383.2,Delivered,0,Yes
PO4500000262,2026-03-06,2026-04-07,2026-04-05,SUP023,MAT100041,WH02,446,824.69,367811.74,Delivered,0,Yes
PO4500000263,2026-01-17,2026-02-23,2026-02-20,SUP019,MAT100067,WH01,203,204.75,41564.25,Delivered,0,Yes
PO4500000264,2026-04-22,2026-05-04,2026-05-03,SUP003,MAT100059,WH01,355,82.32,29223.6,Delivered,0,Yes
PO4500000265,2025-11-08,2025-11-21,2025-11-19,SUP010,MAT100064,WH01,495,334.6,165627.0,Delivered,0,Yes
PO4500000266,2025-09-09,2025-09-15,2025-09-15,SUP018,MAT100045,WH03,44,213.53,9395.32,Delivered,0,Yes
PO4500000267,2025-12-10,2026-01-12,2026-01-12,SUP001,MAT100068,WH01,334,98.03,32742.02,Delivered,0,Yes
PO4500000268,2025-05-26,2025-06-09,2025-06-06,SUP002,MAT100115,WH03,64,829.54,53090.56,Delivered,0,Yes
PO4500000269,2026-04-15,2026-04-24,2026-04-27,SUP012,MAT100082,WH02,117,457.36,53511.12,Late,3,Yes
PO4500000270,2025-03-05,2025-04-11,2025-04-09,SUP019,MAT100109,WH02,262,266.05,69705.1,Delivered,0,Yes
PO4500000271,2025-12-01,2025-12-19,2025-12-18,SUP013,MAT100026,WH01,259,71.85,18609.15,Delivered,0,Yes
PO4500000272,2025-04-22,2025-05-29,2025-05-27,SUP019,MAT100053,WH01,480,422.12,202617.6,Delivered,0,Yes
PO4500000273,2026-04-08,2026-04-27,2026-04-26,SUP007,MAT100104,WH03,142,85.93,12202.06,Delivered,0,Yes
PO4500000274,2025-02-11,2025-03-15,2025-03-14,SUP023,MAT100032,WH02,171,86.64,14815.44,Delivered,0,Yes
PO4500000275,2025-11-03,2025-11-17,2025-11-15,SUP002,MAT100110,WH02,51,857.13,43713.63,Delivered,0,Yes
PO4500000276,2025-09-13,2025-09-19,2025-09-16,SUP018,MAT100008,WH01,163,113.7,18533.1,Delivered,0,Yes
PO4500000277,2026-01-17,2026-02-04,2026-02-01,SUP013,MAT100010,WH01,285,826.1,235438.5,Delivered,0,Yes
PO4500000278,2026-03-31,2026-04-19,2026-04-22,SUP007,MAT100060,WH01,359,114.66,41162.94,Late,3,Yes
PO4500000279,2026-03-20,2026-04-26,2026-04-26,SUP019,MAT100088,WH02,528,31.39,16573.92,Delivered,0,Yes
PO4500000280,2025-07-11,2025-07-30,2025-07-30,SUP007,MAT100080,WH03,172,36.01,6193.72,Delivered,0,Yes
PO4500000281,2026-05-26,2026-06-08,2026-06-09,SUP010,MAT100036,WH02,510,59.58,30385.8,Delivered,1,Yes
PO4500000282,2025-09-13,2025-10-02,2025-10-03,SUP007,MAT100101,WH03,39,890.52,34730.28,Delivered,1,Yes
PO4500000283,2026-05-12,2026-05-18,2026-05-19,SUP018,MAT100035,WH01,534,292.84,156376.56,Delivered,1,No
PO4500000284,2025-08-13,2025-09-16,2025-09-15,SUP020,MAT100061,WH03,79,728.75,57571.25,Delivered,0,Yes
PO4500000285,2025-08-27,2025-10-03,2025-10-07,SUP019,MAT100035,WH03,273,592.89,161858.97,Late,4,Yes
PO4500000286,2025-02-27,2025-03-02,2025-02-28,SUP024,MAT100108,WH01,417,322.55,134503.35,Delivered,0,Yes
PO4500000287,2025-11-22,2025-12-29,2025-12-28,SUP019,MAT100046,WH03,48,634.59,30460.32,Delivered,0,Yes
PO4500000288,2025-07-12,2025-08-18,2025-09-03,SUP019,MAT100063,WH01,575,281.6,161920.0,Late,16,Yes
PO4500000289,2025-08-13,2025-08-28,2025-08-28,SUP008,MAT100079,WH01,20,301.9,6038.0,Delivered,0,Yes
PO4500000290,2025-07-01,2025-07-31,2025-07-30,SUP011,MAT100076,WH03,80,24.61,1968.8,Delivered,0,Yes
PO4500000291,2026-01-09,2026-01-20,2026-02-01,SUP004,MAT100044,WH02,425,529.48,225029.0,Late,12,Yes
PO4500000292,2026-03-24,2026-04-06,2026-04-06,SUP006,MAT100072,WH03,344,160.91,55353.04,Delivered,0,Yes
PO4500000293,2026-01-01,2026-02-04,2026-02-05,SUP020,MAT100094,WH03,199,343.65,68386.35,Delivered,1,Yes
PO4500000294,2025-01-02,2025-01-15,2025-01-28,SUP006,MAT100041,WH03,53,167.96,8901.88,Late,13,Yes
PO4500000295,2025-04-17,2025-05-24,2025-05-29,SUP019,MAT100031,WH02,359,672.08,241276.72,Late,5,Yes
PO4500000296,2025-04-01,2025-04-14,2025-04-25,SUP006,MAT100027,WH01,477,15.2,7250.4,Late,11,Yes
PO4500000297,2025-09-20,2025-09-29,2025-09-26,SUP012,MAT100094,WH02,69,350.41,24178.29,Delivered,0,Yes
PO4500000298,2026-05-20,2026-05-31,2026-06-12,SUP014,MAT100107,WH02,579,340.94,197404.26,Late,12,Yes
PO4500000299,2025-08-19,2025-09-25,2025-09-22,SUP019,MAT100041,WH02,54,268.94,14522.76,Delivered,0,Yes
PO4500000300,2025-12-17,2025-12-29,2025-12-29,SUP003,MAT100071,WH01,184,660.13,121463.92,Delivered,0,Yes
PO4500000301,2026-05-10,2026-06-13,2026-06-13,SUP020,MAT100056,WH01,188,548.55,103127.4,Delivered,0,No
PO4500000302,2025-07-30,2025-08-29,2025-09-12,SUP011,MAT100094,WH03,587,651.22,382266.14,Late,14,Yes
PO4500000303,2025-11-01,2025-11-14,2025-11-11,SUP010,MAT100108,WH02,422,516.73,218060.06,Delivered,0,Yes
PO4500000304,2025-01-04,2025-01-13,2025-01-12,SUP012,MAT100004,WH01,511,183.71,93875.81,Delivered,0,Yes
PO4500000305,2025-03-25,2025-04-07,2025-04-04,SUP010,MAT100061,WH02,335,707.46,236999.1,Delivered,0,Yes
PO4500000306,2025-04-04,2025-04-11,2025-04-11,SUP009,MAT100049,WH02,209,337.06,70445.54,Delivered,0,Yes
PO4500000307,2025-09-27,2025-10-11,2025-10-10,SUP002,MAT100073,WH01,251,754.19,189301.69,Delivered,0,Yes
PO4500000308,2025-04-10,2025-05-12,2025-05-11,SUP023,MAT100097,WH03,574,375.52,215548.48,Delivered,0,Yes
PO4500000309,2026-02-01,2026-02-15,2026-02-15,SUP002,MAT100120,WH02,568,619.93,352120.24,Delivered,0,Yes
PO4500000310,2026-05-03,2026-05-18,2026-05-18,SUP008,MAT100116,WH03,55,454.38,24990.9,Delivered,0,Yes
PO4500000311,2025-05-31,2025-07-03,2025-07-03,SUP022,MAT100022,WH01,197,854.41,168318.77,Delivered,0,Yes
PO4500000312,2025-02-13,2025-03-17,2025-03-17,SUP005,MAT100081,WH01,226,897.56,202848.56,Delivered,0,Yes
PO4500000313,2025-11-24,2025-12-01,2025-12-04,SUP009,MAT100051,WH03,109,352.35,38406.15,Late,3,Yes
PO4500000314,2026-04-15,2026-04-22,2026-04-23,SUP009,MAT100015,WH02,555,704.61,391058.55,Late,1,Yes
PO4500000315,2025-04-13,2025-05-20,2025-05-24,SUP019,MAT100113,WH02,312,781.39,243793.68,Late,4,Yes
PO4500000316,2026-01-28,2026-02-04,2026-02-05,SUP009,MAT100036,WH02,504,38.53,19419.12,Delivered,1,Yes
PO4500000317,2026-02-16,2026-03-22,2026-03-21,SUP020,MAT100061,WH02,263,49.12,12918.56,Delivered,0,Yes
PO4500000318,2025-12-12,2026-01-14,2026-01-13,SUP001,MAT100063,WH03,338,255.91,86497.58,Delivered,0,Yes
PO4500000319,2025-05-18,2025-06-02,2025-06-02,SUP008,MAT100054,WH03,348,246.13,85653.24,Delivered,0,Yes
PO4500000320,2026-03-29,2026-04-17,2026-04-17,SUP007,MAT100112,WH02,516,684.75,353331.0,Delivered,0,Yes
PO4500000321,2025-06-12,2025-06-21,2025-06-22,SUP017,MAT100109,WH03,433,126.41,54735.53,Delivered,1,Yes
PO4500000322,2025-06-27,2025-07-30,2025-07-28,SUP001,MAT100059,WH01,79,228.29,18034.91,Delivered,0,Yes
PO4500000323,2025-07-23,2025-08-24,2025-08-24,SUP023,MAT100119,WH01,537,360.26,193459.62,Delivered,0,Yes
PO4500000324,2026-01-17,2026-02-01,2026-02-01,SUP008,MAT100061,WH03,201,864.67,173798.67,Delivered,0,Yes
PO4500000325,2025-06-17,2025-06-26,2025-07-05,SUP012,MAT100050,WH01,112,260.14,29135.68,Late,9,Yes
PO4500000326,2025-08-08,2025-09-14,2025-09-22,SUP019,MAT100053,WH03,231,245.83,56786.73,Late,8,No
PO4500000327,2025-01-10,2025-02-12,2025-02-10,SUP022,MAT100002,WH01,197,543.02,106974.94,Delivered,0,Yes
PO4500000328,2025-10-09,2025-10-22,2025-10-22,SUP010,MAT100028,WH02,377,415.8,156756.6,Delivered,0,Yes
PO4500000329,2026-02-11,2026-02-20,2026-02-17,SUP017,MAT100108,WH02,543,899.49,488423.07,Delivered,0,Yes
PO4500000330,2025-10-17,2025-11-20,2025-11-17,SUP020,MAT100036,WH03,513,62.13,31872.69,Delivered,0,Yes
PO4500000331,2025-09-25,2025-10-02,2025-10-01,SUP009,MAT100098,WH01,212,139.19,29508.28,Delivered,0,Yes
PO4500000332,2026-02-18,2026-03-24,2026-03-22,SUP020,MAT100038,WH02,46,591.58,27212.68,Delivered,0,Yes
PO4500000333,2026-02-02,2026-02-20,2026-02-21,SUP013,MAT100092,WH01,214,312.13,66795.82,Delivered,1,Yes
PO4500000334,2026-05-03,2026-06-05,2026-06-04,SUP021,MAT100022,WH03,539,273.67,147508.13,Delivered,0,Yes
PO4500000335,2025-10-28,2025-11-10,2025-11-08,SUP006,MAT100072,WH01,284,654.04,185747.36,Delivered,0,Yes
PO4500000336,2025-04-02,2025-05-02,2025-04-30,SUP011,MAT100114,WH02,334,381.32,127360.88,Delivered,0,Yes
PO4500000337,2025-10-29,2025-12-05,2025-12-02,SUP019,MAT100082,WH03,501,53.04,26573.04,Delivered,0,Yes
PO4500000338,2025-03-14,2025-04-17,2025-04-15,SUP020,MAT100088,WH02,532,112.24,59711.68,Delivered,0,Yes
PO4500000339,2025-02-25,2025-03-08,2025-03-13,SUP014,MAT100044,WH02,160,893.15,142904.0,Late,5,Yes
PO4500000340,2025-05-27,2025-06-14,2025-06-12,SUP015,MAT100081,WH01,102,441.38,45020.76,Delivered,0,Yes
PO4500000341,2025-01-05,2025-01-19,2025-01-17,SUP002,MAT100021,WH02,192,520.77,99987.84,Delivered,0,Yes
PO4500000342,2025-05-13,2025-05-25,2025-05-25,SUP003,MAT100062,WH02,433,388.98,168428.34,Delivered,0,No
PO4500000343,2025-07-24,2025-07-30,2025-07-27,SUP018,MAT100068,WH01,349,682.38,238150.62,Delivered,0,No
PO4500000344,2025-09-12,2025-10-15,2025-10-14,SUP001,MAT100050,WH03,339,120.39,40812.21,Delivered,0,Yes
PO4500000345,2025-03-08,2025-03-21,2025-03-31,SUP006,MAT100067,WH03,317,413.05,130936.85,Late,10,Yes
PO4500000346,2025-05-18,2025-05-29,2025-05-29,SUP014,MAT100022,WH02,387,676.35,261747.45,Delivered,0,No
PO4500000347,2025-05-15,2025-05-30,2025-05-27,SUP008,MAT100047,WH03,536,156.24,83744.64,Delivered,0,Yes
PO4500000348,2026-01-20,2026-02-03,2026-02-02,SUP002,MAT100077,WH01,567,562.71,319056.57,Delivered,0,Yes
PO4500000349,2025-01-21,2025-02-23,2025-02-20,SUP021,MAT100016,WH03,446,402.66,179586.36,Delivered,0,Yes
PO4500000350,2025-06-06,2025-07-08,2025-07-05,SUP023,MAT100013,WH03,328,381.68,125191.04,Delivered,0,Yes
PO4500000351,2025-05-21,2025-06-24,2025-06-21,SUP020,MAT100016,WH02,543,648.3,352026.9,Delivered,0,Yes
PO4500000352,2026-05-25,2026-06-05,2026-06-03,SUP004,MAT100026,WH02,289,749.19,216515.91,Delivered,0,Yes
PO4500000353,2025-06-14,2025-06-27,2025-06-27,SUP010,MAT100062,WH02,232,620.94,144058.08,Delivered,0,Yes
PO4500000354,2025-04-02,2025-05-05,2025-05-06,SUP001,MAT100012,WH03,525,138.48,72702.0,Delivered,1,Yes
PO4500000355,2025-04-14,2025-04-17,2025-04-25,SUP024,MAT100038,WH02,487,889.86,433361.82,Late,8,Yes
PO4500000356,2025-06-28,2025-07-09,2025-07-19,SUP004,MAT100041,WH02,388,722.43,280302.84,Late,10,Yes
PO4500000357,2025-02-16,2025-02-27,2025-02-25,SUP004,MAT100115,WH02,194,299.15,58035.1,Delivered,0,Yes
PO4500000358,2025-04-06,2025-04-13,2025-04-12,SUP009,MAT100052,WH02,207,106.88,22124.16,Delivered,0,Yes
PO4500000359,2026-05-05,2026-05-23,2026-05-21,SUP013,MAT100093,WH01,135,123.6,16686.0,Delivered,0,Yes
PO4500000360,2025-04-17,2025-04-30,2025-05-01,SUP006,MAT100087,WH02,514,723.03,371637.42,Delivered,1,Yes
PO4500000361,2026-01-03,2026-01-21,2026-01-19,SUP013,MAT100015,WH02,514,828.76,425982.64,Delivered,0,Yes
PO4500000362,2025-09-25,2025-10-07,2025-10-04,SUP003,MAT100074,WH03,557,691.94,385410.58,Delivered,0,Yes
PO4500000363,2025-12-13,2026-01-15,2026-01-16,SUP022,MAT100094,WH01,117,392.4,45910.8,Delivered,1,Yes
PO4500000364,2026-01-30,2026-03-04,2026-03-05,SUP022,MAT100120,WH01,75,15.42,1156.5,Delivered,1,Yes
PO4500000365,2026-05-23,2026-06-02,2026-06-05,SUP016,MAT100043,WH02,523,291.97,152700.31,Late,3,No
PO4500000366,2026-01-23,2026-02-07,2026-02-05,SUP008,MAT100103,WH03,100,415.89,41589.0,Delivered,0,Yes
PO4500000367,2026-04-03,2026-04-13,2026-04-13,SUP016,MAT100053,WH01,38,96.87,3681.06,Delivered,0,Yes
PO4500000368,2025-04-04,2025-05-07,2025-05-08,SUP001,MAT100072,WH01,331,801.65,265346.15,Delivered,1,Yes
PO4500000369,2025-12-16,2026-01-03,2025-12-31,SUP015,MAT100043,WH03,248,760.66,188643.68,Delivered,0,Yes
PO4500000370,2026-04-30,2026-06-03,2026-06-02,SUP020,MAT100098,WH03,483,107.05,51705.15,Delivered,0,Yes
PO4500000371,2025-12-30,2026-01-29,2026-01-28,SUP011,MAT100090,WH01,580,472.18,273864.4,Delivered,0,No
PO4500000372,2026-05-20,2026-06-02,2026-06-02,SUP006,MAT100026,WH01,129,232.59,30004.11,Delivered,0,Yes
PO4500000373,2025-08-09,2025-08-27,2025-08-25,SUP013,MAT100054,WH01,366,101.45,37130.7,Delivered,0,Yes
PO4500000374,2025-05-07,2025-06-09,2025-06-09,SUP022,MAT100065,WH01,488,594.32,290028.16,Delivered,0,Yes
PO4500000375,2025-02-19,2025-03-24,2025-03-24,SUP001,MAT100100,WH01,514,832.31,427807.34,Delivered,0,Yes
PO4500000376,2025-05-12,2025-05-25,2025-05-26,SUP006,MAT100050,WH02,349,456.18,159206.82,Delivered,1,Yes
PO4500000377,2025-09-12,2025-10-14,2025-10-13,SUP023,MAT100018,WH01,321,410.3,131706.3,Delivered,0,Yes
PO4500000378,2026-06-09,2026-07-11,2026-07-12,SUP023,MAT100120,WH03,341,642.13,218966.33,Open,1,Yes
PO4500000379,2025-08-03,2025-08-22,2025-08-21,SUP007,MAT100017,WH03,373,829.47,309392.31,Delivered,0,Yes
PO4500000380,2026-05-31,2026-06-13,2026-06-12,SUP006,MAT100072,WH02,138,685.89,94652.82,Delivered,0,Yes
PO4500000381,2026-03-04,2026-04-06,2026-04-07,SUP022,MAT100055,WH01,312,790.34,246586.08,Delivered,1,Yes
PO4500000382,2026-01-26,2026-02-28,2026-02-25,SUP001,MAT100101,WH01,224,243.95,54644.8,Delivered,0,Yes
PO4500000383,2025-09-14,2025-10-17,2025-10-14,SUP022,MAT100070,WH01,322,187.58,60400.76,Delivered,0,Yes
PO4500000384,2025-04-15,2025-05-03,2025-05-04,SUP015,MAT100072,WH02,249,669.46,166695.54,Delivered,1,Yes
PO4500000385,2025-10-22,2025-11-23,2025-11-20,SUP023,MAT100101,WH03,410,351.86,144262.6,Delivered,0,Yes
PO4500000386,2025-02-25,2025-03-03,2025-03-02,SUP018,MAT100100,WH02,227,560.4,127210.8,Delivered,0,Yes
PO4500000387,2026-01-12,2026-02-14,2026-02-15,SUP021,MAT100025,WH02,221,699.65,154622.65,Delivered,1,Yes
PO4500000388,2025-03-18,2025-04-20,2025-04-18,SUP022,MAT100006,WH02,546,111.82,61053.72,Delivered,0,Yes
PO4500000389,2025-05-14,2025-05-21,2025-05-20,SUP009,MAT100091,WH01,25,300.85,7521.25,Delivered,0,No
PO4500000390,2025-02-22,2025-03-24,2025-03-25,SUP011,MAT100074,WH03,328,444.04,145645.12,Delivered,1,Yes
PO4500000391,2025-11-22,2025-12-24,2025-12-22,SUP023,MAT100065,WH01,553,66.02,36509.06,Delivered,0,Yes
PO4500000392,2026-02-18,2026-02-24,2026-02-22,SUP018,MAT100043,WH02,238,598.68,142485.84,Delivered,0,Yes
PO4500000393,2026-05-02,2026-06-05,2026-06-06,SUP020,MAT100058,WH01,137,603.7,82706.9,Late,1,Yes
PO4500000394,2025-09-07,2025-10-11,2025-10-22,SUP020,MAT100015,WH02,410,824.76,338151.6,Late,11,Yes
PO4500000395,2025-10-17,2025-10-20,2025-10-21,SUP024,MAT100066,WH02,403,465.31,187519.93,Delivered,1,Yes
PO4500000396,2025-07-17,2025-07-30,2025-07-27,SUP010,MAT100099,WH03,118,154.82,18268.76,Delivered,0,Yes
PO4500000397,2025-03-09,2025-04-11,2025-04-09,SUP021,MAT100027,WH03,454,752.92,341825.68,Delivered,0,Yes
PO4500000398,2026-03-22,2026-03-25,2026-03-22,SUP024,MAT100092,WH02,177,26.26,4648.02,Delivered,0,No
PO4500000399,2025-02-25,2025-03-09,2025-03-08,SUP003,MAT100106,WH01,591,68.05,40217.55,Delivered,0,Yes
PO4500000400,2026-02-02,2026-02-13,2026-02-13,SUP014,MAT100050,WH03,463,288.18,133427.34,Delivered,0,Yes
PO4500000401,2025-03-06,2025-04-08,2025-04-09,SUP001,MAT100010,WH02,66,632.29,41731.14,Delivered,1,Yes
PO4500000402,2025-10-24,2025-11-04,2025-11-03,SUP004,MAT100119,WH02,108,256.96,27751.68,Delivered,0,Yes
PO4500000403,2025-02-01,2025-03-06,2025-03-07,SUP022,MAT100051,WH03,245,127.06,31129.7,Delivered,1,Yes
PO4500000404,2025-05-28,2025-06-30,2025-06-29,SUP021,MAT100072,WH01,31,500.4,15512.4,Delivered,0,Yes
PO4500000405,2026-02-08,2026-03-13,2026-03-10,SUP001,MAT100095,WH03,332,193.0,64076.0,Delivered,0,Yes
PO4500000406,2026-06-09,2026-06-20,2026-06-18,SUP014,MAT100033,WH01,246,557.11,137049.06,Delivered,0,Yes
PO4500000407,2025-02-25,2025-03-30,2025-03-31,SUP022,MAT100010,WH02,492,581.98,286334.16,Delivered,1,Yes
PO4500000408,2025-04-11,2025-04-18,2025-04-19,SUP009,MAT100046,WH01,518,856.63,443734.34,Delivered,1,Yes
PO4500000409,2025-04-13,2025-04-28,2025-04-25,SUP008,MAT100058,WH02,218,289.42,63093.56,Delivered,0,Yes
PO4500000410,2025-06-06,2025-06-19,2025-06-18,SUP010,MAT100022,WH01,343,863.0,296009.0,Delivered,0,Yes
PO4500000411,2026-03-23,2026-04-07,2026-04-06,SUP008,MAT100043,WH02,157,613.22,96275.54,Delivered,0,Yes
PO4500000412,2025-11-09,2025-11-18,2025-11-15,SUP012,MAT100011,WH02,199,582.77,115971.23,Delivered,0,Yes
PO4500000413,2025-07-21,2025-08-22,2025-08-19,SUP005,MAT100109,WH03,97,803.43,77932.71,Delivered,0,Yes
PO4500000414,2026-02-19,2026-03-28,2026-03-26,SUP019,MAT100070,WH03,57,498.68,28424.76,Delivered,0,Yes
PO4500000415,2026-01-10,2026-02-11,2026-02-12,SUP005,MAT100065,WH03,317,124.82,39567.94,Delivered,1,Yes
PO4500000416,2026-05-30,2026-06-08,2026-06-06,SUP012,MAT100018,WH02,189,682.7,129030.3,Delivered,0,Yes
PO4500000417,2025-05-30,2025-07-06,2025-07-06,SUP019,MAT100098,WH02,387,41.18,15936.66,Delivered,0,Yes
PO4500000418,2026-01-14,2026-01-21,2026-01-19,SUP009,MAT100047,WH02,550,817.41,449575.5,Delivered,0,Yes
PO4500000419,2025-02-17,2025-03-07,2025-03-06,SUP015,MAT100067,WH03,125,634.84,79355.0,Delivered,0,Yes
PO4500000420,2025-09-27,2025-09-30,2025-10-01,SUP024,MAT100049,WH02,198,342.11,67737.78,Delivered,1,Yes
PO4500000421,2026-06-14,2026-06-26,2026-06-24,SUP003,MAT100105,WH02,548,368.23,201790.04,Delivered,0,Yes
PO4500000422,2025-01-07,2025-01-17,2025-01-15,SUP016,MAT100010,WH03,470,153.22,72013.4,Delivered,0,Yes
PO4500000423,2025-06-03,2025-06-22,2025-06-21,SUP007,MAT100054,WH02,141,596.69,84133.29,Delivered,0,Yes
PO4500000424,2026-05-06,2026-05-16,2026-05-17,SUP016,MAT100053,WH01,185,584.3,108095.5,Delivered,1,Yes
PO4500000425,2025-06-14,2025-07-16,2025-07-17,SUP005,MAT100019,WH01,60,802.26,48135.6,Delivered,1,Yes
PO4500000426,2026-06-14,2026-06-27,2026-06-28,SUP006,MAT100028,WH02,310,852.79,264364.9,Late,1,Yes
PO4500000427,2026-05-09,2026-05-19,2026-05-19,SUP016,MAT100106,WH01,166,716.18,118885.88,Delivered,0,Yes
PO4500000428,2025-09-28,2025-10-07,2025-10-06,SUP017,MAT100009,WH01,484,538.9,260827.6,Delivered,0,Yes
PO4500000429,2025-04-22,2025-05-24,2025-05-25,SUP005,MAT100106,WH01,536,617.51,330985.36,Delivered,1,Yes
PO4500000430,2026-05-03,2026-05-16,2026-05-18,SUP006,MAT100016,WH01,564,455.48,256890.72,Late,2,Yes
PO4500000431,2025-01-02,2025-02-03,2025-02-03,SUP005,MAT100112,WH01,554,381.51,211356.54,Delivered,0,Yes
PO4500000432,2025-08-23,2025-09-03,2025-09-19,SUP014,MAT100103,WH03,410,318.71,130671.1,Late,16,Yes
PO4500000433,2025-04-11,2025-05-13,2025-05-12,SUP023,MAT100117,WH01,508,690.44,350743.52,Delivered,0,Yes
PO4500000434,2026-02-23,2026-03-01,2026-02-26,SUP018,MAT100016,WH03,27,522.3,14102.1,Delivered,0,No
PO4500000435,2025-07-30,2025-09-01,2025-08-31,SUP021,MAT100020,WH02,438,329.23,144202.74,Delivered,0,Yes
PO4500000436,2025-09-25,2025-10-02,2025-10-02,SUP009,MAT100036,WH03,598,332.25,198685.5,Delivered,0,Yes
PO4500000437,2026-02-28,2026-03-19,2026-03-20,SUP007,MAT100072,WH03,514,164.95,84784.3,Delivered,1,Yes
PO4500000438,2025-12-19,2026-01-01,2026-01-01,SUP010,MAT100085,WH01,161,770.22,124005.42,Delivered,0,Yes
PO4500000439,2025-06-15,2025-07-03,2025-07-04,SUP015,MAT100103,WH03,430,708.54,304672.2,Delivered,1,Yes
PO4500000440,2025-02-23,2025-03-28,2025-03-25,SUP022,MAT100061,WH03,113,741.81,83824.53,Delivered,0,Yes
PO4500000441,2025-09-27,2025-10-09,2025-10-06,SUP003,MAT100120,WH02,58,653.42,37898.36,Delivered,0,Yes
PO4500000442,2025-10-21,2025-10-30,2025-10-31,SUP017,MAT100105,WH01,78,851.42,66410.76,Delivered,1,Yes
PO4500000443,2025-01-11,2025-01-29,2025-01-30,SUP015,MAT100101,WH03,312,179.3,55941.6,Delivered,1,Yes
PO4500000444,2025-08-26,2025-09-27,2025-09-24,SUP023,MAT100001,WH01,388,219.13,85022.44,Delivered,0,Yes
PO4500000445,2026-02-14,2026-02-21,2026-02-21,SUP009,MAT100067,WH01,435,529.54,230349.9,Delivered,0,Yes
PO4500000446,2025-04-03,2025-04-15,2025-04-16,SUP003,MAT100105,WH02,376,315.99,118812.24,Delivered,1,Yes
PO4500000447,2026-04-11,2026-04-30,2026-05-01,SUP007,MAT100065,WH01,287,161.66,46396.42,Late,1,Yes
PO4500000448,2025-10-29,2025-11-07,2025-11-04,SUP017,MAT100113,WH03,545,861.25,469381.25,Delivered,0,Yes
PO4500000449,2025-09-14,2025-10-21,2025-10-21,SUP019,MAT100032,WH02,596,437.85,260958.6,Delivered,0,Yes
PO4500000450,2026-04-17,2026-05-05,2026-05-02,SUP015,MAT100009,WH02,513,109.06,55947.78,Delivered,0,Yes
PO4500000451,2025-08-24,2025-09-08,2025-09-08,SUP008,MAT100002,WH03,381,467.27,178029.87,Delivered,0,Yes
PO4500000452,2025-10-22,2025-11-06,2025-11-05,SUP008,MAT100023,WH02,97,501.32,48628.04,Delivered,0,Yes
PO4500000453,2025-10-03,2025-10-22,2025-10-20,SUP007,MAT100031,WH03,530,664.72,352301.6,Delivered,0,Yes
PO4500000454,2025-07-31,2025-08-07,2025-08-05,SUP009,MAT100014,WH01,384,144.62,55534.08,Delivered,0,Yes
PO4500000455,2026-05-20,2026-06-22,2026-06-23,SUP022,MAT100048,WH03,63,763.97,48130.11,Delivered,1,Yes
PO4500000456,2025-10-09,2025-11-15,2025-11-16,SUP019,MAT100097,WH03,306,361.1,110496.6,Delivered,1,Yes
PO4500000457,2026-03-10,2026-03-19,2026-03-20,SUP017,MAT100051,WH03,53,454.72,24100.16,Delivered,1,Yes
PO4500000458,2025-05-04,2025-05-22,2025-05-22,SUP015,MAT100002,WH03,343,621.84,213291.12,Delivered,0,Yes
PO4500000459,2025-04-14,2025-05-21,2025-05-22,SUP019,MAT100034,WH01,285,172.5,49162.5,Delivered,1,Yes
PO4500000460,2025-12-18,2026-01-21,2026-01-21,SUP020,MAT100090,WH02,454,193.43,87817.22,Delivered,0,Yes
PO4500000461,2025-10-14,2025-11-01,2025-11-02,SUP013,MAT100088,WH01,154,881.45,135743.3,Delivered,1,Yes
PO4500000462,2025-10-04,2025-10-07,2025-10-08,SUP024,MAT100026,WH01,462,771.4,356386.8,Delivered,1,Yes
PO4500000463,2025-06-03,2025-06-06,2025-06-03,SUP024,MAT100018,WH03,200,382.26,76452.0,Delivered,0,Yes
PO4500000464,2025-11-20,2025-11-23,2025-11-22,SUP024,MAT100073,WH01,276,508.11,140238.36,Delivered,0,Yes
PO4500000465,2025-06-17,2025-07-19,2025-07-18,SUP023,MAT100013,WH02,507,755.88,383231.16,Delivered,0,Yes
PO4500000466,2026-01-05,2026-01-12,2026-01-13,SUP009,MAT100053,WH01,283,313.01,88581.83,Delivered,1,Yes
PO4500000467,2025-07-23,2025-08-25,2025-08-26,SUP022,MAT100037,WH02,198,881.54,174544.92,Delivered,1,Yes
PO4500000468,2026-05-15,2026-05-24,2026-05-24,SUP017,MAT100037,WH02,100,346.06,34606.0,Delivered,0,Yes
PO4500000469,2025-06-21,2025-07-23,2025-07-22,SUP005,MAT100074,WH02,451,569.99,257065.49,Delivered,0,Yes
PO4500000470,2025-03-23,2025-04-04,2025-04-02,SUP003,MAT100038,WH03,341,288.61,98416.01,Delivered,0,Yes
PO4500000471,2026-02-09,2026-03-14,2026-03-14,SUP021,MAT100067,WH02,391,674.37,263678.67,Delivered,0,Yes
PO4500000472,2025-01-24,2025-02-06,2025-02-04,SUP006,MAT100090,WH03,277,846.69,234533.13,Delivered,0,Yes
PO4500000473,2026-02-11,2026-02-24,2026-02-21,SUP006,MAT100004,WH02,504,495.85,249908.4,Delivered,0,Yes
PO4500000474,2025-04-17,2025-04-29,2025-04-27,SUP003,MAT100114,WH02,106,591.08,62654.48,Delivered,0,Yes
PO4500000475,2025-10-18,2025-11-02,2025-10-31,SUP008,MAT100022,WH01,154,476.43,73370.22,Delivered,0,No
PO4500000476,2025-11-30,2025-12-09,2025-12-24,SUP012,MAT100071,WH02,573,841.7,482294.1,Late,15,Yes
PO4500000477,2025-07-01,2025-08-02,2025-08-02,SUP023,MAT100082,WH03,597,394.3,235397.1,Delivered,0,Yes
PO4500000478,2026-05-09,2026-05-18,2026-05-15,SUP012,MAT100053,WH02,472,280.54,132414.88,Delivered,0,Yes
PO4500000479,2025-01-01,2025-02-03,2025-02-01,SUP001,MAT100069,WH01,372,261.65,97333.8,Delivered,0,Yes
PO4500000480,2026-05-04,2026-05-14,2026-05-14,SUP016,MAT100102,WH01,319,539.32,172043.08,Delivered,0,Yes
PO4500000481,2026-02-26,2026-03-17,2026-03-31,SUP007,MAT100092,WH03,424,228.66,96951.84,Late,14,Yes
PO4500000482,2025-08-14,2025-09-01,2025-09-01,SUP013,MAT100103,WH03,265,467.37,123853.05,Delivered,0,Yes
PO4500000483,2025-10-06,2025-11-08,2025-11-09,SUP022,MAT100110,WH01,295,374.55,110492.25,Delivered,1,Yes
PO4500000484,2025-04-24,2025-05-07,2025-05-08,SUP010,MAT100080,WH02,483,248.56,120054.48,Delivered,1,Yes
PO4500000485,2025-06-05,2025-07-08,2025-07-09,SUP001,MAT100014,WH02,42,171.41,7199.22,Delivered,1,Yes
PO4500000486,2026-03-25,2026-04-26,2026-04-24,SUP023,MAT100064,WH01,112,139.86,15664.32,Delivered,0,Yes
PO4500000487,2026-05-26,2026-06-08,2026-06-23,SUP010,MAT100108,WH01,52,300.57,15629.64,Late,15,No
PO4500000488,2025-03-15,2025-04-02,2025-03-31,SUP013,MAT100033,WH02,216,806.65,174236.4,Delivered,0,Yes
PO4500000489,2025-09-12,2025-09-23,2025-09-23,SUP004,MAT100005,WH01,273,665.17,181591.41,Delivered,0,Yes
PO4500000490,2025-08-02,2025-08-13,2025-08-12,SUP004,MAT100094,WH01,350,146.96,51436.0,Delivered,0,Yes
PO4500000491,2025-05-06,2025-05-12,2025-05-11,SUP018,MAT100007,WH03,223,327.58,73050.34,Delivered,0,Yes
PO4500000492,2025-08-30,2025-09-10,2025-09-09,SUP004,MAT100036,WH03,35,154.79,5417.65,Delivered,0,Yes
PO4500000493,2025-01-10,2025-01-25,2025-02-10,SUP008,MAT100012,WH01,178,337.4,60057.2,Late,16,Yes
PO4500000494,2025-12-13,2025-12-25,2025-12-22,SUP003,MAT100020,WH03,81,323.19,26178.39,Delivered,0,Yes
PO4500000495,2025-05-09,2025-05-20,2025-05-19,SUP004,MAT100097,WH02,591,710.76,420059.16,Delivered,0,Yes
PO4500000496,2025-07-17,2025-08-04,2025-08-04,SUP015,MAT100033,WH01,386,653.34,252189.24,Delivered,0,Yes
PO4500000497,2025-10-29,2025-11-16,2025-11-16,SUP015,MAT100070,WH02,214,512.2,109610.8,Delivered,0,Yes
PO4500000498,2025-10-09,2025-10-27,2025-10-28,SUP015,MAT100068,WH01,587,148.51,87175.37,Delivered,1,Yes
PO4500000499,2026-01-11,2026-01-18,2026-01-19,SUP009,MAT100114,WH01,408,661.62,269940.96,Delivered,1,Yes
PO4500000500,2025-09-02,2025-09-11,2025-09-08,SUP012,MAT100025,WH03,571,738.05,421426.55,Delivered,0,Yes
PO4500000501,2025-06-07,2025-06-13,2025-06-12,SUP018,MAT100015,WH01,439,578.61,254009.79,Delivered,0,Yes
PO4500000502,2025-02-14,2025-02-26,2025-02-24,SUP003,MAT100026,WH01,202,786.78,158929.56,Delivered,0,Yes
PO4500000503,2025-02-02,2025-02-13,2025-02-13,SUP004,MAT100090,WH03,521,475.61,247792.81,Delivered,0,Yes
PO4500000504,2025-08-15,2025-08-24,2025-08-21,SUP012,MAT100027,WH03,33,837.54,27638.82,Delivered,0,Yes
PO4500000505,2026-04-25,2026-05-07,2026-05-04,SUP003,MAT100114,WH02,389,504.43,196223.27,Delivered,0,Yes
PO4500000506,2025-03-01,2025-04-02,2025-04-01,SUP023,MAT100010,WH02,561,41.38,23214.18,Delivered,0,Yes
PO4500000507,2025-04-10,2025-04-29,2025-04-27,SUP007,MAT100025,WH03,564,349.87,197326.68,Delivered,0,Yes
PO4500000508,2025-07-03,2025-08-09,2025-08-10,SUP019,MAT100099,WH03,445,672.77,299382.65,Delivered,1,Yes
PO4500000509,2026-04-15,2026-05-18,2026-05-18,SUP022,MAT100024,WH03,126,154.29,19440.54,Delivered,0,Yes
PO4500000510,2025-06-11,2025-07-11,2025-07-12,SUP011,MAT100116,WH02,473,840.5,397556.5,Delivered,1,Yes
PO4500000511,2026-01-16,2026-02-15,2026-02-15,SUP011,MAT100073,WH03,351,549.53,192885.03,Delivered,0,Yes
PO4500000512,2025-09-18,2025-09-24,2025-09-24,SUP018,MAT100001,WH03,478,864.04,413011.12,Delivered,0,No
PO4500000513,2025-01-17,2025-01-30,2025-01-29,SUP010,MAT100029,WH01,26,273.8,7118.8,Delivered,0,Yes
PO4500000514,2025-10-10,2025-11-12,2025-11-13,SUP001,MAT100074,WH01,589,515.75,303776.75,Delivered,1,Yes
PO4500000515,2025-12-31,2026-01-18,2026-01-17,SUP015,MAT100032,WH01,395,801.21,316477.95,Delivered,0,Yes
PO4500000516,2025-04-05,2025-04-18,2025-04-19,SUP010,MAT100093,WH02,242,662.17,160245.14,Delivered,1,Yes
PO4500000517,2026-05-15,2026-05-28,2026-06-01,SUP006,MAT100104,WH03,327,38.45,12573.15,Late,4,Yes
PO4500000518,2025-12-09,2025-12-23,2025-12-23,SUP002,MAT100016,WH01,446,837.57,373556.22,Delivered,0,Yes
PO4500000519,2025-01-12,2025-02-15,2025-02-15,SUP020,MAT100006,WH02,75,277.78,20833.5,Delivered,0,Yes
PO4500000520,2025-12-01,2026-01-02,2025-12-31,SUP005,MAT100094,WH02,176,50.22,8838.72,Delivered,0,Yes
PO4500000521,2026-06-01,2026-07-05,2026-07-05,SUP020,MAT100019,WH01,316,708.8,223980.8,Open,0,Yes
PO4500000522,2025-02-20,2025-03-02,2025-03-01,SUP016,MAT100056,WH03,107,361.68,38699.76,Delivered,0,Yes
PO4500000523,2026-05-08,2026-06-09,2026-06-09,SUP005,MAT100026,WH03,424,588.76,249634.24,Delivered,0,Yes
PO4500000524,2025-09-10,2025-09-13,2025-09-12,SUP024,MAT100119,WH03,460,294.45,135447.0,Delivered,0,Yes
PO4500000525,2026-02-28,2026-04-02,2026-04-01,SUP022,MAT100077,WH03,215,292.06,62792.9,Delivered,0,No
PO4500000526,2025-06-23,2025-07-06,2025-07-21,SUP010,MAT100119,WH01,169,399.21,67466.49,Late,15,Yes
PO4500000527,2025-06-09,2025-06-18,2025-06-15,SUP012,MAT100032,WH03,135,666.93,90035.55,Delivered,0,Yes
PO4500000528,2025-01-15,2025-01-28,2025-01-25,SUP010,MAT100003,WH02,332,407.81,135392.92,Delivered,0,Yes
PO4500000529,2025-08-05,2025-08-11,2025-08-12,SUP018,MAT100080,WH03,284,496.18,140915.12,Delivered,1,Yes
PO4500000530,2025-01-19,2025-02-20,2025-02-21,SUP023,MAT100008,WH02,64,233.63,14952.32,Delivered,1,Yes
PO4500000531,2025-10-05,2025-11-06,2025-11-03,SUP023,MAT100035,WH03,88,352.84,31049.92,Delivered,0,Yes
PO4500000532,2026-01-04,2026-02-06,2026-02-03,SUP022,MAT100084,WH02,319,781.33,249244.27,Delivered,0,Yes
PO4500000533,2026-06-05,2026-06-23,2026-06-27,SUP013,MAT100077,WH03,343,438.77,150498.11,Late,4,Yes
PO4500000534,2026-05-28,2026-06-16,2026-07-04,SUP007,MAT100119,WH03,42,40.58,1704.36,Open,18,Yes
PO4500000535,2026-02-07,2026-02-17,2026-02-14,SUP016,MAT100046,WH03,375,617.46,231547.5,Delivered,0,Yes
PO4500000536,2025-10-10,2025-10-19,2025-10-28,SUP017,MAT100105,WH01,416,801.91,333594.56,Late,9,Yes
PO4500000537,2025-08-19,2025-08-26,2025-08-26,SUP009,MAT100049,WH03,160,83.58,13372.8,Delivered,0,Yes
PO4500000538,2025-08-21,2025-09-24,2025-09-25,SUP020,MAT100040,WH03,176,386.69,68057.44,Delivered,1,Yes
PO4500000539,2025-05-15,2025-05-21,2025-05-19,SUP018,MAT100026,WH01,574,617.22,354284.28,Delivered,0,Yes
PO4500000540,2025-05-19,2025-06-20,2025-06-18,SUP023,MAT100041,WH01,598,825.82,493840.36,Delivered,0,Yes
PO4500000541,2025-05-02,2025-05-05,2025-05-03,SUP024,MAT100113,WH02,50,690.06,34503.0,Delivered,0,Yes
PO4500000542,2026-03-30,2026-04-12,2026-04-11,SUP010,MAT100014,WH01,175,702.3,122902.5,Delivered,0,Yes
PO4500000543,2025-10-01,2025-11-04,2025-11-05,SUP020,MAT100030,WH03,256,538.74,137917.44,Delivered,1,No
PO4500000544,2026-05-04,2026-05-16,2026-05-17,SUP003,MAT100048,WH01,500,642.26,321130.0,Delivered,1,Yes
PO4500000545,2026-05-01,2026-05-11,2026-05-09,SUP016,MAT100098,WH01,251,33.85,8496.35,Delivered,0,Yes
PO4500000546,2025-08-16,2025-08-27,2025-08-25,SUP014,MAT100119,WH02,229,64.19,14699.51,Delivered,0,Yes
PO4500000547,2025-11-29,2025-12-09,2025-12-17,SUP016,MAT100006,WH03,457,367.36,167883.52,Late,8,Yes
PO4500000548,2025-11-17,2025-12-05,2025-12-06,SUP013,MAT100113,WH03,569,475.08,270320.52,Delivered,1,Yes
PO4500000549,2025-04-22,2025-05-01,2025-04-28,SUP017,MAT100051,WH03,271,469.24,127164.04,Delivered,0,No
PO4500000550,2026-06-13,2026-07-01,2026-06-28,SUP013,MAT100051,WH02,214,265.61,56840.54,Delivered,0,Yes
PO4500000551,2026-04-18,2026-05-01,2026-04-30,SUP010,MAT100116,WH01,75,622.51,46688.25,Delivered,0,Yes
PO4500000552,2026-04-08,2026-05-11,2026-05-12,SUP021,MAT100075,WH03,135,165.9,22396.5,Delivered,1,Yes
PO4500000553,2026-02-28,2026-03-18,2026-03-15,SUP013,MAT100115,WH03,203,411.04,83441.12,Delivered,0,Yes
PO4500000554,2025-04-03,2025-04-21,2025-04-19,SUP015,MAT100091,WH02,146,86.62,12646.52,Delivered,0,Yes
PO4500000555,2026-01-29,2026-02-10,2026-02-11,SUP003,MAT100049,WH01,183,343.92,62937.36,Delivered,1,Yes
PO4500000556,2025-06-03,2025-07-03,2025-07-01,SUP011,MAT100007,WH02,203,693.4,140760.2,Delivered,0,Yes
PO4500000557,2026-04-02,2026-04-05,2026-04-03,SUP024,MAT100026,WH01,140,809.2,113288.0,Delivered,0,Yes
PO4500000558,2025-01-13,2025-01-20,2025-01-20,SUP009,MAT100078,WH02,576,727.67,419137.92,Delivered,0,Yes
PO4500000559,2026-05-03,2026-06-09,2026-06-09,SUP019,MAT100001,WH01,101,543.09,54852.09,Delivered,0,Yes
PO4500000560,2025-08-01,2025-08-08,2025-08-06,SUP009,MAT100005,WH01,76,589.68,44815.68,Delivered,0,Yes
PO4500000561,2025-11-02,2025-12-05,2025-12-02,SUP022,MAT100023,WH01,70,102.45,7171.5,Delivered,0,Yes
PO4500000562,2025-07-01,2025-08-04,2025-08-16,SUP020,MAT100039,WH02,56,88.35,4947.6,Late,12,Yes
PO4500000563,2025-03-11,2025-03-29,2025-03-30,SUP013,MAT100018,WH01,86,267.09,22969.74,Delivered,1,Yes
PO4500000564,2025-12-04,2025-12-11,2025-12-12,SUP009,MAT100079,WH01,234,627.77,146898.18,Delivered,1,Yes
PO4500000565,2025-03-31,2025-04-03,2025-04-04,SUP024,MAT100109,WH02,314,387.21,121583.94,Delivered,1,Yes
PO4500000566,2025-12-29,2026-02-04,2026-02-20,SUP019,MAT100064,WH02,552,657.62,363006.24,Late,16,Yes
PO4500000567,2025-08-27,2025-09-30,2025-09-28,SUP020,MAT100060,WH03,21,110.8,2326.8,Delivered,0,Yes
PO4500000568,2025-08-01,2025-08-04,2025-08-04,SUP024,MAT100045,WH03,443,45.72,20253.96,Delivered,0,Yes
PO4500000569,2025-01-12,2025-01-31,2025-01-30,SUP007,MAT100040,WH02,280,712.22,199421.6,Delivered,0,Yes
PO4500000570,2025-01-07,2025-02-06,2025-02-05,SUP011,MAT100073,WH03,369,359.46,132640.74,Delivered,0,Yes
PO4500000571,2025-07-18,2025-07-31,2025-07-30,SUP006,MAT100103,WH01,510,824.97,420734.7,Delivered,0,Yes
PO4500000572,2025-06-09,2025-06-19,2025-06-20,SUP016,MAT100105,WH02,363,418.91,152064.33,Delivered,1,Yes
PO4500000573,2025-11-03,2025-11-17,2025-11-16,SUP002,MAT100027,WH03,588,484.62,284956.56,Delivered,0,Yes
PO4500000574,2025-03-09,2025-03-18,2025-03-27,SUP012,MAT100049,WH03,51,308.54,15735.54,Late,9,Yes
PO4500000575,2026-02-03,2026-02-16,2026-02-13,SUP006,MAT100041,WH03,335,636.21,213130.35,Delivered,0,No
PO4500000576,2025-03-30,2025-04-10,2025-04-08,SUP014,MAT100039,WH01,400,409.46,163784.0,Delivered,0,Yes
PO4500000577,2025-04-25,2025-05-08,2025-05-05,SUP006,MAT100057,WH03,226,822.45,185873.7,Delivered,0,No
PO4500000578,2026-05-28,2026-06-07,2026-06-06,SUP016,MAT100068,WH02,515,660.53,340172.95,Delivered,0,Yes
PO4500000579,2025-04-11,2025-05-13,2025-05-14,SUP005,MAT100005,WH02,155,188.64,29239.2,Delivered,1,Yes
PO4500000580,2025-04-29,2025-05-08,2025-05-05,SUP017,MAT100114,WH01,109,303.29,33058.61,Delivered,0,Yes
PO4500000581,2025-11-16,2025-12-19,2025-12-18,SUP022,MAT100025,WH02,234,292.19,68372.46,Delivered,0,Yes
PO4500000582,2026-03-28,2026-04-27,2026-04-26,SUP011,MAT100015,WH01,172,145.96,25105.12,Delivered,0,Yes
PO4500000583,2026-06-11,2026-06-17,2026-06-18,SUP018,MAT100035,WH01,378,496.68,187745.04,Delivered,1,Yes
PO4500000584,2025-09-08,2025-09-21,2025-09-20,SUP010,MAT100007,WH01,366,488.82,178908.12,Delivered,0,No
PO4500000585,2025-02-21,2025-03-26,2025-03-23,SUP022,MAT100023,WH03,108,386.69,41762.52,Delivered,0,Yes
PO4500000586,2026-04-02,2026-05-09,2026-05-08,SUP019,MAT100092,WH03,360,736.61,265179.6,Delivered,0,Yes
PO4500000587,2026-04-22,2026-05-04,2026-05-01,SUP003,MAT100040,WH03,499,92.05,45932.95,Delivered,0,Yes
PO4500000588,2026-04-27,2026-05-15,2026-05-13,SUP015,MAT100079,WH02,167,775.68,129538.56,Delivered,0,Yes
PO4500000589,2025-07-07,2025-07-25,2025-07-24,SUP013,MAT100004,WH01,352,410.69,144562.88,Delivered,0,Yes
PO4500000590,2026-05-06,2026-05-15,2026-05-13,SUP012,MAT100078,WH03,309,692.31,213923.79,Delivered,0,Yes
PO4500000591,2026-02-20,2026-03-03,2026-02-28,SUP004,MAT100010,WH02,353,502.75,177470.75,Delivered,0,Yes
PO4500000592,2026-02-28,2026-03-18,2026-03-16,SUP013,MAT100062,WH02,581,147.32,85592.92,Delivered,0,Yes
PO4500000593,2026-03-18,2026-04-06,2026-04-20,SUP007,MAT100070,WH03,600,709.66,425796.0,Late,14,Yes
PO4500000594,2025-03-21,2025-04-23,2025-04-24,SUP022,MAT100077,WH02,518,107.32,55591.76,Delivered,1,Yes
PO4500000595,2026-04-01,2026-04-12,2026-04-12,SUP004,MAT100088,WH03,91,540.44,49180.04,Delivered,0,Yes
PO4500000596,2025-12-02,2025-12-20,2025-12-17,SUP013,MAT100018,WH03,112,199.76,22373.12,Delivered,0,Yes
PO4500000597,2025-01-01,2025-02-03,2025-02-01,SUP021,MAT100050,WH03,483,480.47,232067.01,Delivered,0,Yes
PO4500000598,2025-07-30,2025-08-18,2025-08-17,SUP007,MAT100117,WH03,326,515.4,168020.4,Delivered,0,Yes
PO4500000599,2025-12-19,2025-12-30,2025-12-31,SUP014,MAT100017,WH02,542,366.76,198783.92,Late,1,Yes
PO4500000600,2025-02-24,2025-03-02,2025-03-03,SUP018,MAT100037,WH01,387,103.18,39930.66,Delivered,1,Yes
PO4500000601,2026-02-08,2026-03-12,2026-03-12,SUP023,MAT100070,WH01,435,346.5,150727.5,Delivered,0,Yes
PO4500000602,2025-05-23,2025-06-02,2025-06-02,SUP016,MAT100020,WH02,388,756.77,293626.76,Delivered,0,Yes
PO4500000603,2025-05-09,2025-06-11,2025-06-08,SUP022,MAT100114,WH02,36,133.88,4819.68,Delivered,0,Yes
PO4500000604,2025-03-28,2025-04-29,2025-04-29,SUP005,MAT100090,WH03,486,804.76,391113.36,Delivered,0,Yes
PO4500000605,2025-07-04,2025-08-07,2025-08-07,SUP020,MAT100050,WH02,585,738.96,432291.6,Delivered,0,Yes
PO4500000606,2025-01-08,2025-01-19,2025-01-17,SUP014,MAT100119,WH03,533,245.98,131107.34,Delivered,0,Yes
PO4500000607,2025-02-08,2025-02-22,2025-02-21,SUP002,MAT100089,WH01,135,524.34,70785.9,Delivered,0,Yes
PO4500000608,2025-10-14,2025-10-17,2025-10-14,SUP024,MAT100012,WH01,555,801.47,444815.85,Delivered,0,Yes
PO4500000609,2025-03-21,2025-03-24,2025-03-25,SUP024,MAT100116,WH02,339,553.67,187694.13,Delivered,1,Yes
PO4500000610,2026-04-26,2026-05-29,2026-05-29,SUP001,MAT100103,WH02,359,381.81,137069.79,Delivered,0,Yes
PO4500000611,2025-11-08,2025-11-22,2025-11-23,SUP002,MAT100061,WH03,286,59.97,17151.42,Delivered,1,Yes
PO4500000612,2025-10-26,2025-11-09,2025-11-10,SUP002,MAT100011,WH01,47,261.7,12299.9,Delivered,1,Yes
PO4500000613,2025-09-16,2025-09-23,2025-09-22,SUP009,MAT100002,WH03,301,772.78,232606.78,Delivered,0,Yes
PO4500000614,2025-06-04,2025-06-17,2025-06-16,SUP006,MAT100090,WH01,199,238.82,47525.18,Delivered,0,Yes
PO4500000615,2025-02-03,2025-02-12,2025-02-09,SUP017,MAT100106,WH01,168,538.01,90385.68,Delivered,0,Yes
PO4500000616,2026-01-28,2026-02-08,2026-02-08,SUP014,MAT100094,WH02,191,193.72,37000.52,Delivered,0,No
PO4500000617,2025-04-29,2025-05-06,2025-05-06,SUP009,MAT100061,WH03,428,431.23,184566.44,Delivered,0,Yes
PO4500000618,2025-08-28,2025-09-03,2025-09-03,SUP018,MAT100068,WH02,505,240.05,121225.25,Delivered,0,No
PO4500000619,2026-01-27,2026-02-14,2026-02-15,SUP015,MAT100069,WH03,62,92.14,5712.68,Delivered,1,Yes
PO4500000620,2025-10-07,2025-10-18,2025-10-17,SUP014,MAT100075,WH02,120,233.53,28023.6,Delivered,0,Yes
PO4500000621,2025-09-05,2025-10-08,2025-10-09,SUP022,MAT100087,WH03,219,470.36,103008.84,Delivered,1,Yes
PO4500000622,2025-01-11,2025-02-10,2025-02-07,SUP011,MAT100068,WH01,32,373.07,11938.24,Delivered,0,Yes
PO4500000623,2025-08-13,2025-08-22,2025-08-21,SUP012,MAT100080,WH01,217,35.47,7696.99,Delivered,0,No
PO4500000624,2025-08-11,2025-09-14,2025-09-18,SUP020,MAT100078,WH01,142,82.32,11689.44,Late,4,Yes
PO4500000625,2025-07-09,2025-08-11,2025-08-09,SUP021,MAT100085,WH01,279,268.64,74950.56,Delivered,0,Yes
PO4500000626,2026-03-14,2026-03-21,2026-03-20,SUP009,MAT100010,WH02,283,149.96,42438.68,Delivered,0,Yes
PO4500000627,2026-02-02,2026-02-20,2026-02-17,SUP013,MAT100034,WH01,284,860.27,244316.68,Delivered,0,Yes
PO4500000628,2025-07-25,2025-08-04,2025-08-02,SUP016,MAT100070,WH02,523,102.05,53372.15,Delivered,0,Yes
PO4500000629,2025-04-19,2025-05-22,2025-05-21,SUP021,MAT100010,WH03,125,36.2,4525.0,Delivered,0,Yes
PO4500000630,2025-01-20,2025-02-07,2025-02-05,SUP015,MAT100086,WH02,20,839.94,16798.8,Delivered,0,Yes
PO4500000631,2025-12-04,2026-01-05,2026-01-06,SUP023,MAT100099,WH02,23,466.27,10724.21,Delivered,1,Yes
PO4500000632,2025-03-13,2025-03-31,2025-03-28,SUP013,MAT100105,WH02,413,858.97,354754.61,Delivered,0,Yes
PO4500000633,2026-01-03,2026-01-09,2026-01-08,SUP018,MAT100083,WH01,430,54.4,23392.0,Delivered,0,Yes
PO4500000634,2025-03-24,2025-04-23,2025-04-22,SUP011,MAT100006,WH02,227,163.07,37016.89,Delivered,0,Yes
PO4500000635,2026-02-04,2026-02-17,2026-03-01,SUP010,MAT100081,WH02,518,80.95,41932.1,Late,12,Yes
PO4500000636,2025-02-06,2025-03-10,2025-03-11,SUP005,MAT100009,WH03,264,442.86,116915.04,Delivered,1,Yes
PO4500000637,2026-04-06,2026-04-16,2026-04-17,SUP016,MAT100044,WH03,57,308.66,17593.62,Late,1,No
PO4500000638,2025-08-05,2025-08-16,2025-08-17,SUP004,MAT100112,WH03,489,846.38,413879.82,Delivered,1,Yes
PO4500000639,2025-08-27,2025-10-03,2025-10-05,SUP019,MAT100003,WH02,164,442.56,72579.84,Late,2,Yes
PO4500000640,2025-02-16,2025-03-22,2025-03-20,SUP020,MAT100007,WH02,34,159.16,5411.44,Delivered,0,Yes
PO4500000641,2026-04-13,2026-04-24,2026-04-25,SUP004,MAT100014,WH01,85,736.93,62639.05,Delivered,1,Yes
PO4500000642,2025-08-14,2025-09-17,2025-09-15,SUP020,MAT100107,WH03,456,306.92,139955.52,Delivered,0,Yes
PO4500000643,2025-05-04,2025-06-03,2025-06-21,SUP011,MAT100102,WH01,160,292.82,46851.2,Late,18,Yes
PO4500000644,2025-06-27,2025-08-03,2025-07-31,SUP019,MAT100054,WH01,300,131.41,39423.0,Delivered,0,Yes
PO4500000645,2025-06-18,2025-06-24,2025-06-25,SUP018,MAT100102,WH03,61,124.37,7586.57,Delivered,1,Yes
PO4500000646,2025-01-17,2025-01-30,2025-02-02,SUP006,MAT100119,WH01,26,11.47,298.22,Late,3,Yes
PO4500000647,2025-10-18,2025-11-24,2025-11-24,SUP019,MAT100082,WH02,149,189.51,28236.99,Delivered,0,Yes
PO4500000648,2025-09-02,2025-09-13,2025-09-15,SUP014,MAT100079,WH01,204,646.89,131965.56,Late,2,Yes
PO4500000649,2025-12-23,2026-01-05,2026-01-06,SUP010,MAT100068,WH01,261,176.75,46131.75,Delivered,1,Yes
PO4500000650,2026-06-04,2026-06-10,2026-06-08,SUP018,MAT100015,WH01,303,52.5,15907.5,Delivered,0,Yes
PO4500000651,2026-05-25,2026-06-04,2026-06-01,SUP016,MAT100037,WH01,75,582.15,43661.25,Delivered,0,Yes
PO4500000652,2026-04-10,2026-05-10,2026-05-07,SUP011,MAT100101,WH01,570,162.42,92579.4,Delivered,0,Yes
PO4500000653,2025-03-14,2025-03-25,2025-04-09,SUP004,MAT100096,WH03,353,380.06,134161.18,Late,15,Yes
PO4500000654,2025-04-23,2025-05-08,2025-05-05,SUP008,MAT100112,WH01,262,665.28,174303.36,Delivered,0,Yes
PO4500000655,2025-03-17,2025-04-01,2025-04-01,SUP008,MAT100019,WH01,75,801.99,60149.25,Delivered,0,Yes
PO4500000656,2025-07-02,2025-07-20,2025-07-18,SUP015,MAT100081,WH02,488,649.24,316829.12,Delivered,0,Yes
PO4500000657,2025-12-10,2025-12-29,2025-12-30,SUP007,MAT100015,WH02,81,256.14,20747.34,Delivered,1,Yes
PO4500000658,2025-12-18,2025-12-31,2025-12-30,SUP006,MAT100082,WH03,180,711.64,128095.2,Delivered,0,Yes
PO4500000659,2025-08-24,2025-09-30,2025-10-01,SUP019,MAT100028,WH03,520,776.67,403868.4,Delivered,1,Yes
PO4500000660,2025-10-13,2025-10-31,2025-10-31,SUP015,MAT100056,WH03,272,226.81,61692.32,Delivered,0,Yes
PO4500000661,2025-06-02,2025-07-09,2025-07-10,SUP019,MAT100006,WH02,447,882.26,394370.22,Late,1,Yes
PO4500000662,2025-02-04,2025-02-13,2025-02-13,SUP017,MAT100090,WH01,510,729.7,372147.0,Delivered,0,Yes
PO4500000663,2025-03-27,2025-04-11,2025-04-08,SUP008,MAT100017,WH02,436,855.19,372862.84,Delivered,0,Yes
PO4500000664,2025-04-03,2025-05-06,2025-05-05,SUP021,MAT100110,WH03,185,634.46,117375.1,Delivered,0,Yes
PO4500000665,2026-04-11,2026-05-14,2026-05-12,SUP001,MAT100112,WH02,435,170.53,74180.55,Delivered,0,Yes
PO4500000666,2025-01-02,2025-02-03,2025-01-31,SUP023,MAT100043,WH03,414,804.62,333112.68,Delivered,0,No
PO4500000667,2025-10-04,2025-10-15,2025-10-16,SUP014,MAT100027,WH03,575,519.83,298902.25,Delivered,1,Yes
PO4500000668,2025-02-26,2025-03-28,2025-03-27,SUP011,MAT100047,WH02,72,104.32,7511.04,Delivered,0,Yes
PO4500000669,2026-01-11,2026-01-20,2026-01-21,SUP012,MAT100100,WH01,88,506.88,44605.44,Delivered,1,Yes
PO4500000670,2025-09-02,2025-10-02,2025-10-02,SUP011,MAT100098,WH01,234,679.09,158907.06,Delivered,0,Yes
PO4500000671,2026-05-31,2026-06-07,2026-06-06,SUP009,MAT100045,WH02,75,61.72,4629.0,Delivered,0,Yes
PO4500000672,2025-05-06,2025-05-15,2025-05-16,SUP017,MAT100058,WH03,565,810.01,457655.65,Delivered,1,Yes
PO4500000673,2025-03-09,2025-04-11,2025-04-11,SUP022,MAT100115,WH01,109,76.75,8365.75,Delivered,0,Yes
PO4500000674,2025-04-22,2025-05-04,2025-05-01,SUP003,MAT100112,WH01,171,449.21,76814.91,Delivered,0,Yes
PO4500000675,2025-01-24,2025-02-26,2025-02-27,SUP021,MAT100054,WH02,155,429.14,66516.7,Delivered,1,Yes
PO4500000676,2025-10-26,2025-11-28,2025-11-25,SUP001,MAT100067,WH03,257,752.28,193335.96,Delivered,0,Yes
PO4500000677,2025-12-18,2026-01-24,2026-01-23,SUP019,MAT100090,WH03,517,536.05,277137.85,Delivered,0,Yes
PO4500000678,2026-04-14,2026-05-02,2026-04-30,SUP015,MAT100034,WH01,333,158.7,52847.1,Delivered,0,Yes
PO4500000679,2025-02-18,2025-03-03,2025-03-02,SUP010,MAT100080,WH01,486,860.81,418353.66,Delivered,0,Yes
PO4500000680,2025-07-06,2025-07-19,2025-07-24,SUP010,MAT100006,WH02,185,217.93,40317.05,Late,5,Yes
PO4500000681,2025-09-24,2025-10-12,2025-10-10,SUP015,MAT100086,WH02,595,637.89,379544.55,Delivered,0,Yes
PO4500000682,2026-01-17,2026-02-18,2026-02-16,SUP005,MAT100118,WH01,566,274.9,155593.4,Delivered,0,Yes
PO4500000683,2025-05-29,2025-06-08,2025-06-19,SUP016,MAT100095,WH03,179,8.84,1582.36,Late,11,Yes
PO4500000684,2025-10-30,2025-11-29,2025-11-28,SUP011,MAT100094,WH02,170,720.62,122505.4,Delivered,0,Yes
PO4500000685,2026-05-06,2026-05-17,2026-05-22,SUP004,MAT100004,WH02,584,109.6,64006.4,Late,5,Yes
PO4500000686,2026-04-02,2026-04-17,2026-04-16,SUP008,MAT100025,WH03,76,549.3,41746.8,Delivered,0,Yes
PO4500000687,2025-07-20,2025-07-27,2025-07-28,SUP009,MAT100012,WH03,476,610.97,290821.72,Delivered,1,Yes
PO4500000688,2025-11-22,2025-12-02,2025-12-03,SUP016,MAT100047,WH02,77,818.06,62990.62,Delivered,1,Yes
PO4500000689,2026-01-14,2026-01-25,2026-01-22,SUP014,MAT100040,WH02,311,313.7,97560.7,Delivered,0,Yes
PO4500000690,2025-08-09,2025-08-21,2025-08-21,SUP003,MAT100037,WH01,445,724.3,322313.5,Delivered,0,Yes
PO4500000691,2026-03-01,2026-03-12,2026-03-13,SUP014,MAT100039,WH02,108,133.56,14424.48,Delivered,1,Yes
PO4500000692,2025-12-10,2025-12-19,2025-12-20,SUP017,MAT100053,WH03,404,84.16,34000.64,Delivered,1,Yes
PO4500000693,2025-06-29,2025-07-10,2025-07-11,SUP014,MAT100107,WH02,160,183.34,29334.4,Delivered,1,Yes
PO4500000694,2025-02-13,2025-02-23,2025-03-05,SUP016,MAT100095,WH02,331,447.22,148029.82,Late,10,Yes
PO4500000695,2025-06-07,2025-07-10,2025-07-10,SUP001,MAT100115,WH02,147,590.16,86753.52,Delivered,0,Yes
PO4500000696,2025-09-08,2025-09-18,2025-09-17,SUP016,MAT100009,WH03,524,894.93,468943.32,Delivered,0,Yes
PO4500000697,2026-05-08,2026-06-14,2026-06-13,SUP019,MAT100105,WH01,507,876.96,444618.72,Delivered,0,Yes
PO4500000698,2025-01-18,2025-01-21,2025-01-27,SUP024,MAT100060,WH03,79,135.79,10727.41,Late,6,Yes
PO4500000699,2025-02-24,2025-03-09,2025-03-09,SUP006,MAT100038,WH03,384,48.6,18662.4,Delivered,0,Yes
PO4500000700,2026-06-11,2026-06-23,2026-06-21,SUP003,MAT100022,WH03,116,540.89,62743.24,Delivered,0,Yes
PO4500000701,2025-11-05,2025-12-05,2025-12-04,SUP011,MAT100046,WH01,118,483.31,57030.58,Delivered,0,No
PO4500000702,2025-10-16,2025-10-25,2025-10-25,SUP017,MAT100117,WH01,441,309.58,136524.78,Delivered,0,Yes
PO4500000703,2026-05-31,2026-07-02,2026-06-30,SUP005,MAT100107,WH03,592,554.02,327979.84,Delivered,0,Yes
PO4500000704,2025-04-27,2025-05-29,2025-05-26,SUP023,MAT100119,WH01,139,737.87,102563.93,Delivered,0,Yes
PO4500000705,2026-01-07,2026-01-20,2026-01-20,SUP010,MAT100044,WH01,555,688.41,382067.55,Delivered,0,Yes
PO4500000706,2025-05-02,2025-06-04,2025-06-02,SUP001,MAT100027,WH01,252,280.15,70597.8,Delivered,0,Yes
PO4500000707,2025-04-25,2025-05-06,2025-05-06,SUP014,MAT100014,WH01,461,43.05,19846.05,Delivered,0,Yes
PO4500000708,2025-03-02,2025-03-11,2025-03-10,SUP017,MAT100086,WH01,64,64.29,4114.56,Delivered,0,Yes
PO4500000709,2025-07-30,2025-08-10,2025-08-08,SUP004,MAT100004,WH01,209,605.19,126484.71,Delivered,0,Yes
PO4500000710,2025-10-12,2025-10-15,2025-10-27,SUP024,MAT100065,WH03,380,148.7,56506.0,Late,12,Yes
PO4500000711,2025-03-11,2025-03-20,2025-03-21,SUP017,MAT100092,WH01,34,478.31,16262.54,Delivered,1,Yes
PO4500000712,2025-01-05,2025-01-18,2025-01-22,SUP006,MAT100109,WH03,239,828.83,198090.37,Late,4,Yes
PO4500000713,2025-07-09,2025-08-10,2025-08-07,SUP023,MAT100049,WH02,205,752.09,154178.45,Delivered,0,Yes
PO4500000714,2026-02-22,2026-03-09,2026-03-08,SUP008,MAT100067,WH01,146,421.98,61609.08,Delivered,0,Yes
PO4500000715,2025-10-23,2025-11-01,2025-10-29,SUP012,MAT100015,WH02,104,298.66,31060.64,Delivered,0,Yes
PO4500000716,2025-11-16,2025-12-20,2025-12-20,SUP020,MAT100038,WH02,251,500.75,125688.25,Delivered,0,Yes
PO4500000717,2026-05-03,2026-05-15,2026-05-14,SUP003,MAT100087,WH02,203,16.44,3337.32,Delivered,0,Yes
PO4500000718,2026-03-25,2026-04-12,2026-04-09,SUP013,MAT100052,WH03,142,133.31,18930.02,Delivered,0,Yes
PO4500000719,2025-06-22,2025-07-03,2025-07-01,SUP004,MAT100109,WH02,366,184.24,67431.84,Delivered,0,Yes
PO4500000720,2026-05-27,2026-06-07,2026-06-08,SUP014,MAT100103,WH03,299,681.89,203885.11,Delivered,1,Yes
PO4500000721,2026-05-03,2026-05-12,2026-05-12,SUP012,MAT100019,WH02,516,462.72,238763.52,Delivered,0,Yes
PO4500000722,2026-05-17,2026-05-24,2026-05-22,SUP009,MAT100007,WH01,50,94.15,4707.5,Delivered,0,Yes
PO4500000723,2025-07-03,2025-08-05,2025-08-04,SUP001,MAT100080,WH01,176,275.96,48568.96,Delivered,0,Yes
PO4500000724,2026-05-20,2026-06-22,2026-06-20,SUP022,MAT100063,WH03,320,597.57,191222.4,Delivered,0,Yes
PO4500000725,2025-01-19,2025-02-18,2025-02-20,SUP011,MAT100016,WH02,460,792.71,364646.6,Late,2,Yes
PO4500000726,2026-03-30,2026-04-17,2026-04-14,SUP013,MAT100111,WH02,201,503.22,101147.22,Delivered,0,Yes
PO4500000727,2026-05-19,2026-06-01,2026-05-31,SUP006,MAT100015,WH03,418,441.27,184450.86,Delivered,0,Yes
PO4500000728,2026-04-27,2026-05-30,2026-05-28,SUP022,MAT100034,WH02,538,54.88,29525.44,Delivered,0,Yes
PO4500000729,2025-12-28,2026-01-15,2026-01-14,SUP013,MAT100076,WH01,348,59.97,20869.56,Delivered,0,Yes
PO4500000730,2025-12-24,2026-01-02,2026-01-03,SUP012,MAT100055,WH02,369,345.61,127530.09,Late,1,Yes
PO4500000731,2025-12-26,2026-01-06,2026-01-04,SUP014,MAT100040,WH03,273,214.99,58692.27,Delivered,0,Yes
PO4500000732,2025-03-09,2025-04-10,2025-04-07,SUP023,MAT100069,WH02,365,156.95,57286.75,Delivered,0,No
PO4500000733,2026-03-09,2026-04-11,2026-04-11,SUP022,MAT100061,WH03,293,23.26,6815.18,Delivered,0,No
PO4500000734,2026-01-22,2026-02-21,2026-02-20,SUP011,MAT100013,WH03,120,728.45,87414.0,Delivered,0,Yes
PO4500000735,2026-05-24,2026-06-23,2026-06-22,SUP011,MAT100047,WH02,190,555.27,105501.3,Delivered,0,Yes
PO4500000736,2025-03-19,2025-04-21,2025-04-22,SUP021,MAT100007,WH02,239,262.18,62661.02,Delivered,1,Yes
PO4500000737,2025-08-20,2025-09-07,2025-09-04,SUP013,MAT100035,WH01,117,534.72,62562.24,Delivered,0,Yes
PO4500000738,2026-05-02,2026-05-11,2026-05-10,SUP017,MAT100039,WH03,98,588.13,57636.74,Delivered,0,Yes
PO4500000739,2025-11-17,2025-11-28,2025-11-28,SUP014,MAT100059,WH03,277,564.34,156322.18,Delivered,0,Yes
PO4500000740,2025-01-20,2025-02-02,2025-02-03,SUP006,MAT100028,WH03,211,521.27,109987.97,Delivered,1,Yes
PO4500000741,2026-04-24,2026-04-27,2026-04-28,SUP024,MAT100094,WH03,464,841.5,390456.0,Delivered,1,No
PO4500000742,2026-01-09,2026-01-28,2026-01-26,SUP007,MAT100098,WH02,174,673.06,117112.44,Delivered,0,Yes
PO4500000743,2025-11-23,2025-12-04,2025-12-01,SUP014,MAT100035,WH02,228,762.14,173767.92,Delivered,0,Yes
PO4500000744,2025-08-30,2025-09-06,2025-09-03,SUP009,MAT100032,WH02,173,176.76,30579.48,Delivered,0,Yes
PO4500000745,2026-03-23,2026-03-29,2026-03-26,SUP018,MAT100018,WH01,226,147.63,33364.38,Delivered,0,Yes
PO4500000746,2025-06-30,2025-07-07,2025-07-04,SUP009,MAT100008,WH01,517,705.1,364536.7,Delivered,0,Yes
PO4500000747,2025-03-07,2025-03-20,2025-04-03,SUP010,MAT100114,WH01,392,606.15,237610.8,Late,14,Yes
PO4500000748,2025-05-24,2025-05-27,2025-05-28,SUP024,MAT100067,WH03,532,839.98,446869.36,Delivered,1,Yes
PO4500000749,2025-09-15,2025-09-24,2025-09-21,SUP017,MAT100099,WH02,263,541.84,142503.92,Delivered,0,Yes
PO4500000750,2026-02-04,2026-03-13,2026-03-11,SUP019,MAT100014,WH01,453,200.12,90654.36,Delivered,0,Yes
PO4500000751,2026-03-27,2026-04-03,2026-04-04,SUP009,MAT100048,WH03,77,443.87,34177.99,Delivered,1,Yes
PO4500000752,2026-03-10,2026-04-09,2026-04-07,SUP011,MAT100120,WH01,304,792.09,240795.36,Delivered,0,Yes
PO4500000753,2026-01-12,2026-02-13,2026-02-10,SUP023,MAT100085,WH01,55,758.12,41696.6,Delivered,0,Yes
PO4500000754,2025-09-03,2025-10-06,2025-10-06,SUP022,MAT100090,WH02,336,576.86,193824.96,Delivered,0,Yes
PO4500000755,2025-05-05,2025-06-07,2025-06-05,SUP022,MAT100117,WH02,473,352.68,166817.64,Delivered,0,Yes
PO4500000756,2025-11-05,2025-11-12,2025-11-10,SUP009,MAT100114,WH01,324,193.3,62629.2,Delivered,0,Yes
PO4500000757,2025-11-21,2025-12-24,2025-12-24,SUP021,MAT100011,WH02,54,250.26,13514.04,Delivered,0,Yes
PO4500000758,2025-12-07,2025-12-18,2025-12-15,SUP014,MAT100065,WH01,184,630.14,115945.76,Delivered,0,Yes
PO4500000759,2025-12-01,2026-01-04,2026-01-01,SUP020,MAT100024,WH03,73,579.03,42269.19,Delivered,0,Yes
PO4500000760,2025-05-20,2025-06-22,2025-06-20,SUP021,MAT100011,WH01,332,285.78,94878.96,Delivered,0,Yes
PO4500000761,2025-05-14,2025-05-23,2025-06-06,SUP017,MAT100112,WH03,347,409.08,141950.76,Late,14,Yes
PO4500000762,2025-12-02,2025-12-15,2025-12-13,SUP006,MAT100024,WH02,106,375.97,39852.82,Delivered,0,Yes
PO4500000763,2025-08-18,2025-09-24,2025-09-21,SUP019,MAT100081,WH01,591,584.16,345238.56,Delivered,0,Yes
PO4500000764,2025-07-23,2025-08-10,2025-08-08,SUP015,MAT100055,WH03,70,363.93,25475.1,Delivered,0,Yes
PO4500000765,2026-01-12,2026-01-24,2026-01-25,SUP003,MAT100068,WH02,140,17.63,2468.2,Delivered,1,Yes
PO4500000766,2026-05-22,2026-06-09,2026-06-07,SUP015,MAT100105,WH02,215,851.72,183119.8,Delivered,0,Yes
PO4500000767,2026-01-27,2026-02-06,2026-02-04,SUP016,MAT100037,WH03,240,895.71,214970.4,Delivered,0,Yes
PO4500000768,2025-07-04,2025-07-15,2025-07-13,SUP014,MAT100034,WH01,49,264.72,12971.28,Delivered,0,Yes
PO4500000769,2026-01-14,2026-01-29,2026-01-29,SUP008,MAT100018,WH02,107,14.24,1523.68,Delivered,0,Yes
PO4500000770,2025-08-06,2025-08-24,2025-08-24,SUP013,MAT100072,WH01,282,70.38,19847.16,Delivered,0,No
PO4500000771,2026-04-28,2026-05-13,2026-05-15,SUP008,MAT100080,WH02,25,232.02,5800.5,Late,2,Yes
PO4500000772,2026-01-15,2026-02-02,2026-02-03,SUP013,MAT100034,WH01,62,524.54,32521.48,Delivered,1,Yes
PO4500000773,2026-04-25,2026-05-25,2026-05-24,SUP011,MAT100034,WH01,563,392.47,220960.61,Delivered,0,Yes
PO4500000774,2026-05-27,2026-06-28,2026-06-27,SUP005,MAT100037,WH02,389,833.98,324418.22,Delivered,0,Yes
PO4500000775,2026-06-14,2026-06-21,2026-06-19,SUP009,MAT100063,WH01,343,664.5,227923.5,Delivered,0,Yes
PO4500000776,2026-03-27,2026-04-29,2026-04-27,SUP022,MAT100005,WH02,75,210.73,15804.75,Delivered,0,Yes
PO4500000777,2026-04-24,2026-05-26,2026-05-26,SUP023,MAT100091,WH03,61,400.16,24409.76,Delivered,0,Yes
PO4500000778,2025-04-26,2025-05-06,2025-05-11,SUP016,MAT100027,WH02,146,317.9,46413.4,Late,5,Yes
PO4500000779,2026-06-05,2026-06-18,2026-06-25,SUP006,MAT100074,WH01,24,475.78,11418.72,Late,7,Yes
PO4500000780,2025-09-10,2025-09-22,2025-09-19,SUP003,MAT100088,WH03,356,28.24,10053.44,Delivered,0,Yes
PO4500000781,2025-04-19,2025-04-28,2025-05-03,SUP012,MAT100107,WH03,49,77.55,3799.95,Late,5,Yes
PO4500000782,2025-10-03,2025-10-21,2025-10-18,SUP015,MAT100084,WH03,357,872.94,311639.58,Delivered,0,Yes
PO4500000783,2025-05-13,2025-06-12,2025-06-09,SUP011,MAT100008,WH03,309,294.24,90920.16,Delivered,0,Yes
PO4500000784,2026-01-26,2026-03-01,2026-02-28,SUP020,MAT100099,WH02,202,219.87,44413.74,Delivered,0,Yes
PO4500000785,2025-06-16,2025-07-05,2025-07-05,SUP007,MAT100084,WH01,311,584.22,181692.42,Delivered,0,Yes
PO4500000786,2026-03-19,2026-03-29,2026-03-28,SUP016,MAT100013,WH02,154,326.34,50256.36,Delivered,0,Yes
PO4500000787,2026-04-02,2026-04-12,2026-04-28,SUP016,MAT100055,WH01,294,508.94,149628.36,Late,16,Yes
PO4500000788,2025-07-10,2025-07-19,2025-07-19,SUP012,MAT100044,WH02,115,41.19,4736.85,Delivered,0,Yes
PO4500000789,2025-06-08,2025-07-11,2025-07-12,SUP021,MAT100060,WH02,557,80.15,44643.55,Delivered,1,Yes
PO4500000790,2025-11-04,2025-11-14,2025-11-12,SUP016,MAT100067,WH02,327,758.18,247924.86,Delivered,0,Yes
PO4500000791,2025-03-20,2025-04-03,2025-04-04,SUP002,MAT100053,WH01,130,462.03,60063.9,Delivered,1,Yes
PO4500000792,2025-09-17,2025-09-20,2025-09-21,SUP024,MAT100003,WH01,103,692.94,71372.82,Delivered,1,Yes
PO4500000793,2025-07-03,2025-07-21,2025-07-21,SUP015,MAT100113,WH03,66,79.55,5250.3,Delivered,0,Yes
PO4500000794,2026-04-11,2026-05-18,2026-05-18,SUP019,MAT100118,WH01,291,310.49,90352.59,Delivered,0,Yes
PO4500000795,2025-09-23,2025-10-05,2025-10-02,SUP003,MAT100001,WH02,464,483.27,224237.28,Delivered,0,Yes
PO4500000796,2026-05-04,2026-05-17,2026-05-17,SUP006,MAT100105,WH03,518,276.01,142973.18,Delivered,0,Yes
PO4500000797,2026-02-09,2026-03-14,2026-03-11,SUP022,MAT100025,WH01,148,125.93,18637.64,Delivered,0,Yes
PO4500000798,2025-07-12,2025-08-13,2025-08-11,SUP023,MAT100084,WH01,512,585.52,299786.24,Delivered,0,Yes
PO4500000799,2025-07-15,2025-08-17,2025-08-17,SUP021,MAT100003,WH01,171,429.22,73396.62,Delivered,0,Yes
PO4500000800,2026-04-01,2026-05-03,2026-05-03,SUP005,MAT100075,WH01,40,774.52,30980.8,Delivered,0,Yes
PO4500000801,2026-02-06,2026-03-15,2026-03-12,SUP019,MAT100092,WH02,125,569.22,71152.5,Delivered,0,Yes
PO4500000802,2025-10-25,2025-11-04,2025-11-04,SUP016,MAT100093,WH03,517,464.45,240120.65,Delivered,0,Yes
PO4500000803,2025-08-26,2025-09-05,2025-09-06,SUP016,MAT100041,WH03,39,382.69,14924.91,Delivered,1,Yes
PO4500000804,2026-03-04,2026-04-06,2026-04-03,SUP021,MAT100083,WH02,526,562.31,295775.06,Delivered,0,Yes
PO4500000805,2025-01-22,2025-02-02,2025-01-31,SUP014,MAT100030,WH03,500,312.74,156370.0,Delivered,0,Yes
PO4500000806,2025-12-14,2026-01-16,2026-01-31,SUP022,MAT100093,WH03,154,795.44,122497.76,Late,15,Yes
PO4500000807,2026-01-04,2026-01-15,2026-01-13,SUP014,MAT100096,WH01,232,257.8,59809.6,Delivered,0,Yes
PO4500000808,2025-06-27,2025-07-29,2025-07-30,SUP005,MAT100054,WH02,523,95.31,49847.13,Delivered,1,Yes
PO4500000809,2025-02-18,2025-03-09,2025-03-21,SUP007,MAT100021,WH01,287,324.55,93145.85,Late,12,Yes
PO4500000810,2025-02-02,2025-02-11,2025-02-10,SUP017,MAT100030,WH01,460,107.0,49220.0,Delivered,0,Yes
PO4500000811,2025-09-22,2025-10-02,2025-10-14,SUP016,MAT100072,WH02,67,694.23,46513.41,Late,12,Yes
PO4500000812,2026-06-12,2026-07-14,2026-07-11,SUP023,MAT100057,WH02,71,834.34,59238.14,Open,0,Yes
PO4500000813,2025-04-19,2025-04-30,2025-05-01,SUP004,MAT100006,WH03,124,742.13,92024.12,Delivered,1,Yes
PO4500000814,2025-05-01,2025-06-03,2025-06-02,SUP021,MAT100091,WH02,180,656.87,118236.6,Delivered,0,Yes
PO4500000815,2025-04-12,2025-04-22,2025-04-21,SUP016,MAT100016,WH01,362,738.15,267210.3,Delivered,0,Yes
PO4500000816,2025-01-07,2025-01-18,2025-01-18,SUP014,MAT100022,WH01,369,261.65,96548.85,Delivered,0,Yes
PO4500000817,2026-03-01,2026-04-02,2026-03-31,SUP023,MAT100068,WH02,175,679.12,118846.0,Delivered,0,Yes
PO4500000818,2026-03-16,2026-04-17,2026-04-17,SUP005,MAT100067,WH03,489,856.9,419024.1,Delivered,0,Yes
PO4500000819,2026-03-30,2026-05-02,2026-04-29,SUP001,MAT100011,WH02,549,849.56,466408.44,Delivered,0,Yes
PO4500000820,2026-03-21,2026-04-03,2026-03-31,SUP006,MAT100008,WH03,174,812.75,141418.5,Delivered,0,Yes
PO4500000821,2025-10-30,2025-12-02,2025-12-03,SUP022,MAT100041,WH02,331,650.79,215411.49,Delivered,1,No
PO4500000822,2025-05-31,2025-06-07,2025-06-07,SUP009,MAT100080,WH03,230,799.38,183857.4,Delivered,0,Yes
PO4500000823,2025-12-20,2026-01-21,2026-01-21,SUP023,MAT100011,WH01,222,793.47,176150.34,Delivered,0,Yes
PO4500000824,2025-05-10,2025-05-28,2025-05-29,SUP013,MAT100066,WH03,310,196.29,60849.9,Delivered,1,Yes
PO4500000825,2025-06-13,2025-07-13,2025-07-14,SUP011,MAT100100,WH02,284,221.0,62764.0,Delivered,1,Yes
PO4500000826,2025-04-24,2025-05-03,2025-05-02,SUP017,MAT100046,WH01,285,566.16,161355.6,Delivered,0,No
PO4500000827,2025-05-08,2025-06-10,2025-06-11,SUP021,MAT100031,WH03,25,410.57,10264.25,Delivered,1,Yes
PO4500000828,2025-08-28,2025-10-04,2025-10-03,SUP019,MAT100067,WH03,163,644.34,105027.42,Delivered,0,Yes
PO4500000829,2026-06-13,2026-07-13,2026-07-12,SUP011,MAT100092,WH02,485,92.7,44959.5,Open,0,Yes
PO4500000830,2025-04-05,2025-04-17,2025-04-15,SUP003,MAT100010,WH02,507,197.23,99995.61,Delivered,0,Yes
PO4500000831,2026-02-09,2026-02-27,2026-02-28,SUP013,MAT100057,WH03,530,574.63,304553.9,Delivered,1,Yes
PO4500000832,2026-03-03,2026-03-13,2026-03-18,SUP016,MAT100092,WH02,537,118.78,63784.86,Late,5,Yes
PO4500000833,2026-06-10,2026-07-12,2026-07-09,SUP023,MAT100005,WH03,237,412.61,97788.57,Open,0,Yes
PO4500000834,2026-01-14,2026-01-20,2026-01-24,SUP018,MAT100048,WH03,438,103.75,45442.5,Late,4,Yes
PO4500000835,2025-06-06,2025-06-15,2025-06-14,SUP017,MAT100063,WH01,403,276.42,111397.26,Delivered,0,Yes
PO4500000836,2026-03-08,2026-04-09,2026-04-08,SUP005,MAT100105,WH03,310,197.95,61364.5,Delivered,0,Yes
PO4500000837,2025-12-24,2026-01-04,2026-01-01,SUP004,MAT100040,WH03,447,435.65,194735.55,Delivered,0,Yes
PO4500000838,2026-01-22,2026-02-21,2026-02-22,SUP011,MAT100065,WH03,155,686.95,106477.25,Delivered,1,Yes
PO4500000839,2026-04-05,2026-04-23,2026-04-22,SUP015,MAT100086,WH03,111,720.83,80012.13,Delivered,0,Yes
PO4500000840,2026-02-09,2026-02-24,2026-02-21,SUP008,MAT100083,WH01,473,663.64,313901.72,Delivered,0,Yes
PO4500000841,2025-01-26,2025-02-27,2025-02-26,SUP023,MAT100083,WH03,594,582.42,345957.48,Delivered,0,Yes
PO4500000842,2025-02-24,2025-03-30,2025-04-16,SUP020,MAT100065,WH01,213,676.75,144147.75,Late,17,Yes
PO4500000843,2025-07-04,2025-07-10,2025-07-19,SUP018,MAT100091,WH03,230,224.53,51641.9,Late,9,Yes
PO4500000844,2025-11-25,2025-12-01,2025-11-28,SUP018,MAT100003,WH02,523,776.47,406093.81,Delivered,0,Yes
PO4500000845,2025-01-25,2025-02-05,2025-02-04,SUP014,MAT100015,WH01,411,235.17,96654.87,Delivered,0,Yes
PO4500000846,2025-05-28,2025-06-10,2025-06-07,SUP010,MAT100053,WH03,177,279.58,49485.66,Delivered,0,Yes
PO4500000847,2025-11-30,2026-01-03,2025-12-31,SUP020,MAT100041,WH01,325,354.0,115050.0,Delivered,0,Yes
PO4500000848,2025-09-22,2025-10-22,2025-10-19,SUP011,MAT100097,WH03,73,186.29,13599.17,Delivered,0,Yes
PO4500000849,2026-06-05,2026-06-15,2026-06-15,SUP016,MAT100041,WH02,137,246.01,33703.37,Delivered,0,Yes
PO4500000850,2026-05-11,2026-05-23,2026-05-21,SUP003,MAT100076,WH03,39,245.9,9590.1,Delivered,0,Yes
PO4500000851,2025-05-09,2025-05-15,2025-05-15,SUP018,MAT100082,WH03,476,80.1,38127.6,Delivered,0,Yes
PO4500000852,2026-01-18,2026-02-19,2026-02-17,SUP005,MAT100055,WH03,271,486.09,131730.39,Delivered,0,Yes
PO4500000853,2026-04-21,2026-05-24,2026-06-03,SUP001,MAT100120,WH02,191,5.49,1048.59,Late,10,Yes
PO4500000854,2026-01-25,2026-02-01,2026-02-08,SUP009,MAT100021,WH03,542,256.77,139169.34,Late,7,Yes
PO4500000855,2025-11-04,2025-11-16,2025-11-13,SUP003,MAT100036,WH02,163,653.94,106592.22,Delivered,0,Yes
PO4500000856,2025-11-22,2025-12-01,2025-12-12,SUP017,MAT100091,WH02,287,881.78,253070.86,Late,11,Yes
PO4500000857,2025-11-26,2025-12-29,2025-12-29,SUP022,MAT100089,WH01,356,19.21,6838.76,Delivered,0,Yes
PO4500000858,2026-05-03,2026-06-05,2026-06-02,SUP001,MAT100115,WH03,197,374.78,73831.66,Delivered,0,Yes
PO4500000859,2025-03-25,2025-04-12,2025-04-09,SUP013,MAT100107,WH03,571,32.7,18671.7,Delivered,0,Yes
PO4500000860,2025-12-28,2026-01-08,2026-01-21,SUP004,MAT100108,WH03,386,351.14,135540.04,Late,13,Yes
PO4500000861,2026-04-19,2026-04-30,2026-04-28,SUP004,MAT100096,WH01,475,13.38,6355.5,Delivered,0,Yes
PO4500000862,2026-01-02,2026-02-04,2026-02-05,SUP022,MAT100029,WH01,330,728.53,240414.9,Delivered,1,Yes
PO4500000863,2025-02-07,2025-02-16,2025-02-17,SUP012,MAT100106,WH03,234,11.39,2665.26,Delivered,1,Yes
PO4500000864,2026-05-28,2026-06-04,2026-06-05,SUP009,MAT100073,WH03,218,595.56,129832.08,Delivered,1,Yes
PO4500000865,2025-06-29,2025-08-05,2025-08-03,SUP019,MAT100120,WH03,86,119.05,10238.3,Delivered,0,Yes
PO4500000866,2025-10-08,2025-10-17,2025-10-14,SUP017,MAT100088,WH03,565,554.94,313541.1,Delivered,0,Yes
PO4500000867,2026-03-14,2026-04-16,2026-04-13,SUP001,MAT100053,WH02,350,392.13,137245.5,Delivered,0,Yes
PO4500000868,2026-04-23,2026-05-02,2026-05-03,SUP017,MAT100029,WH01,64,796.0,50944.0,Delivered,1,Yes
PO4500000869,2026-04-05,2026-04-16,2026-04-16,SUP014,MAT100113,WH03,219,304.56,66698.64,Delivered,0,Yes
PO4500000870,2025-08-20,2025-08-23,2025-09-06,SUP024,MAT100026,WH01,96,825.71,79268.16,Late,14,Yes
PO4500000871,2025-04-10,2025-04-22,2025-04-22,SUP003,MAT100081,WH02,44,535.32,23554.08,Delivered,0,Yes
PO4500000872,2025-04-21,2025-05-06,2025-05-05,SUP008,MAT100067,WH01,75,740.36,55527.0,Delivered,0,Yes
PO4500000873,2026-03-26,2026-04-29,2026-04-29,SUP020,MAT100008,WH01,147,81.55,11987.85,Delivered,0,Yes
PO4500000874,2025-03-08,2025-04-09,2025-04-06,SUP023,MAT100079,WH03,472,54.04,25506.88,Delivered,0,Yes
PO4500000875,2025-02-27,2025-03-10,2025-03-09,SUP004,MAT100080,WH02,410,364.51,149449.1,Delivered,0,Yes
PO4500000876,2025-01-11,2025-02-14,2025-02-14,SUP020,MAT100080,WH01,458,792.54,362983.32,Delivered,0,Yes
PO4500000877,2025-01-27,2025-03-01,2025-02-28,SUP022,MAT100002,WH03,217,101.67,22062.39,Delivered,0,Yes
PO4500000878,2025-07-18,2025-08-24,2025-08-29,SUP019,MAT100054,WH02,541,234.38,126799.58,Late,5,Yes
PO4500000879,2025-07-10,2025-07-28,2025-07-25,SUP015,MAT100075,WH02,81,119.27,9660.87,Delivered,0,Yes
PO4500000880,2026-01-02,2026-02-04,2026-02-05,SUP021,MAT100040,WH03,169,136.93,23141.17,Delivered,1,Yes
PO4500000881,2025-01-09,2025-01-18,2025-01-16,SUP012,MAT100105,WH03,78,217.46,16961.88,Delivered,0,Yes
PO4500000882,2025-12-19,2025-12-30,2025-12-28,SUP014,MAT100044,WH01,226,707.81,159965.06,Delivered,0,Yes
PO4500000883,2026-04-24,2026-05-26,2026-05-25,SUP023,MAT100079,WH02,599,866.94,519297.06,Delivered,0,Yes
PO4500000884,2025-04-18,2025-05-01,2025-04-28,SUP006,MAT100001,WH03,527,201.37,106121.99,Delivered,0,Yes
PO4500000885,2026-04-23,2026-05-08,2026-05-06,SUP008,MAT100105,WH02,512,662.45,339174.4,Delivered,0,Yes
PO4500000886,2025-07-30,2025-08-17,2025-08-14,SUP013,MAT100046,WH01,391,13.85,5415.35,Delivered,0,Yes
PO4500000887,2025-10-25,2025-11-26,2025-11-27,SUP005,MAT100004,WH01,388,44.29,17184.52,Delivered,1,Yes
PO4500000888,2025-08-13,2025-08-26,2025-09-01,SUP006,MAT100032,WH01,367,763.54,280219.18,Late,6,Yes
PO4500000889,2025-09-26,2025-10-09,2025-10-10,SUP006,MAT100101,WH01,160,344.14,55062.4,Late,1,Yes
PO4500000890,2025-11-09,2025-11-28,2025-11-27,SUP007,MAT100068,WH03,401,596.51,239200.51,Delivered,0,Yes
PO4500000891,2025-03-08,2025-04-09,2025-04-07,SUP023,MAT100049,WH03,214,176.55,37781.7,Delivered,0,Yes
PO4500000892,2026-03-16,2026-04-19,2026-04-27,SUP020,MAT100076,WH01,67,687.96,46093.32,Late,8,Yes
PO4500000893,2025-06-02,2025-06-15,2025-06-12,SUP010,MAT100109,WH03,306,786.2,240577.2,Delivered,0,Yes
PO4500000894,2025-08-03,2025-08-13,2025-08-13,SUP016,MAT100050,WH03,86,154.85,13317.1,Delivered,0,Yes
PO4500000895,2026-05-26,2026-06-04,2026-06-02,SUP012,MAT100068,WH03,349,642.68,224295.32,Delivered,0,Yes
PO4500000896,2026-05-01,2026-05-11,2026-05-11,SUP016,MAT100115,WH01,57,190.44,10855.08,Delivered,0,Yes
PO4500000897,2026-02-10,2026-02-25,2026-02-25,SUP008,MAT100120,WH02,406,516.38,209650.28,Delivered,0,Yes
PO4500000898,2025-05-18,2025-05-30,2025-05-29,SUP003,MAT100030,WH03,475,469.34,222936.5,Delivered,0,No
PO4500000899,2025-12-11,2025-12-20,2025-12-20,SUP017,MAT100103,WH02,462,371.01,171406.62,Delivered,0,Yes
PO4500000900,2025-01-26,2025-02-13,2025-02-11,SUP013,MAT100046,WH01,291,582.59,169533.69,Delivered,0,Yes
PO4500000901,2026-06-10,2026-06-19,2026-06-16,SUP017,MAT100013,WH01,303,834.31,252795.93,Delivered,0,Yes
PO4500000902,2025-07-25,2025-08-08,2025-08-07,SUP002,MAT100105,WH03,276,275.93,76156.68,Delivered,0,Yes
PO4500000903,2025-05-22,2025-06-10,2025-06-28,SUP007,MAT100039,WH02,287,12.64,3627.68,Late,18,Yes
PO4500000904,2026-02-20,2026-03-10,2026-03-07,SUP013,MAT100098,WH01,503,590.41,296976.23,Delivered,0,Yes
PO4500000905,2025-08-21,2025-09-05,2025-09-03,SUP008,MAT100076,WH03,505,214.18,108160.9,Delivered,0,Yes
PO4500000906,2026-04-18,2026-04-21,2026-04-18,SUP024,MAT100055,WH03,340,761.99,259076.6,Delivered,0,Yes
PO4500000907,2026-04-06,2026-04-24,2026-04-21,SUP015,MAT100112,WH01,403,129.36,52132.08,Delivered,0,Yes
PO4500000908,2025-01-10,2025-01-13,2025-01-12,SUP024,MAT100055,WH03,367,206.81,75899.27,Delivered,0,Yes
PO4500000909,2025-11-03,2025-12-05,2025-12-02,SUP023,MAT100020,WH02,52,830.32,43176.64,Delivered,0,Yes
PO4500000910,2026-02-05,2026-03-11,2026-03-18,SUP020,MAT100050,WH01,420,62.02,26048.4,Late,7,Yes
PO4500000911,2026-04-08,2026-05-08,2026-05-07,SUP011,MAT100087,WH03,115,158.42,18218.3,Delivered,0,Yes
PO4500000912,2026-05-16,2026-06-17,2026-06-15,SUP023,MAT100050,WH02,91,820.65,74679.15,Delivered,0,Yes
PO4500000913,2025-03-13,2025-03-26,2025-03-25,SUP010,MAT100042,WH02,550,14.89,8189.5,Delivered,0,Yes
PO4500000914,2025-05-13,2025-05-24,2025-05-24,SUP004,MAT100116,WH01,90,353.15,31783.5,Delivered,0,Yes
PO4500000915,2025-11-14,2025-12-03,2025-12-03,SUP007,MAT100040,WH03,182,545.32,99248.24,Delivered,0,Yes
PO4500000916,2026-04-15,2026-05-17,2026-05-14,SUP023,MAT100106,WH02,166,403.93,67052.38,Delivered,0,Yes
PO4500000917,2025-12-03,2025-12-18,2026-01-03,SUP008,MAT100006,WH03,491,419.11,205783.01,Late,16,Yes
PO4500000918,2026-04-13,2026-05-16,2026-05-15,SUP021,MAT100104,WH01,420,553.66,232537.2,Delivered,0,Yes
PO4500000919,2026-03-19,2026-04-01,2026-03-30,SUP006,MAT100006,WH01,117,357.23,41795.91,Delivered,0,Yes
PO4500000920,2025-10-08,2025-10-21,2025-11-08,SUP006,MAT100009,WH03,318,601.66,191327.88,Late,18,Yes
PO4500000921,2026-05-21,2026-06-09,2026-06-10,SUP007,MAT100010,WH01,144,895.81,128996.64,Delivered,1,Yes
PO4500000922,2026-02-24,2026-03-26,2026-03-25,SUP011,MAT100060,WH01,232,457.93,106239.76,Delivered,0,Yes
PO4500000923,2026-04-18,2026-05-20,2026-05-20,SUP023,MAT100002,WH02,219,360.02,78844.38,Delivered,0,Yes
PO4500000924,2025-12-01,2026-01-02,2026-01-02,SUP005,MAT100011,WH03,516,417.91,215641.56,Delivered,0,Yes
PO4500000925,2026-03-25,2026-04-26,2026-04-25,SUP023,MAT100003,WH03,185,157.68,29170.8,Delivered,0,Yes
PO4500000926,2025-05-08,2025-05-21,2025-05-21,SUP010,MAT100098,WH01,192,74.44,14292.48,Delivered,0,Yes
PO4500000927,2026-03-28,2026-04-29,2026-04-27,SUP005,MAT100069,WH01,55,803.96,44217.8,Delivered,0,Yes
PO4500000928,2025-04-16,2025-04-30,2025-04-29,SUP002,MAT100001,WH01,474,51.91,24605.34,Delivered,0,Yes
PO4500000929,2025-09-13,2025-10-02,2025-09-30,SUP007,MAT100054,WH01,224,86.79,19440.96,Delivered,0,Yes
PO4500000930,2025-07-16,2025-08-15,2025-08-12,SUP011,MAT100013,WH03,245,863.08,211454.6,Delivered,0,Yes
PO4500000931,2025-02-15,2025-02-28,2025-02-25,SUP006,MAT100081,WH01,354,293.8,104005.2,Delivered,0,Yes
PO4500000932,2026-02-09,2026-02-15,2026-02-19,SUP018,MAT100046,WH02,257,196.33,50456.81,Late,4,Yes
PO4500000933,2025-11-20,2025-12-08,2025-12-06,SUP013,MAT100085,WH02,489,201.99,98773.11,Delivered,0,Yes
PO4500000934,2025-02-14,2025-02-23,2025-02-21,SUP012,MAT100077,WH02,440,274.87,120942.8,Delivered,0,Yes
PO4500000935,2025-06-25,2025-07-06,2025-07-03,SUP004,MAT100090,WH02,352,883.37,310946.24,Delivered,0,Yes
PO4500000936,2025-05-17,2025-06-18,2025-06-17,SUP023,MAT100003,WH03,513,65.42,33560.46,Delivered,0,Yes
PO4500000937,2026-01-27,2026-02-14,2026-02-12,SUP015,MAT100002,WH01,535,530.78,283967.3,Delivered,0,No
PO4500000938,2025-11-13,2025-11-24,2025-11-24,SUP004,MAT100008,WH01,269,559.69,150556.61,Delivered,0,Yes
PO4500000939,2025-07-26,2025-08-08,2025-08-06,SUP010,MAT100093,WH03,58,218.07,12648.06,Delivered,0,Yes
PO4500000940,2025-12-03,2025-12-21,2025-12-20,SUP015,MAT100054,WH03,60,471.18,28270.8,Delivered,0,Yes
PO4500000941,2025-08-23,2025-09-25,2025-09-24,SUP001,MAT100070,WH01,370,221.81,82069.7,Delivered,0,Yes
PO4500000942,2025-09-12,2025-10-15,2025-10-13,SUP022,MAT100024,WH02,410,471.72,193405.2,Delivered,0,Yes
PO4500000943,2026-05-19,2026-05-31,2026-05-29,SUP003,MAT100019,WH01,73,572.76,41811.48,Delivered,0,Yes
PO4500000944,2025-07-29,2025-08-11,2025-08-08,SUP006,MAT100040,WH01,456,653.87,298164.72,Delivered,0,Yes
PO4500000945,2026-03-11,2026-03-26,2026-03-24,SUP008,MAT100058,WH03,330,260.39,85928.7,Delivered,0,Yes
PO4500000946,2025-03-23,2025-04-02,2025-04-14,SUP016,MAT100061,WH02,427,343.06,146486.62,Late,12,Yes
PO4500000947,2026-03-20,2026-04-23,2026-04-23,SUP020,MAT100055,WH01,40,686.93,27477.2,Delivered,0,Yes
PO4500000948,2025-06-06,2025-06-19,2025-06-17,SUP010,MAT100040,WH02,283,345.5,97776.5,Delivered,0,Yes
PO4500000949,2026-05-08,2026-05-14,2026-05-12,SUP018,MAT100118,WH01,500,180.17,90085.0,Delivered,0,No
PO4500000950,2026-01-19,2026-01-28,2026-01-28,SUP017,MAT100048,WH02,424,873.59,370402.16,Delivered,0,Yes
PO4500000951,2025-03-14,2025-04-16,2025-04-13,SUP021,MAT100073,WH01,147,349.42,51364.74,Delivered,0,Yes
PO4500000952,2025-09-19,2025-09-30,2025-09-29,SUP014,MAT100082,WH03,541,639.67,346061.47,Delivered,0,Yes
PO4500000953,2026-01-30,2026-02-13,2026-02-11,SUP002,MAT100118,WH02,268,432.56,115926.08,Delivered,0,Yes
PO4500000954,2025-01-29,2025-03-03,2025-03-01,SUP022,MAT100088,WH01,287,546.86,156948.82,Delivered,0,Yes
PO4500000955,2025-06-15,2025-07-19,2025-07-16,SUP020,MAT100076,WH01,413,360.91,149055.83,Delivered,0,Yes
PO4500000956,2026-03-10,2026-03-29,2026-03-29,SUP007,MAT100065,WH03,278,624.19,173524.82,Delivered,0,Yes
PO4500000957,2025-11-12,2025-11-30,2025-11-27,SUP013,MAT100100,WH02,131,574.38,75243.78,Delivered,0,Yes
PO4500000958,2025-08-03,2025-08-10,2025-08-23,SUP009,MAT100022,WH02,335,10.75,3601.25,Late,13,No
PO4500000959,2026-03-04,2026-03-16,2026-03-15,SUP003,MAT100048,WH01,461,157.72,72708.92,Delivered,0,Yes
PO4500000960,2026-05-14,2026-06-02,2026-05-30,SUP007,MAT100028,WH01,481,512.55,246536.55,Delivered,0,Yes
PO4500000961,2025-07-07,2025-07-10,2025-07-08,SUP024,MAT100112,WH02,285,884.74,252150.9,Delivered,0,Yes
PO4500000962,2025-04-22,2025-05-26,2025-05-24,SUP020,MAT100049,WH01,101,267.35,27002.35,Delivered,0,Yes
PO4500000963,2025-01-31,2025-03-02,2025-03-02,SUP011,MAT100013,WH01,516,607.16,313294.56,Delivered,0,Yes
PO4500000964,2025-02-12,2025-03-17,2025-03-18,SUP001,MAT100067,WH02,27,341.22,9212.94,Delivered,1,Yes
PO4500000965,2025-12-12,2025-12-22,2025-12-21,SUP016,MAT100044,WH02,399,615.26,245488.74,Delivered,0,Yes
PO4500000966,2026-02-13,2026-02-22,2026-02-19,SUP012,MAT100104,WH01,384,786.4,301977.6,Delivered,0,No
PO4500000967,2026-02-16,2026-03-20,2026-03-18,SUP023,MAT100112,WH03,46,543.71,25010.66,Delivered,0,Yes
PO4500000968,2025-09-12,2025-10-14,2025-10-15,SUP023,MAT100085,WH01,506,465.85,235720.1,Delivered,1,No
PO4500000969,2025-11-26,2025-12-29,2025-12-28,SUP021,MAT100095,WH02,66,872.79,57604.14,Delivered,0,Yes
PO4500000970,2026-05-12,2026-05-27,2026-05-28,SUP008,MAT100120,WH02,103,316.76,32626.28,Delivered,1,Yes
PO4500000971,2025-04-13,2025-05-15,2025-05-14,SUP023,MAT100112,WH03,219,642.19,140639.61,Delivered,0,Yes
PO4500000972,2026-06-01,2026-07-03,2026-07-03,SUP023,MAT100087,WH03,109,274.71,29943.39,Open,0,Yes
PO4500000973,2025-06-22,2025-07-10,2025-07-07,SUP015,MAT100031,WH01,513,598.06,306804.78,Delivered,0,Yes
PO4500000974,2025-04-02,2025-05-05,2025-05-02,SUP022,MAT100042,WH02,184,836.46,153908.64,Delivered,0,Yes
PO4500000975,2025-09-21,2025-10-06,2025-10-03,SUP008,MAT100082,WH03,159,830.85,132105.15,Delivered,0,Yes
PO4500000976,2025-12-07,2026-01-08,2026-01-09,SUP023,MAT100049,WH03,86,581.37,49997.82,Delivered,1,Yes
PO4500000977,2026-01-26,2026-01-29,2026-01-30,SUP024,MAT100029,WH02,467,728.56,340237.52,Delivered,1,Yes
PO4500000978,2025-04-25,2025-05-07,2025-05-08,SUP003,MAT100015,WH03,212,671.43,142343.16,Delivered,1,Yes
PO4500000979,2026-01-25,2026-02-24,2026-02-21,SUP011,MAT100069,WH01,338,60.39,20411.82,Delivered,0,Yes
PO4500000980,2025-11-24,2025-12-05,2025-12-03,SUP014,MAT100076,WH01,552,599.05,330675.6,Delivered,0,Yes
PO4500000981,2026-04-17,2026-05-20,2026-05-19,SUP001,MAT100059,WH01,244,452.35,110373.4,Delivered,0,Yes
PO4500000982,2025-02-05,2025-03-09,2025-03-08,SUP005,MAT100016,WH02,534,891.35,475980.9,Delivered,0,Yes
PO4500000983,2026-05-05,2026-06-06,2026-06-04,SUP023,MAT100049,WH01,526,265.89,139858.14,Delivered,0,Yes
PO4500000984,2025-06-06,2025-07-06,2025-07-04,SUP011,MAT100007,WH01,250,631.86,157965.0,Delivered,0,Yes
PO4500000985,2026-02-06,2026-02-09,2026-02-07,SUP024,MAT100044,WH02,42,495.41,20807.22,Delivered,0,Yes
PO4500000986,2026-02-05,2026-02-14,2026-02-15,SUP012,MAT100119,WH01,309,257.72,79635.48,Delivered,1,Yes
PO4500000987,2026-02-08,2026-02-14,2026-02-13,SUP018,MAT100091,WH02,75,765.58,57418.5,Delivered,0,Yes
PO4500000988,2025-05-21,2025-06-03,2025-06-03,SUP006,MAT100027,WH01,318,808.01,256947.18,Delivered,0,Yes
PO4500000989,2025-01-10,2025-01-29,2025-01-30,SUP007,MAT100110,WH01,124,612.09,75899.16,Delivered,1,Yes
PO4500000990,2025-06-22,2025-07-03,2025-07-07,SUP014,MAT100023,WH01,384,876.87,336718.08,Late,4,Yes
PO4500000991,2025-12-13,2025-12-22,2025-12-20,SUP017,MAT100016,WH01,433,224.28,97113.24,Delivered,0,Yes
PO4500000992,2025-06-26,2025-07-09,2025-07-09,SUP010,MAT100111,WH03,111,701.07,77818.77,Delivered,0,Yes
PO4500000993,2026-04-01,2026-05-04,2026-05-01,SUP021,MAT100063,WH03,139,78.96,10975.44,Delivered,0,Yes
PO4500000994,2025-08-19,2025-08-28,2025-08-29,SUP017,MAT100096,WH01,511,249.98,127739.78,Delivered,1,Yes
PO4500000995,2026-01-29,2026-02-11,2026-02-11,SUP006,MAT100013,WH02,325,516.42,167836.5,Delivered,0,Yes
PO4500000996,2025-07-09,2025-07-15,2025-07-12,SUP018,MAT100069,WH03,423,502.67,212629.41,Delivered,0,Yes
PO4500000997,2025-05-08,2025-05-17,2025-05-15,SUP017,MAT100077,WH03,140,166.69,23336.6,Delivered,0,Yes
PO4500000998,2026-04-03,2026-04-09,2026-04-06,SUP018,MAT100027,WH03,60,120.29,7217.4,Delivered,0,Yes
PO4500000999,2025-09-20,2025-09-26,2025-09-23,SUP018,MAT100065,WH02,106,882.04,93496.24,Delivered,0,Yes
PO4500001000,2025-06-25,2025-07-01,2025-06-28,SUP018,MAT100067,WH02,274,274.04,75086.96,Delivered,0,Yes
PO4500001001,2025-05-24,2025-06-11,2025-06-10,SUP015,MAT100046,WH03,555,820.15,455183.25,Delivered,0,Yes
PO4500001002,2025-04-12,2025-05-01,2025-04-28,SUP007,MAT100019,WH02,262,37.88,9924.56,Delivered,0,Yes
PO4500001003,2025-05-18,2025-06-06,2025-06-04,SUP007,MAT100094,WH03,387,253.27,98015.49,Delivered,0,Yes
PO4500001004,2025-09-19,2025-09-25,2025-09-23,SUP018,MAT100033,WH03,429,413.18,177254.22,Delivered,0,Yes
PO4500001005,2025-05-27,2025-06-28,2025-06-25,SUP023,MAT100090,WH03,295,895.85,264275.75,Delivered,0,Yes
PO4500001006,2026-06-08,2026-06-17,2026-06-17,SUP012,MAT100101,WH02,177,288.14,51000.78,Delivered,0,Yes
PO4500001007,2025-09-11,2025-10-15,2025-10-12,SUP020,MAT100071,WH02,564,103.44,58340.16,Delivered,0,Yes
PO4500001008,2025-04-02,2025-05-05,2025-05-04,SUP021,MAT100103,WH01,299,135.97,40655.03,Delivered,0,Yes
PO4500001009,2026-01-22,2026-02-02,2026-02-10,SUP004,MAT100101,WH01,407,856.85,348737.95,Late,8,Yes
PO4500001010,2025-11-10,2025-11-13,2025-11-13,SUP024,MAT100090,WH03,117,478.42,55975.14,Delivered,0,Yes
PO4500001011,2025-10-05,2025-10-11,2025-10-08,SUP018,MAT100097,WH02,194,289.61,56184.34,Delivered,0,Yes
PO4500001012,2026-02-17,2026-02-20,2026-02-18,SUP024,MAT100066,WH03,285,13.5,3847.5,Delivered,0,Yes
PO4500001013,2025-05-27,2025-06-28,2025-06-27,SUP005,MAT100082,WH02,74,827.01,61198.74,Delivered,0,Yes
PO4500001014,2026-03-05,2026-03-20,2026-03-18,SUP008,MAT100103,WH02,469,887.69,416326.61,Delivered,0,Yes
PO4500001015,2026-03-15,2026-03-22,2026-03-20,SUP009,MAT100012,WH02,332,573.89,190531.48,Delivered,0,Yes
PO4500001016,2025-04-03,2025-05-03,2025-04-30,SUP011,MAT100022,WH03,265,850.66,225424.9,Delivered,0,No
PO4500001017,2025-10-20,2025-10-23,2025-10-23,SUP024,MAT100055,WH03,30,866.14,25984.2,Delivered,0,Yes
PO4500001018,2025-05-20,2025-05-23,2025-05-24,SUP024,MAT100052,WH01,565,629.6,355724.0,Delivered,1,Yes
PO4500001019,2025-01-08,2025-01-11,2025-01-12,SUP024,MAT100095,WH03,373,223.58,83395.34,Delivered,1,Yes
PO4500001020,2025-02-13,2025-02-22,2025-02-20,SUP017,MAT100023,WH01,556,813.9,452528.4,Delivered,0,Yes
PO4500001021,2026-06-11,2026-07-13,2026-07-10,SUP005,MAT100022,WH02,452,448.48,202712.96,Open,0,Yes
PO4500001022,2025-09-13,2025-10-13,2025-10-10,SUP011,MAT100038,WH02,317,272.76,86464.92,Delivered,0,Yes
PO4500001023,2026-02-08,2026-02-11,2026-02-10,SUP024,MAT100005,WH02,547,744.03,406984.41,Delivered,0,Yes
PO4500001024,2025-02-28,2025-03-10,2025-03-11,SUP016,MAT100046,WH01,491,299.05,146833.55,Delivered,1,No
PO4500001025,2025-07-10,2025-07-13,2025-07-10,SUP024,MAT100026,WH01,123,390.57,48040.11,Delivered,0,Yes
PO4500001026,2026-02-25,2026-03-29,2026-03-29,SUP005,MAT100085,WH02,27,144.29,3895.83,Delivered,0,Yes
PO4500001027,2026-01-19,2026-02-06,2026-02-06,SUP013,MAT100035,WH01,206,485.1,99930.6,Delivered,0,Yes
PO4500001028,2026-03-26,2026-04-28,2026-04-27,SUP022,MAT100114,WH03,464,10.2,4732.8,Delivered,0,Yes
PO4500001029,2025-10-19,2025-11-07,2025-11-07,SUP007,MAT100116,WH01,451,670.81,302535.31,Delivered,0,Yes
PO4500001030,2026-05-06,2026-05-25,2026-06-03,SUP007,MAT100071,WH02,141,381.88,53845.08,Late,9,Yes
PO4500001031,2025-05-11,2025-06-12,2025-06-12,SUP023,MAT100095,WH02,533,654.77,348992.41,Delivered,0,Yes
PO4500001032,2025-01-22,2025-02-02,2025-02-01,SUP004,MAT100088,WH01,532,17.22,9161.04,Delivered,0,No
PO4500001033,2026-03-16,2026-04-15,2026-04-16,SUP011,MAT100037,WH02,464,434.77,201733.28,Late,1,Yes
PO4500001034,2025-09-11,2025-09-22,2025-09-23,SUP014,MAT100099,WH01,211,228.27,48164.97,Delivered,1,Yes
PO4500001035,2025-09-11,2025-10-13,2025-10-13,SUP023,MAT100101,WH01,223,429.13,95695.99,Delivered,0,Yes
PO4500001036,2025-07-05,2025-07-14,2025-07-15,SUP017,MAT100017,WH02,172,210.3,36171.6,Delivered,1,No
PO4500001037,2025-05-30,2025-06-18,2025-06-19,SUP007,MAT100007,WH02,224,86.39,19351.36,Delivered,1,Yes
PO4500001038,2025-08-25,2025-09-07,2025-09-07,SUP010,MAT100055,WH03,510,59.91,30554.1,Delivered,0,No
PO4500001039,2025-10-03,2025-10-14,2025-10-13,SUP004,MAT100115,WH01,448,226.04,101265.92,Delivered,0,Yes
PO4500001040,2025-02-23,2025-03-28,2025-03-27,SUP001,MAT100036,WH03,237,260.36,61705.32,Delivered,0,Yes
PO4500001041,2025-09-16,2025-09-29,2025-10-11,SUP006,MAT100013,WH03,362,277.4,100418.8,Late,12,No
PO4500001042,2025-05-14,2025-05-20,2025-05-19,SUP018,MAT100031,WH03,561,546.22,306429.42,Delivered,0,Yes
PO4500001043,2026-01-29,2026-03-07,2026-03-04,SUP019,MAT100078,WH01,153,568.45,86972.85,Delivered,0,No
PO4500001044,2025-07-15,2025-08-17,2025-08-17,SUP021,MAT100070,WH03,121,72.02,8714.42,Delivered,0,Yes
PO4500001045,2026-05-01,2026-05-04,2026-05-11,SUP024,MAT100006,WH01,566,650.09,367950.94,Late,7,Yes
PO4500001046,2025-09-16,2025-09-22,2025-10-10,SUP018,MAT100058,WH03,375,805.95,302231.25,Late,18,Yes
PO4500001047,2025-03-11,2025-03-22,2025-03-23,SUP014,MAT100022,WH03,535,712.84,381369.4,Delivered,1,Yes
PO4500001048,2025-10-24,2025-11-25,2025-11-26,SUP005,MAT100089,WH01,82,715.98,58710.36,Delivered,1,Yes
PO4500001049,2026-05-22,2026-06-09,2026-06-10,SUP013,MAT100097,WH03,96,153.14,14701.44,Delivered,1,Yes
PO4500001050,2026-02-15,2026-03-05,2026-03-03,SUP013,MAT100074,WH01,208,8.22,1709.76,Delivered,0,Yes
PO4500001051,2026-06-10,2026-07-13,2026-07-14,SUP001,MAT100029,WH02,285,276.55,78816.75,Open,1,Yes
PO4500001052,2025-05-02,2025-05-08,2025-05-05,SUP018,MAT100006,WH03,566,218.2,123501.2,Delivered,0,Yes
PO4500001053,2025-05-17,2025-05-24,2025-05-21,SUP009,MAT100027,WH03,274,890.63,244032.62,Delivered,0,Yes
PO4500001054,2025-12-22,2026-01-24,2026-01-23,SUP021,MAT100091,WH03,352,79.51,27987.52,Delivered,0,Yes
PO4500001055,2026-02-23,2026-03-27,2026-03-26,SUP005,MAT100081,WH01,352,886.81,312157.12,Delivered,0,Yes
PO4500001056,2025-10-14,2025-10-29,2025-10-26,SUP008,MAT100112,WH03,570,593.3,338181.0,Delivered,0,Yes
PO4500001057,2026-01-27,2026-01-30,2026-02-08,SUP024,MAT100057,WH01,584,189.51,110673.84,Late,9,Yes
PO4500001058,2026-02-09,2026-02-28,2026-02-26,SUP007,MAT100116,WH02,464,334.93,155407.52,Delivered,0,Yes
PO4500001059,2026-04-16,2026-04-29,2026-04-27,SUP006,MAT100094,WH01,213,514.84,109660.92,Delivered,0,Yes
PO4500001060,2025-11-14,2025-12-17,2025-12-15,SUP001,MAT100025,WH01,423,620.19,262340.37,Delivered,0,Yes
PO4500001061,2025-09-09,2025-09-20,2025-09-20,SUP014,MAT100018,WH03,122,653.25,79696.5,Delivered,0,Yes
PO4500001062,2025-04-13,2025-05-16,2025-05-13,SUP001,MAT100098,WH03,132,744.77,98309.64,Delivered,0,Yes
PO4500001063,2025-09-12,2025-10-14,2025-10-13,SUP005,MAT100077,WH01,166,845.05,140278.3,Delivered,0,Yes
PO4500001064,2025-04-19,2025-05-22,2025-05-21,SUP001,MAT100062,WH03,107,186.08,19910.56,Delivered,0,Yes
PO4500001065,2025-11-11,2025-11-24,2025-11-22,SUP006,MAT100089,WH02,269,55.01,14797.69,Delivered,0,Yes
PO4500001066,2025-01-22,2025-02-02,2025-01-30,SUP004,MAT100066,WH02,577,270.58,156124.66,Delivered,0,Yes
PO4500001067,2025-01-25,2025-02-09,2025-02-09,SUP008,MAT100037,WH01,170,321.21,54605.7,Delivered,0,Yes
PO4500001068,2026-01-29,2026-03-03,2026-02-28,SUP022,MAT100015,WH01,523,156.76,81985.48,Delivered,0,Yes
PO4500001069,2026-01-01,2026-01-14,2026-01-13,SUP010,MAT100119,WH01,141,327.64,46197.24,Delivered,0,Yes
PO4500001070,2025-06-04,2025-07-08,2025-07-09,SUP020,MAT100087,WH02,362,541.65,196077.3,Delivered,1,Yes
PO4500001071,2025-11-05,2025-12-08,2025-12-07,SUP022,MAT100035,WH02,376,788.48,296468.48,Delivered,0,Yes
PO4500001072,2025-03-20,2025-03-27,2025-03-25,SUP009,MAT100050,WH02,170,291.63,49577.1,Delivered,0,Yes
PO4500001073,2025-03-10,2025-03-20,2025-03-20,SUP016,MAT100042,WH01,305,134.48,41016.4,Delivered,0,Yes
PO4500001074,2025-12-28,2026-01-15,2026-01-15,SUP013,MAT100053,WH03,512,625.61,320312.32,Delivered,0,Yes
PO4500001075,2025-05-22,2025-06-21,2025-06-19,SUP011,MAT100064,WH03,412,379.7,156436.4,Delivered,0,Yes
PO4500001076,2025-08-24,2025-08-30,2025-08-31,SUP018,MAT100100,WH03,451,476.62,214955.62,Delivered,1,Yes
PO4500001077,2025-03-31,2025-04-15,2025-04-12,SUP008,MAT100003,WH02,228,894.55,203957.4,Delivered,0,Yes
PO4500001078,2025-04-23,2025-05-25,2025-05-24,SUP005,MAT100111,WH01,389,764.63,297441.07,Delivered,0,Yes
PO4500001079,2026-03-08,2026-04-09,2026-04-07,SUP005,MAT100016,WH03,77,673.56,51864.12,Delivered,0,Yes
PO4500001080,2025-01-27,2025-02-14,2025-02-14,SUP013,MAT100014,WH03,400,53.4,21360.0,Delivered,0,Yes
PO4500001081,2025-06-11,2025-06-21,2025-06-20,SUP016,MAT100010,WH01,164,75.7,12414.8,Delivered,0,Yes
PO4500001082,2025-06-03,2025-06-14,2025-06-14,SUP014,MAT100090,WH02,163,674.56,109953.28,Delivered,0,Yes
PO4500001083,2025-12-12,2025-12-15,2025-12-12,SUP024,MAT100008,WH03,313,104.58,32733.54,Delivered,0,No
PO4500001084,2026-05-31,2026-06-13,2026-06-13,SUP006,MAT100113,WH02,453,613.51,277920.03,Delivered,0,Yes
PO4500001085,2026-05-29,2026-06-05,2026-06-03,SUP009,MAT100035,WH01,453,838.65,379908.45,Delivered,0,Yes
PO4500001086,2025-08-05,2025-09-06,2025-09-03,SUP005,MAT100106,WH03,244,356.1,86888.4,Delivered,0,Yes
PO4500001087,2025-03-21,2025-04-24,2025-04-24,SUP020,MAT100083,WH02,508,285.3,144932.4,Delivered,0,Yes
PO4500001088,2025-02-25,2025-03-10,2025-03-10,SUP006,MAT100014,WH01,219,246.58,54001.02,Delivered,0,Yes
PO4500001089,2025-01-29,2025-02-28,2025-02-26,SUP011,MAT100028,WH03,574,100.29,57566.46,Delivered,0,No
PO4500001090,2025-07-12,2025-07-25,2025-07-22,SUP010,MAT100073,WH03,266,245.91,65412.06,Delivered,0,No
PO4500001091,2025-02-16,2025-02-26,2025-02-23,SUP016,MAT100046,WH02,336,12.59,4230.24,Delivered,0,Yes
PO4500001092,2025-07-19,2025-07-28,2025-07-28,SUP017,MAT100090,WH03,384,876.6,336614.4,Delivered,0,Yes
PO4500001093,2026-05-31,2026-06-11,2026-06-09,SUP014,MAT100049,WH02,44,530.52,23342.88,Delivered,0,Yes
PO4500001094,2025-10-25,2025-11-08,2025-11-08,SUP002,MAT100012,WH03,100,797.26,79726.0,Delivered,0,Yes
PO4500001095,2025-05-25,2025-06-13,2025-06-11,SUP007,MAT100094,WH03,533,467.09,248958.97,Delivered,0,Yes
PO4500001096,2026-04-04,2026-05-04,2026-05-03,SUP011,MAT100110,WH02,317,327.48,103811.16,Delivered,0,No
PO4500001097,2026-02-01,2026-03-05,2026-03-06,SUP023,MAT100073,WH03,96,862.42,82792.32,Delivered,1,Yes
PO4500001098,2025-01-16,2025-01-27,2025-01-26,SUP004,MAT100103,WH01,580,781.44,453235.2,Delivered,0,Yes
PO4500001099,2025-11-18,2025-12-06,2025-12-05,SUP015,MAT100074,WH02,185,66.0,12210.0,Delivered,0,Yes
PO4500001100,2025-07-03,2025-07-15,2025-07-15,SUP003,MAT100033,WH02,284,887.6,252078.4,Delivered,0,Yes
PO4500001101,2025-05-07,2025-06-08,2025-06-08,SUP005,MAT100037,WH02,60,330.31,19818.6,Delivered,0,Yes
PO4500001102,2025-05-13,2025-06-16,2025-06-17,SUP020,MAT100088,WH02,341,339.45,115752.45,Delivered,1,Yes
PO4500001103,2025-02-13,2025-02-20,2025-02-17,SUP009,MAT100072,WH01,270,631.27,170442.9,Delivered,0,Yes
PO4500001104,2025-10-25,2025-11-05,2025-11-06,SUP004,MAT100029,WH02,428,769.18,329209.04,Delivered,1,Yes
PO4500001105,2025-04-06,2025-05-09,2025-05-09,SUP022,MAT100060,WH01,567,810.61,459615.87,Delivered,0,Yes
PO4500001106,2025-04-21,2025-04-24,2025-05-07,SUP024,MAT100043,WH01,463,183.53,84974.39,Late,13,Yes
PO4500001107,2026-05-13,2026-06-16,2026-06-16,SUP020,MAT100005,WH03,137,254.15,34818.55,Delivered,0,Yes
PO4500001108,2025-05-30,2025-06-09,2025-06-08,SUP016,MAT100100,WH02,52,889.09,46232.68,Delivered,0,Yes
PO4500001109,2026-03-17,2026-03-26,2026-04-02,SUP012,MAT100003,WH03,75,194.29,14571.75,Late,7,Yes
PO4500001110,2025-06-30,2025-07-07,2025-07-04,SUP009,MAT100039,WH03,300,367.54,110262.0,Delivered,0,Yes
PO4500001111,2025-08-08,2025-08-19,2025-08-18,SUP014,MAT100012,WH02,208,748.34,155654.72,Delivered,0,Yes
PO4500001112,2025-06-18,2025-07-01,2025-07-01,SUP010,MAT100089,WH01,513,430.57,220882.41,Delivered,0,Yes
PO4500001113,2025-12-30,2026-01-10,2026-01-23,SUP014,MAT100115,WH03,30,507.01,15210.3,Late,13,Yes
PO4500001114,2025-05-29,2025-06-01,2025-05-31,SUP024,MAT100059,WH01,34,139.7,4749.8,Delivered,0,Yes
PO4500001115,2025-04-27,2025-05-27,2025-05-27,SUP011,MAT100001,WH02,289,471.02,136124.78,Delivered,0,Yes
PO4500001116,2026-04-06,2026-05-08,2026-05-09,SUP005,MAT100096,WH01,119,37.65,4480.35,Delivered,1,Yes
PO4500001117,2025-06-20,2025-06-26,2025-06-24,SUP018,MAT100025,WH03,376,192.74,72470.24,Delivered,0,Yes
PO4500001118,2026-01-15,2026-02-17,2026-02-14,SUP001,MAT100065,WH01,329,807.51,265670.79,Delivered,0,Yes
PO4500001119,2026-04-12,2026-05-15,2026-05-14,SUP021,MAT100055,WH03,380,746.23,283567.4,Delivered,0,Yes
PO4500001120,2025-04-27,2025-05-27,2025-05-27,SUP011,MAT100071,WH03,458,338.94,155234.52,Delivered,0,Yes
PO4500001121,2026-01-26,2026-02-06,2026-02-06,SUP014,MAT100119,WH01,310,633.37,196344.7,Delivered,0,Yes
PO4500001122,2025-04-02,2025-04-13,2025-04-14,SUP004,MAT100096,WH03,441,97.79,43125.39,Delivered,1,Yes
PO4500001123,2026-03-31,2026-04-11,2026-04-08,SUP004,MAT100028,WH01,316,767.28,242460.48,Delivered,0,Yes
PO4500001124,2026-01-26,2026-02-01,2026-02-01,SUP018,MAT100102,WH02,147,318.8,46863.6,Delivered,0,Yes
PO4500001125,2026-02-10,2026-03-15,2026-03-14,SUP021,MAT100035,WH03,249,459.27,114358.23,Delivered,0,Yes
PO4500001126,2025-09-05,2025-09-16,2025-09-16,SUP014,MAT100020,WH02,53,18.9,1001.7,Delivered,0,Yes
PO4500001127,2025-11-22,2025-12-01,2025-12-02,SUP017,MAT100051,WH01,460,221.44,101862.4,Delivered,1,Yes
PO4500001128,2025-02-22,2025-03-12,2025-03-13,SUP013,MAT100082,WH02,459,120.34,55236.06,Delivered,1,Yes
PO4500001129,2026-02-17,2026-03-02,2026-03-19,SUP006,MAT100013,WH03,182,396.47,72157.54,Late,17,Yes
PO4500001130,2025-05-02,2025-05-11,2025-05-11,SUP017,MAT100021,WH02,286,754.42,215764.12,Delivered,0,Yes
PO4500001131,2025-01-27,2025-02-08,2025-02-09,SUP003,MAT100091,WH03,176,29.9,5262.4,Delivered,1,Yes
PO4500001132,2026-01-27,2026-02-08,2026-02-06,SUP003,MAT100100,WH02,484,572.84,277254.56,Delivered,0,Yes
PO4500001133,2025-08-16,2025-09-18,2025-09-19,SUP021,MAT100104,WH02,271,655.05,177518.55,Delivered,1,Yes
PO4500001134,2025-02-22,2025-03-27,2025-03-25,SUP022,MAT100075,WH01,43,576.36,24783.48,Delivered,0,Yes
PO4500001135,2025-05-06,2025-06-09,2025-06-08,SUP020,MAT100012,WH01,288,805.67,232032.96,Delivered,0,Yes
PO4500001136,2025-08-01,2025-08-10,2025-08-10,SUP012,MAT100063,WH03,42,375.3,15762.6,Delivered,0,Yes
PO4500001137,2026-03-06,2026-04-08,2026-04-07,SUP022,MAT100024,WH02,481,728.65,350480.65,Delivered,0,No
PO4500001138,2025-02-02,2025-02-15,2025-02-14,SUP006,MAT100079,WH03,375,438.1,164287.5,Delivered,0,Yes
PO4500001139,2025-09-18,2025-10-01,2025-10-08,SUP006,MAT100067,WH03,50,484.68,24234.0,Late,7,Yes
PO4500001140,2026-01-09,2026-01-28,2026-01-26,SUP007,MAT100029,WH01,50,298.15,14907.5,Delivered,0,Yes
PO4500001141,2025-10-02,2025-11-03,2025-11-01,SUP005,MAT100071,WH03,114,316.96,36133.44,Delivered,0,Yes
PO4500001142,2026-05-23,2026-05-26,2026-05-26,SUP024,MAT100026,WH03,217,228.83,49656.11,Delivered,0,Yes
PO4500001143,2025-10-15,2025-11-16,2025-11-20,SUP023,MAT100027,WH03,339,153.26,51955.14,Late,4,Yes
PO4500001144,2026-03-10,2026-03-28,2026-03-27,SUP015,MAT100078,WH02,346,562.51,194628.46,Delivered,0,Yes
PO4500001145,2025-12-28,2026-02-03,2026-01-31,SUP019,MAT100005,WH03,480,154.69,74251.2,Delivered,0,Yes
PO4500001146,2025-10-28,2025-11-08,2025-11-09,SUP014,MAT100015,WH01,380,361.48,137362.4,Delivered,1,Yes
PO4500001147,2025-07-10,2025-07-21,2025-07-18,SUP014,MAT100048,WH01,240,592.97,142312.8,Delivered,0,Yes
PO4500001148,2025-01-10,2025-01-21,2025-01-18,SUP004,MAT100073,WH02,356,196.33,69893.48,Delivered,0,Yes
PO4500001149,2025-03-09,2025-03-15,2025-03-16,SUP018,MAT100014,WH03,237,476.9,113025.3,Delivered,1,Yes
PO4500001150,2025-03-18,2025-04-21,2025-04-21,SUP020,MAT100041,WH01,465,289.42,134580.3,Delivered,0,Yes
PO4500001151,2026-05-26,2026-06-05,2026-06-04,SUP016,MAT100058,WH01,451,111.74,50394.74,Delivered,0,Yes
PO4500001152,2026-01-28,2026-03-06,2026-03-03,SUP019,MAT100101,WH03,311,20.96,6518.56,Delivered,0,Yes
PO4500001153,2025-10-19,2025-11-06,2025-11-06,SUP015,MAT100118,WH03,57,806.77,45985.89,Delivered,0,No
PO4500001154,2025-01-17,2025-02-19,2025-02-16,SUP021,MAT100036,WH02,445,652.31,290277.95,Delivered,0,Yes
PO4500001155,2025-03-23,2025-04-10,2025-04-09,SUP013,MAT100051,WH02,525,553.03,290340.75,Delivered,0,Yes
PO4500001156,2026-05-21,2026-06-08,2026-06-05,SUP015,MAT100014,WH01,402,844.24,339384.48,Delivered,0,Yes
PO4500001157,2025-05-23,2025-06-25,2025-06-24,SUP001,MAT100012,WH01,466,207.58,96732.28,Delivered,0,Yes
PO4500001158,2025-01-06,2025-01-15,2025-01-17,SUP012,MAT100006,WH01,285,795.57,226737.45,Late,2,No
PO4500001159,2025-03-18,2025-03-31,2025-04-01,SUP010,MAT100022,WH01,408,246.57,100600.56,Delivered,1,Yes
PO4500001160,2025-05-10,2025-05-21,2025-05-19,SUP004,MAT100086,WH01,443,575.03,254738.29,Delivered,0,Yes
PO4500001161,2026-05-05,2026-05-20,2026-05-19,SUP008,MAT100062,WH01,349,696.52,243085.48,Delivered,0,Yes
PO4500001162,2025-03-26,2025-04-08,2025-04-06,SUP010,MAT100010,WH02,230,626.99,144207.7,Delivered,0,Yes
PO4500001163,2025-08-10,2025-09-12,2025-09-12,SUP001,MAT100044,WH01,212,441.44,93585.28,Delivered,0,Yes
PO4500001164,2026-06-11,2026-06-20,2026-06-30,SUP017,MAT100109,WH03,484,591.48,286276.32,Late,10,Yes
PO4500001165,2025-08-13,2025-09-14,2025-09-14,SUP005,MAT100066,WH01,483,781.73,377575.59,Delivered,0,Yes
PO4500001166,2025-03-12,2025-03-31,2025-03-29,SUP007,MAT100074,WH03,334,856.59,286101.06,Delivered,0,Yes
PO4500001167,2025-04-20,2025-05-08,2025-05-06,SUP015,MAT100024,WH02,36,805.22,28987.92,Delivered,0,No
PO4500001168,2026-04-09,2026-05-12,2026-05-09,SUP022,MAT100056,WH01,583,80.24,46779.92,Delivered,0,Yes
PO4500001169,2026-03-18,2026-03-27,2026-03-24,SUP017,MAT100013,WH01,471,248.97,117264.87,Delivered,0,Yes
PO4500001170,2026-03-09,2026-03-12,2026-03-10,SUP024,MAT100036,WH03,432,163.1,70459.2,Delivered,0,Yes
PO4500001171,2026-03-20,2026-03-29,2026-03-26,SUP017,MAT100029,WH01,274,863.28,236538.72,Delivered,0,No
PO4500001172,2025-09-30,2025-10-14,2025-10-15,SUP002,MAT100113,WH03,123,251.54,30939.42,Delivered,1,Yes
PO4500001173,2026-02-06,2026-02-24,2026-02-22,SUP013,MAT100022,WH01,294,448.18,131764.92,Delivered,0,Yes
PO4500001174,2025-10-22,2025-11-04,2025-11-01,SUP010,MAT100090,WH03,209,455.4,95178.6,Delivered,0,Yes
PO4500001175,2025-09-02,2025-09-15,2025-09-12,SUP010,MAT100116,WH02,190,172.67,32807.3,Delivered,0,Yes
PO4500001176,2026-05-01,2026-06-03,2026-05-31,SUP001,MAT100113,WH01,201,877.06,176289.06,Delivered,0,Yes
PO4500001177,2025-12-27,2026-01-29,2026-01-30,SUP001,MAT100061,WH01,520,786.53,408995.6,Late,1,No
PO4500001178,2025-10-25,2025-11-27,2025-11-28,SUP001,MAT100019,WH01,535,154.74,82785.9,Delivered,1,Yes
PO4500001179,2025-12-10,2025-12-13,2025-12-12,SUP024,MAT100063,WH02,578,235.32,136014.96,Delivered,0,Yes
PO4500001180,2025-12-28,2026-01-30,2026-01-29,SUP001,MAT100110,WH03,550,698.2,384010.0,Delivered,0,Yes
PO4500001181,2025-01-22,2025-01-29,2025-01-29,SUP009,MAT100019,WH02,245,595.13,145806.85,Delivered,0,Yes
PO4500001182,2026-03-18,2026-04-02,2026-03-30,SUP008,MAT100049,WH03,218,828.98,180717.64,Delivered,0,Yes
PO4500001183,2026-04-06,2026-04-13,2026-04-30,SUP009,MAT100087,WH02,199,242.45,48247.55,Late,17,Yes
PO4500001184,2026-03-04,2026-03-22,2026-03-31,SUP013,MAT100075,WH03,336,175.56,58988.16,Late,9,Yes
PO4500001185,2025-05-06,2025-06-09,2025-06-09,SUP020,MAT100102,WH02,600,871.5,522900.0,Delivered,0,Yes
PO4500001186,2026-05-26,2026-06-28,2026-06-26,SUP001,MAT100067,WH02,497,614.43,305371.71,Delivered,0,Yes
PO4500001187,2025-06-16,2025-07-19,2025-07-18,SUP022,MAT100002,WH02,86,720.81,61989.66,Delivered,0,No
PO4500001188,2025-05-07,2025-05-20,2025-05-19,SUP010,MAT100085,WH01,25,390.14,9753.5,Delivered,0,No
PO4500001189,2025-12-25,2026-01-26,2026-01-27,SUP005,MAT100012,WH03,594,143.76,85393.44,Delivered,1,Yes
PO4500001190,2025-07-21,2025-07-24,2025-07-21,SUP024,MAT100061,WH02,317,200.88,63678.96,Delivered,0,Yes
PO4500001191,2026-01-31,2026-03-05,2026-03-02,SUP022,MAT100077,WH02,287,828.57,237799.59,Delivered,0,Yes
PO4500001192,2025-11-27,2025-12-08,2025-12-06,SUP014,MAT100054,WH03,224,228.77,51244.48,Delivered,0,Yes
PO4500001193,2025-03-29,2025-04-11,2025-04-11,SUP010,MAT100101,WH02,578,169.12,97751.36,Delivered,0,Yes
PO4500001194,2026-03-29,2026-04-07,2026-04-08,SUP017,MAT100055,WH02,386,424.2,163741.2,Delivered,1,Yes
PO4500001195,2026-04-18,2026-04-29,2026-04-30,SUP014,MAT100054,WH01,47,861.96,40512.12,Delivered,1,Yes
PO4500001196,2025-11-06,2025-12-10,2025-12-11,SUP020,MAT100080,WH03,544,338.93,184377.92,Delivered,1,Yes
PO4500001197,2025-02-24,2025-03-09,2025-03-09,SUP010,MAT100001,WH02,148,365.63,54113.24,Delivered,0,Yes
PO4500001198,2026-04-17,2026-04-26,2026-04-29,SUP017,MAT100084,WH01,76,246.81,18757.56,Late,3,Yes
PO4500001199,2025-10-25,2025-11-05,2025-11-04,SUP004,MAT100075,WH03,82,113.69,9322.58,Delivered,0,Yes
PO4500001200,2025-02-24,2025-03-28,2025-03-29,SUP023,MAT100064,WH01,167,508.03,84841.01,Delivered,1,Yes
PO4500001201,2025-06-08,2025-07-11,2025-07-10,SUP022,MAT100080,WH03,26,726.03,18876.78,Delivered,0,Yes
PO4500001202,2025-01-01,2025-01-13,2025-01-10,SUP003,MAT100027,WH01,552,91.69,50612.88,Delivered,0,Yes
PO4500001203,2026-03-31,2026-04-09,2026-04-06,SUP017,MAT100024,WH01,327,367.08,120035.16,Delivered,0,Yes
PO4500001204,2025-09-24,2025-09-30,2025-09-30,SUP018,MAT100082,WH01,146,391.96,57226.16,Delivered,0,Yes
PO4500001205,2025-09-04,2025-09-07,2025-09-08,SUP024,MAT100038,WH02,225,431.16,97011.0,Delivered,1,Yes
PO4500001206,2026-05-20,2026-06-26,2026-06-25,SUP019,MAT100103,WH01,420,350.31,147130.2,Delivered,0,Yes
PO4500001207,2025-06-01,2025-06-12,2025-06-12,SUP014,MAT100002,WH03,143,509.97,72925.71,Delivered,0,Yes
PO4500001208,2026-04-01,2026-05-04,2026-05-03,SUP021,MAT100093,WH02,162,423.78,68652.36,Delivered,0,Yes
PO4500001209,2026-01-02,2026-01-15,2026-01-16,SUP006,MAT100091,WH03,235,317.21,74544.35,Delivered,1,Yes
PO4500001210,2025-06-28,2025-07-10,2025-07-09,SUP003,MAT100092,WH01,596,308.67,183967.32,Delivered,0,Yes
PO4500001211,2025-11-07,2025-12-10,2025-12-13,SUP022,MAT100061,WH03,515,341.99,176124.85,Late,3,Yes
PO4500001212,2026-06-04,2026-07-11,2026-07-12,SUP019,MAT100042,WH03,285,120.83,34436.55,Open,1,Yes
PO4500001213,2026-02-18,2026-02-27,2026-02-24,SUP012,MAT100086,WH01,182,212.38,38653.16,Delivered,0,Yes
PO4500001214,2026-05-03,2026-06-05,2026-06-03,SUP022,MAT100113,WH01,262,99.36,26032.32,Delivered,0,Yes
PO4500001215,2026-03-07,2026-03-25,2026-03-22,SUP013,MAT100109,WH03,276,107.45,29656.2,Delivered,0,Yes
PO4500001216,2025-01-31,2025-02-09,2025-02-20,SUP012,MAT100049,WH01,130,630.36,81946.8,Late,11,Yes
PO4500001217,2025-07-24,2025-08-30,2025-08-30,SUP019,MAT100029,WH01,468,612.57,286682.76,Delivered,0,Yes
PO4500001218,2025-07-16,2025-07-27,2025-07-24,SUP014,MAT100104,WH01,118,187.17,22086.06,Delivered,0,Yes
PO4500001219,2026-02-22,2026-03-03,2026-02-28,SUP012,MAT100094,WH03,368,170.85,62872.8,Delivered,0,Yes
PO4500001220,2025-07-14,2025-07-24,2025-08-09,SUP016,MAT100080,WH03,532,320.13,170309.16,Late,16,Yes
PO4500001221,2026-03-26,2026-04-07,2026-04-07,SUP003,MAT100017,WH03,92,514.39,47323.88,Delivered,0,Yes
PO4500001222,2026-05-26,2026-06-06,2026-06-07,SUP004,MAT100029,WH02,573,301.17,172570.41,Delivered,1,Yes
PO4500001223,2026-02-04,2026-02-11,2026-02-08,SUP009,MAT100010,WH03,181,871.46,157734.26,Delivered,0,Yes
PO4500001224,2026-05-28,2026-06-06,2026-06-07,SUP017,MAT100115,WH01,78,493.62,38502.36,Delivered,1,Yes
PO4500001225,2025-01-31,2025-02-07,2025-02-07,SUP009,MAT100114,WH01,287,184.46,52940.02,Delivered,0,Yes
PO4500001226,2025-12-04,2025-12-10,2025-12-12,SUP018,MAT100104,WH03,261,446.73,116596.53,Late,2,Yes
PO4500001227,2025-02-06,2025-03-10,2025-03-07,SUP023,MAT100079,WH01,446,540.34,240991.64,Delivered,0,Yes
PO4500001228,2025-05-13,2025-05-23,2025-05-20,SUP016,MAT100065,WH01,126,36.86,4644.36,Delivered,0,Yes
PO4500001229,2026-05-05,2026-05-16,2026-05-14,SUP014,MAT100004,WH01,41,838.47,34377.27,Delivered,0,Yes
PO4500001230,2025-01-19,2025-02-06,2025-02-03,SUP013,MAT100090,WH01,416,690.28,287156.48,Delivered,0,Yes
PO4500001231,2025-05-22,2025-06-02,2025-05-30,SUP014,MAT100044,WH02,396,319.85,126660.6,Delivered,0,Yes
PO4500001232,2025-08-26,2025-09-10,2025-09-07,SUP008,MAT100097,WH03,252,374.69,94421.88,Delivered,0,Yes
PO4500001233,2025-09-13,2025-10-16,2025-10-13,SUP001,MAT100024,WH02,78,118.41,9235.98,Delivered,0,No
PO4500001234,2025-09-08,2025-09-17,2025-09-22,SUP012,MAT100016,WH03,427,433.44,185078.88,Late,5,Yes
PO4500001235,2025-07-30,2025-08-06,2025-08-05,SUP009,MAT100039,WH02,245,401.97,98482.65,Delivered,0,Yes
PO4500001236,2025-09-08,2025-09-21,2025-09-20,SUP010,MAT100065,WH01,346,629.51,217810.46,Delivered,0,No
PO4500001237,2026-05-13,2026-05-24,2026-05-22,SUP014,MAT100067,WH01,160,758.08,121292.8,Delivered,0,Yes
PO4500001238,2025-08-04,2025-08-10,2025-08-08,SUP018,MAT100090,WH02,56,880.23,49292.88,Delivered,0,Yes
PO4500001239,2025-04-27,2025-05-15,2025-05-12,SUP015,MAT100050,WH02,296,253.78,75118.88,Delivered,0,Yes
PO4500001240,2025-03-03,2025-03-15,2025-03-16,SUP003,MAT100111,WH02,413,448.34,185164.42,Delivered,1,Yes
PO4500001241,2025-08-18,2025-09-01,2025-08-30,SUP002,MAT100085,WH02,461,481.58,222008.38,Delivered,0,No
PO4500001242,2025-01-27,2025-02-05,2025-02-16,SUP012,MAT100076,WH01,288,730.17,210288.96,Late,11,Yes
PO4500001243,2026-03-21,2026-04-20,2026-04-17,SUP011,MAT100093,WH03,131,500.2,65526.2,Delivered,0,Yes
PO4500001244,2026-04-20,2026-04-26,2026-04-27,SUP018,MAT100049,WH02,551,237.79,131022.29,Delivered,1,Yes
PO4500001245,2025-05-16,2025-05-31,2025-06-09,SUP008,MAT100032,WH03,300,81.56,24468.0,Late,9,Yes
PO4500001246,2026-02-09,2026-03-18,2026-03-17,SUP019,MAT100033,WH03,390,245.53,95756.7,Delivered,0,Yes
PO4500001247,2025-01-13,2025-02-16,2025-02-17,SUP020,MAT100109,WH01,348,753.22,262120.56,Delivered,1,Yes
PO4500001248,2026-03-27,2026-04-29,2026-04-26,SUP001,MAT100109,WH03,387,434.79,168263.73,Delivered,0,Yes
PO4500001249,2025-03-23,2025-04-06,2025-04-07,SUP002,MAT100009,WH02,584,286.05,167053.2,Delivered,1,Yes
PO4500001250,2025-09-23,2025-09-30,2025-09-28,SUP009,MAT100019,WH03,252,569.15,143425.8,Delivered,0,Yes
PO4500001251,2025-04-28,2025-05-13,2025-05-11,SUP008,MAT100075,WH02,538,775.21,417062.98,Delivered,0,No
PO4500001252,2025-08-22,2025-09-23,2025-09-22,SUP023,MAT100109,WH02,283,19.43,5498.69,Delivered,0,Yes
PO4500001253,2025-08-29,2025-09-12,2025-09-09,SUP002,MAT100066,WH01,539,402.21,216791.19,Delivered,0,Yes
PO4500001254,2026-01-16,2026-02-15,2026-02-15,SUP011,MAT100113,WH02,93,579.49,53892.57,Delivered,0,Yes
PO4500001255,2026-01-04,2026-02-03,2026-02-03,SUP011,MAT100038,WH03,403,426.26,171782.78,Delivered,0,No
PO4500001256,2025-02-15,2025-02-24,2025-02-22,SUP012,MAT100028,WH02,46,100.08,4603.68,Delivered,0,Yes
PO4500001257,2026-06-05,2026-06-08,2026-06-07,SUP024,MAT100075,WH01,240,344.06,82574.4,Delivered,0,Yes
PO4500001258,2026-01-26,2026-02-27,2026-02-24,SUP005,MAT100029,WH03,99,862.97,85434.03,Delivered,0,Yes
PO4500001259,2026-03-05,2026-04-11,2026-04-08,SUP019,MAT100078,WH02,560,719.39,402858.4,Delivered,0,Yes
PO4500001260,2026-03-28,2026-04-06,2026-04-04,SUP017,MAT100043,WH01,320,820.41,262531.2,Delivered,0,Yes
PO4500001261,2025-08-25,2025-09-03,2025-08-31,SUP012,MAT100113,WH02,266,403.28,107272.48,Delivered,0,Yes
PO4500001262,2026-06-02,2026-06-11,2026-06-10,SUP012,MAT100058,WH02,515,546.67,281535.05,Delivered,0,Yes
PO4500001263,2025-09-08,2025-10-10,2025-10-10,SUP005,MAT100102,WH02,161,546.96,88060.56,Delivered,0,Yes
PO4500001264,2025-03-25,2025-04-05,2025-04-06,SUP004,MAT100081,WH01,171,520.53,89010.63,Delivered,1,Yes
PO4500001265,2025-01-16,2025-02-03,2025-02-03,SUP015,MAT100092,WH02,289,690.13,199447.57,Delivered,0,Yes
PO4500001266,2025-02-04,2025-03-08,2025-03-05,SUP005,MAT100017,WH03,190,890.99,169288.1,Delivered,0,Yes
PO4500001267,2026-03-09,2026-03-27,2026-03-27,SUP013,MAT100038,WH01,590,221.08,130437.2,Delivered,0,Yes
PO4500001268,2025-04-21,2025-05-21,2025-05-23,SUP011,MAT100046,WH02,95,666.18,63287.1,Late,2,Yes
PO4500001269,2026-04-06,2026-05-09,2026-05-09,SUP021,MAT100090,WH01,316,683.11,215862.76,Delivered,0,Yes
PO4500001270,2026-06-06,2026-06-09,2026-06-06,SUP024,MAT100059,WH02,398,608.15,242043.7,Delivered,0,Yes
PO4500001271,2026-06-05,2026-06-18,2026-06-17,SUP006,MAT100064,WH02,119,212.88,25332.72,Delivered,0,No
PO4500001272,2026-06-05,2026-06-14,2026-06-28,SUP017,MAT100041,WH01,312,293.91,91699.92,Late,14,Yes
PO4500001273,2025-08-04,2025-08-18,2025-08-17,SUP002,MAT100037,WH01,341,94.02,32060.82,Delivered,0,Yes
PO4500001274,2026-05-14,2026-05-21,2026-05-19,SUP009,MAT100034,WH03,315,845.59,266360.85,Delivered,0,Yes
PO4500001275,2025-10-13,2025-10-28,2025-10-26,SUP008,MAT100097,WH01,585,755.72,442096.2,Delivered,0,No
PO4500001276,2025-07-19,2025-08-02,2025-07-30,SUP002,MAT100074,WH02,398,186.81,74350.38,Delivered,0,Yes
PO4500001277,2025-05-10,2025-05-19,2025-05-29,SUP017,MAT100118,WH01,132,646.04,85277.28,Late,10,Yes
PO4500001278,2026-05-21,2026-06-01,2026-05-30,SUP014,MAT100015,WH02,305,659.81,201242.05,Delivered,0,Yes
PO4500001279,2025-08-16,2025-08-19,2025-08-18,SUP024,MAT100036,WH02,180,458.82,82587.6,Delivered,0,Yes
PO4500001280,2025-03-17,2025-03-26,2025-03-25,SUP017,MAT100120,WH03,59,392.87,23179.33,Delivered,0,Yes
PO4500001281,2025-07-14,2025-08-13,2025-08-10,SUP011,MAT100076,WH02,28,225.09,6302.52,Delivered,0,Yes
PO4500001282,2025-07-20,2025-08-04,2025-08-02,SUP008,MAT100094,WH02,516,733.41,378439.56,Delivered,0,Yes
PO4500001283,2025-04-01,2025-04-20,2025-04-27,SUP007,MAT100063,WH03,23,393.72,9055.56,Late,7,Yes
PO4500001284,2025-07-02,2025-08-03,2025-08-02,SUP023,MAT100031,WH03,409,569.77,233035.93,Delivered,0,Yes
PO4500001285,2025-07-04,2025-07-13,2025-07-21,SUP017,MAT100063,WH03,319,602.84,192305.96,Late,8,Yes
PO4500001286,2026-05-08,2026-05-17,2026-05-15,SUP012,MAT100115,WH02,135,866.81,117019.35,Delivered,0,Yes
PO4500001287,2025-11-30,2025-12-18,2025-12-18,SUP015,MAT100041,WH03,138,162.69,22451.22,Delivered,0,Yes
PO4500001288,2026-02-12,2026-03-16,2026-03-16,SUP023,MAT100088,WH01,520,542.95,282334.0,Delivered,0,No
PO4500001289,2026-06-04,2026-06-11,2026-06-11,SUP009,MAT100042,WH02,82,508.22,41674.04,Delivered,0,Yes
PO4500001290,2026-02-05,2026-02-16,2026-02-16,SUP014,MAT100007,WH02,428,238.33,102005.24,Delivered,0,Yes
PO4500001291,2025-12-14,2025-12-29,2025-12-26,SUP008,MAT100029,WH03,335,405.63,135886.05,Delivered,0,Yes
PO4500001292,2025-07-31,2025-08-06,2025-08-03,SUP018,MAT100070,WH01,357,120.65,43072.05,Delivered,0,Yes
PO4500001293,2026-01-24,2026-02-26,2026-02-25,SUP001,MAT100071,WH01,381,691.32,263392.92,Delivered,0,Yes
PO4500001294,2025-08-04,2025-08-13,2025-08-11,SUP017,MAT100051,WH03,180,755.14,135925.2,Delivered,0,Yes
PO4500001295,2026-01-18,2026-01-31,2026-01-29,SUP006,MAT100002,WH01,586,661.33,387539.38,Delivered,0,Yes
PO4500001296,2025-04-15,2025-04-24,2025-04-24,SUP017,MAT100039,WH01,63,145.47,9164.61,Delivered,0,Yes
PO4500001297,2025-09-11,2025-10-13,2025-10-10,SUP023,MAT100017,WH03,406,591.47,240136.82,Delivered,0,Yes
PO4500001298,2025-03-20,2025-04-01,2025-04-01,SUP003,MAT100107,WH03,40,18.19,727.6,Delivered,0,Yes
PO4500001299,2025-04-08,2025-05-10,2025-05-10,SUP005,MAT100110,WH02,218,749.17,163319.06,Delivered,0,Yes
PO4500001300,2026-06-09,2026-06-20,2026-06-19,SUP014,MAT100013,WH02,300,415.72,124716.0,Delivered,0,Yes
PO4500001301,2026-04-28,2026-06-04,2026-06-04,SUP019,MAT100053,WH03,115,203.92,23450.8,Delivered,0,Yes
PO4500001302,2026-06-03,2026-06-16,2026-06-13,SUP010,MAT100048,WH03,528,656.16,346452.48,Delivered,0,Yes
PO4500001303,2025-08-18,2025-09-05,2025-09-02,SUP015,MAT100058,WH02,426,695.23,296167.98,Delivered,0,Yes
PO4500001304,2025-11-15,2025-11-26,2025-11-23,SUP004,MAT100027,WH02,117,506.99,59317.83,Delivered,0,Yes
PO4500001305,2025-05-25,2025-06-06,2025-06-06,SUP003,MAT100073,WH01,555,652.11,361921.05,Delivered,0,No
PO4500001306,2025-09-16,2025-09-26,2025-09-25,SUP016,MAT100089,WH03,174,37.68,6556.32,Delivered,0,Yes
PO4500001307,2025-10-02,2025-11-04,2025-11-05,SUP001,MAT100041,WH03,520,493.3,256516.0,Delivered,1,Yes
PO4500001308,2026-05-10,2026-05-28,2026-05-25,SUP015,MAT100010,WH02,127,386.0,49022.0,Delivered,0,Yes
PO4500001309,2025-06-15,2025-07-18,2025-07-15,SUP001,MAT100112,WH01,190,181.64,34511.6,Delivered,0,No
PO4500001310,2026-05-23,2026-06-03,2026-06-04,SUP014,MAT100112,WH03,518,130.18,67433.24,Delivered,1,Yes
PO4500001311,2025-10-31,2025-12-03,2025-12-02,SUP001,MAT100079,WH02,297,472.62,140368.14,Delivered,0,Yes
PO4500001312,2025-05-25,2025-06-07,2025-06-05,SUP006,MAT100033,WH02,400,469.84,187936.0,Delivered,0,Yes
PO4500001313,2025-05-19,2025-06-18,2025-06-18,SUP011,MAT100023,WH01,30,289.33,8679.9,Delivered,0,Yes
PO4500001314,2025-11-16,2025-12-19,2025-12-17,SUP001,MAT100043,WH01,116,486.27,56407.32,Delivered,0,Yes
PO4500001315,2025-06-10,2025-06-28,2025-06-29,SUP015,MAT100002,WH01,251,313.74,78748.74,Delivered,1,Yes
PO4500001316,2025-11-10,2025-11-21,2025-11-21,SUP014,MAT100083,WH03,280,507.2,142016.0,Delivered,0,Yes
PO4500001317,2025-06-06,2025-07-13,2025-07-11,SUP019,MAT100073,WH01,306,164.6,50367.6,Delivered,0,Yes
PO4500001318,2026-01-28,2026-02-06,2026-02-07,SUP017,MAT100095,WH03,303,870.16,263658.48,Delivered,1,Yes
PO4500001319,2025-08-03,2025-08-13,2025-08-11,SUP016,MAT100103,WH03,241,86.75,20906.75,Delivered,0,Yes
PO4500001320,2026-05-02,2026-05-15,2026-05-26,SUP006,MAT100007,WH01,99,806.88,79881.12,Late,11,Yes
PO4500001321,2026-03-12,2026-03-30,2026-03-29,SUP015,MAT100016,WH01,329,452.84,148984.36,Delivered,0,Yes
PO4500001322,2026-01-30,2026-02-17,2026-02-16,SUP013,MAT100041,WH03,339,755.59,256145.01,Delivered,0,Yes
PO4500001323,2025-08-08,2025-09-11,2025-09-20,SUP020,MAT100072,WH02,166,756.69,125610.54,Late,9,Yes
PO4500001324,2025-05-04,2025-05-11,2025-05-11,SUP009,MAT100111,WH02,376,164.32,61784.32,Delivered,0,Yes
PO4500001325,2025-12-21,2026-01-23,2026-01-21,SUP022,MAT100118,WH01,593,789.28,468043.04,Delivered,0,Yes
PO4500001326,2025-01-11,2025-01-24,2025-01-23,SUP006,MAT100076,WH02,558,179.43,100121.94,Delivered,0,Yes
PO4500001327,2025-09-17,2025-09-26,2025-09-23,SUP012,MAT100036,WH03,299,35.01,10467.99,Delivered,0,Yes
PO4500001328,2025-09-17,2025-10-01,2025-09-28,SUP002,MAT100119,WH02,51,777.55,39655.05,Delivered,0,Yes
PO4500001329,2026-04-11,2026-05-14,2026-05-14,SUP021,MAT100005,WH02,578,727.65,420581.7,Delivered,0,No
PO4500001330,2025-06-06,2025-07-08,2025-07-06,SUP023,MAT100107,WH01,154,79.13,12186.02,Delivered,0,No
PO4500001331,2025-03-05,2025-04-07,2025-04-08,SUP021,MAT100025,WH03,304,885.15,269085.6,Delivered,1,Yes
PO4500001332,2025-12-07,2026-01-09,2026-01-08,SUP001,MAT100076,WH03,193,815.62,157414.66,Delivered,0,Yes
PO4500001333,2025-01-15,2025-01-24,2025-02-06,SUP017,MAT100086,WH01,446,754.76,336622.96,Late,13,Yes
PO4500001334,2025-06-01,2025-06-10,2025-06-07,SUP017,MAT100036,WH03,196,401.84,78760.64,Delivered,0,Yes
PO4500001335,2026-02-24,2026-03-05,2026-03-02,SUP017,MAT100045,WH01,338,250.02,84506.76,Delivered,0,Yes
PO4500001336,2025-03-30,2025-05-06,2025-05-06,SUP019,MAT100012,WH01,110,109.05,11995.5,Delivered,0,Yes
PO4500001337,2025-11-22,2025-12-05,2025-12-02,SUP006,MAT100028,WH03,193,710.92,137207.56,Delivered,0,Yes
PO4500001338,2025-09-10,2025-09-22,2025-09-20,SUP003,MAT100049,WH03,155,282.89,43847.95,Delivered,0,Yes
PO4500001339,2025-05-24,2025-05-31,2025-05-31,SUP009,MAT100035,WH01,251,752.57,188895.07,Delivered,0,Yes
PO4500001340,2025-09-23,2025-10-06,2025-10-05,SUP010,MAT100075,WH02,114,443.45,50553.3,Delivered,0,Yes
PO4500001341,2026-04-06,2026-05-09,2026-05-07,SUP021,MAT100075,WH02,57,854.95,48732.15,Delivered,0,Yes
PO4500001342,2025-08-04,2025-09-10,2025-09-24,SUP019,MAT100088,WH02,375,583.18,218692.5,Late,14,Yes
PO4500001343,2026-05-31,2026-07-02,2026-07-01,SUP023,MAT100027,WH02,112,464.38,52010.56,Open,0,Yes
PO4500001344,2025-02-02,2025-02-09,2025-02-26,SUP009,MAT100060,WH03,210,430.31,90365.1,Late,17,Yes
PO4500001345,2026-01-22,2026-02-28,2026-02-25,SUP019,MAT100081,WH02,350,632.65,221427.5,Delivered,0,Yes
PO4500001346,2025-06-12,2025-07-15,2025-07-14,SUP001,MAT100013,WH01,364,584.85,212885.4,Delivered,0,Yes
PO4500001347,2025-06-16,2025-06-29,2025-06-27,SUP010,MAT100079,WH02,42,397.91,16712.22,Delivered,0,Yes
PO4500001348,2026-03-22,2026-04-23,2026-04-23,SUP023,MAT100048,WH03,269,231.05,62152.45,Delivered,0,Yes
PO4500001349,2026-02-15,2026-03-20,2026-03-18,SUP022,MAT100055,WH02,539,101.53,54724.67,Delivered,0,Yes
PO4500001350,2025-01-30,2025-02-17,2025-02-15,SUP013,MAT100090,WH03,327,798.5,261109.5,Delivered,0,Yes
PO4500001351,2025-05-23,2025-06-29,2025-06-28,SUP019,MAT100040,WH01,75,873.44,65508.0,Delivered,0,Yes
PO4500001352,2026-02-10,2026-02-28,2026-02-25,SUP015,MAT100023,WH02,171,184.36,31525.56,Delivered,0,Yes
PO4500001353,2025-08-30,2025-09-12,2025-09-26,SUP006,MAT100020,WH03,112,653.1,73147.2,Late,14,Yes
PO4500001354,2025-01-06,2025-01-15,2025-01-14,SUP012,MAT100088,WH02,122,426.37,52017.14,Delivered,0,Yes
PO4500001355,2026-01-21,2026-01-31,2026-02-08,SUP016,MAT100041,WH01,118,351.88,41521.84,Late,8,Yes
PO4500001356,2025-10-17,2025-11-16,2025-11-16,SUP011,MAT100045,WH02,423,483.03,204321.69,Delivered,0,Yes
PO4500001357,2025-01-28,2025-03-06,2025-03-07,SUP019,MAT100048,WH02,202,692.22,139828.44,Delivered,1,Yes
PO4500001358,2026-02-12,2026-03-17,2026-03-15,SUP001,MAT100006,WH01,161,452.45,72844.45,Delivered,0,Yes
PO4500001359,2025-12-14,2025-12-26,2025-12-24,SUP003,MAT100040,WH02,455,139.92,63663.6,Delivered,0,Yes
PO4500001360,2025-02-05,2025-02-15,2025-02-15,SUP016,MAT100088,WH03,203,151.37,30728.11,Delivered,0,Yes
PO4500001361,2025-03-26,2025-04-13,2025-04-10,SUP015,MAT100002,WH01,434,724.18,314294.12,Delivered,0,Yes
PO4500001362,2026-06-04,2026-07-11,2026-07-11,SUP019,MAT100086,WH02,31,440.09,13642.79,Open,0,Yes
PO4500001363,2025-11-07,2025-11-21,2025-11-18,SUP002,MAT100100,WH02,481,454.35,218542.35,Delivered,0,Yes
PO4500001364,2026-01-09,2026-01-15,2026-01-13,SUP018,MAT100050,WH03,454,480.88,218319.52,Delivered,0,Yes
PO4500001365,2025-12-12,2026-01-14,2026-01-23,SUP001,MAT100079,WH03,222,465.83,103414.26,Late,9,Yes
PO4500001366,2025-02-19,2025-03-02,2025-02-27,SUP014,MAT100059,WH02,144,781.77,112574.88,Delivered,0,No
PO4500001367,2026-01-14,2026-02-17,2026-02-16,SUP020,MAT100004,WH03,323,691.32,223296.36,Delivered,0,Yes
PO4500001368,2026-01-01,2026-01-14,2026-01-14,SUP010,MAT100005,WH03,352,271.43,95543.36,Delivered,0,Yes
PO4500001369,2025-02-07,2025-02-10,2025-02-10,SUP024,MAT100069,WH01,274,161.83,44341.42,Delivered,0,Yes
PO4500001370,2026-05-21,2026-06-22,2026-06-21,SUP005,MAT100089,WH03,373,874.81,326304.13,Delivered,0,Yes
PO4500001371,2026-04-15,2026-04-18,2026-04-17,SUP024,MAT100078,WH03,401,39.27,15747.27,Delivered,0,Yes
PO4500001372,2026-01-27,2026-02-07,2026-02-04,SUP004,MAT100096,WH02,365,835.06,304796.9,Delivered,0,Yes
PO4500001373,2025-07-08,2025-08-10,2025-08-19,SUP001,MAT100056,WH01,101,753.98,76151.98,Late,9,Yes
PO4500001374,2025-09-25,2025-11-01,2025-11-18,SUP019,MAT100032,WH03,572,769.55,440182.6,Late,17,Yes
PO4500001375,2026-04-30,2026-05-09,2026-05-09,SUP012,MAT100100,WH01,301,673.45,202708.45,Delivered,0,Yes
PO4500001376,2025-02-16,2025-03-21,2025-03-19,SUP022,MAT100053,WH01,311,249.05,77454.55,Delivered,0,No
PO4500001377,2025-05-13,2025-05-24,2025-05-24,SUP014,MAT100029,WH01,345,91.95,31722.75,Delivered,0,Yes
PO4500001378,2025-03-07,2025-03-22,2025-03-23,SUP008,MAT100082,WH03,491,531.18,260809.38,Delivered,1,Yes
PO4500001379,2026-05-03,2026-05-21,2026-05-18,SUP013,MAT100045,WH02,371,309.83,114946.93,Delivered,0,Yes
PO4500001380,2026-05-26,2026-05-29,2026-05-27,SUP024,MAT100005,WH03,419,233.84,97978.96,Delivered,0,Yes
PO4500001381,2026-05-14,2026-05-26,2026-05-25,SUP003,MAT100068,WH02,105,190.76,20029.8,Delivered,0,Yes
PO4500001382,2026-04-08,2026-05-08,2026-05-05,SUP011,MAT100022,WH03,179,564.25,101000.75,Delivered,0,Yes
PO4500001383,2026-03-02,2026-03-13,2026-03-14,SUP014,MAT100063,WH01,310,503.01,155933.1,Late,1,Yes
PO4500001384,2025-05-15,2025-05-21,2025-05-18,SUP018,MAT100028,WH01,119,359.2,42744.8,Delivered,0,Yes
PO4500001385,2025-06-12,2025-06-25,2025-06-25,SUP006,MAT100097,WH01,583,370.62,216071.46,Delivered,0,Yes
PO4500001386,2025-10-13,2025-11-16,2025-11-15,SUP020,MAT100088,WH03,128,599.49,76734.72,Delivered,0,Yes
PO4500001387,2026-05-30,2026-06-29,2026-06-29,SUP011,MAT100064,WH02,250,773.86,193465.0,Delivered,0,Yes
PO4500001388,2025-06-10,2025-06-28,2025-07-04,SUP015,MAT100069,WH02,429,263.12,112878.48,Late,6,Yes
PO4500001389,2025-06-26,2025-07-29,2025-07-26,SUP021,MAT100054,WH02,412,524.24,215986.88,Delivered,0,Yes
PO4500001390,2025-01-30,2025-03-04,2025-03-02,SUP021,MAT100077,WH03,535,899.02,480975.7,Delivered,0,Yes
PO4500001391,2025-11-29,2026-01-01,2025-12-30,SUP001,MAT100048,WH01,503,617.5,310602.5,Delivered,0,Yes
PO4500001392,2026-02-03,2026-03-08,2026-03-06,SUP021,MAT100093,WH01,185,414.7,76719.5,Delivered,0,Yes
PO4500001393,2025-07-24,2025-08-25,2025-08-24,SUP023,MAT100027,WH03,86,805.53,69275.58,Delivered,0,Yes
PO4500001394,2026-03-31,2026-04-15,2026-04-21,SUP008,MAT100015,WH03,492,452.69,222723.48,Late,6,Yes
PO4500001395,2025-09-08,2025-09-21,2025-09-18,SUP006,MAT100088,WH03,27,675.0,18225.0,Delivered,0,Yes
PO4500001396,2026-04-27,2026-05-06,2026-05-09,SUP017,MAT100114,WH03,447,862.03,385327.41,Late,3,Yes
PO4500001397,2025-01-25,2025-02-26,2025-02-23,SUP023,MAT100107,WH03,319,731.44,233329.36,Delivered,0,Yes
PO4500001398,2026-02-14,2026-02-23,2026-02-24,SUP012,MAT100016,WH01,470,388.59,182637.3,Delivered,1,Yes
PO4500001399,2025-04-25,2025-05-02,2025-05-01,SUP009,MAT100019,WH01,442,592.6,261929.2,Delivered,0,Yes
PO4500001400,2025-09-28,2025-10-17,2025-10-14,SUP007,MAT100063,WH01,489,809.78,395982.42,Delivered,0,Yes
PO4500001401,2025-10-30,2025-11-29,2025-11-28,SUP011,MAT100073,WH02,481,631.11,303563.91,Delivered,0,Yes
PO4500001402,2025-06-01,2025-07-03,2025-06-30,SUP005,MAT100073,WH02,246,792.75,195016.5,Delivered,0,Yes
PO4500001403,2025-06-12,2025-06-25,2025-06-24,SUP010,MAT100087,WH02,506,643.21,325464.26,Delivered,0,Yes
PO4500001404,2025-05-12,2025-06-13,2025-06-12,SUP023,MAT100030,WH01,413,235.29,97174.77,Delivered,0,Yes
PO4500001405,2025-11-07,2025-12-14,2025-12-11,SUP019,MAT100066,WH03,285,330.92,94312.2,Delivered,0,Yes
PO4500001406,2026-02-20,2026-03-01,2026-02-27,SUP017,MAT100076,WH03,372,581.25,216225.0,Delivered,0,Yes
PO4500001407,2026-01-23,2026-02-01,2026-02-17,SUP012,MAT100062,WH01,193,784.35,151379.55,Late,16,Yes
PO4500001408,2025-01-15,2025-02-02,2025-01-30,SUP013,MAT100027,WH01,370,206.22,76301.4,Delivered,0,Yes
PO4500001409,2025-05-03,2025-06-06,2025-06-05,SUP020,MAT100117,WH03,530,416.09,220527.7,Delivered,0,Yes
PO4500001410,2025-08-22,2025-08-25,2025-08-24,SUP024,MAT100013,WH02,53,361.65,19167.45,Delivered,0,Yes
PO4500001411,2025-03-23,2025-03-30,2025-04-01,SUP009,MAT100032,WH01,477,512.2,244319.4,Late,2,Yes
PO4500001412,2025-07-07,2025-07-10,2025-07-08,SUP024,MAT100059,WH01,253,622.23,157424.19,Delivered,0,No
PO4500001413,2025-09-30,2025-11-03,2025-10-31,SUP020,MAT100118,WH01,214,661.34,141526.76,Delivered,0,Yes
PO4500001414,2025-11-07,2025-12-09,2025-12-07,SUP005,MAT100075,WH02,269,529.18,142349.42,Delivered,0,Yes
PO4500001415,2025-02-22,2025-02-28,2025-02-25,SUP018,MAT100057,WH01,221,433.08,95710.68,Delivered,0,Yes
PO4500001416,2025-08-09,2025-08-20,2025-08-19,SUP004,MAT100111,WH01,29,525.63,15243.27,Delivered,0,Yes
PO4500001417,2025-07-19,2025-08-06,2025-08-07,SUP015,MAT100033,WH02,487,893.05,434915.35,Delivered,1,Yes
PO4500001418,2025-06-30,2025-07-10,2025-07-10,SUP016,MAT100083,WH02,546,258.96,141392.16,Delivered,0,Yes
PO4500001419,2025-09-12,2025-09-18,2025-09-19,SUP018,MAT100057,WH01,535,281.38,150538.3,Delivered,1,Yes
PO4500001420,2026-05-15,2026-05-28,2026-05-29,SUP006,MAT100023,WH01,501,448.73,224813.73,Delivered,1,Yes
PO4500001421,2025-11-08,2025-12-11,2025-12-11,SUP022,MAT100069,WH01,370,575.91,213086.7,Delivered,0,Yes
PO4500001422,2025-08-26,2025-09-06,2025-09-07,SUP004,MAT100068,WH02,332,291.41,96748.12,Delivered,1,Yes
PO4500001423,2025-08-04,2025-08-17,2025-08-15,SUP010,MAT100099,WH02,351,144.97,50884.47,Delivered,0,Yes
PO4500001424,2025-06-10,2025-06-23,2025-06-24,SUP006,MAT100101,WH02,505,589.87,297884.35,Delivered,1,Yes
PO4500001425,2025-08-23,2025-08-30,2025-09-15,SUP009,MAT100040,WH02,330,336.86,111163.8,Late,16,Yes
PO4500001426,2025-11-19,2025-11-22,2025-11-22,SUP024,MAT100054,WH01,596,357.22,212903.12,Delivered,0,Yes
PO4500001427,2025-02-26,2025-03-16,2025-03-28,SUP013,MAT100099,WH02,163,877.61,143050.43,Late,12,No
PO4500001428,2025-07-27,2025-08-28,2025-08-27,SUP023,MAT100004,WH02,321,750.13,240791.73,Delivered,0,Yes
PO4500001429,2025-11-30,2025-12-18,2025-12-16,SUP013,MAT100057,WH02,240,557.71,133850.4,Delivered,0,Yes
PO4500001430,2025-06-14,2025-06-29,2025-06-29,SUP008,MAT100006,WH03,501,857.08,429397.08,Delivered,0,Yes
PO4500001431,2026-05-14,2026-06-15,2026-06-16,SUP023,MAT100008,WH03,404,58.09,23468.36,Delivered,1,Yes
PO4500001432,2026-01-14,2026-01-20,2026-01-19,SUP018,MAT100113,WH03,133,427.3,56830.9,Delivered,0,Yes
PO4500001433,2026-02-28,2026-03-03,2026-03-01,SUP024,MAT100072,WH01,326,518.81,169132.06,Delivered,0,Yes
PO4500001434,2025-09-24,2025-10-24,2025-10-23,SUP011,MAT100099,WH01,42,130.72,5490.24,Delivered,0,Yes
PO4500001435,2025-11-18,2025-12-20,2026-01-01,SUP023,MAT100028,WH01,476,673.81,320733.56,Late,12,Yes
PO4500001436,2026-04-17,2026-05-02,2026-04-30,SUP008,MAT100096,WH01,285,233.55,66561.75,Delivered,0,Yes
PO4500001437,2026-02-25,2026-03-30,2026-03-30,SUP021,MAT100008,WH03,69,749.35,51705.15,Delivered,0,Yes
PO4500001438,2026-03-24,2026-04-30,2026-05-17,SUP019,MAT100063,WH02,354,712.17,252108.18,Late,17,Yes
PO4500001439,2025-03-10,2025-04-12,2025-04-13,SUP021,MAT100100,WH01,114,876.93,99970.02,Delivered,1,Yes
PO4500001440,2025-03-31,2025-04-09,2025-04-09,SUP017,MAT100099,WH03,215,677.96,145761.4,Delivered,0,Yes
PO4500001441,2026-04-22,2026-04-29,2026-04-27,SUP009,MAT100083,WH03,358,70.36,25188.88,Delivered,0,Yes
PO4500001442,2026-03-19,2026-03-28,2026-04-10,SUP017,MAT100107,WH02,320,10.69,3420.8,Late,13,No
PO4500001443,2025-11-27,2025-12-12,2025-12-11,SUP008,MAT100099,WH02,248,528.02,130948.96,Delivered,0,Yes
PO4500001444,2025-07-25,2025-08-27,2025-08-28,SUP021,MAT100092,WH03,383,804.45,308104.35,Delivered,1,Yes
PO4500001445,2025-07-31,2025-09-01,2025-08-29,SUP005,MAT100109,WH01,46,482.41,22190.86,Delivered,0,Yes
PO4500001446,2025-12-23,2025-12-29,2026-01-09,SUP018,MAT100085,WH01,342,835.98,285905.16,Late,11,Yes
PO4500001447,2026-03-11,2026-03-24,2026-04-01,SUP006,MAT100004,WH01,242,696.25,168492.5,Late,8,Yes
PO4500001448,2025-05-07,2025-05-25,2025-05-25,SUP015,MAT100096,WH03,46,402.34,18507.64,Delivered,0,Yes
PO4500001449,2026-04-03,2026-04-17,2026-04-15,SUP002,MAT100076,WH01,230,695.03,159856.9,Delivered,0,Yes
PO4500001450,2026-06-03,2026-06-16,2026-07-03,SUP006,MAT100027,WH01,144,150.78,21712.32,Open,17,Yes
PO4500001451,2026-01-02,2026-01-05,2026-01-04,SUP024,MAT100012,WH03,445,175.93,78288.85,Delivered,0,Yes
PO4500001452,2026-06-05,2026-06-12,2026-06-12,SUP009,MAT100103,WH02,36,11.49,413.64,Delivered,0,Yes
PO4500001453,2025-12-30,2026-01-10,2026-01-09,SUP004,MAT100109,WH03,86,393.56,33846.16,Delivered,0,Yes
PO4500001454,2025-03-28,2025-04-29,2025-04-29,SUP023,MAT100036,WH03,502,19.19,9633.38,Delivered,0,Yes
PO4500001455,2025-02-16,2025-03-18,2025-03-16,SUP011,MAT100017,WH03,201,510.3,102570.3,Delivered,0,Yes
PO4500001456,2026-04-27,2026-05-29,2026-05-26,SUP023,MAT100085,WH02,234,780.38,182608.92,Delivered,0,Yes
PO4500001457,2025-06-11,2025-06-22,2025-06-20,SUP014,MAT100095,WH03,551,868.94,478785.94,Delivered,0,Yes
PO4500001458,2025-06-16,2025-06-27,2025-06-25,SUP004,MAT100048,WH02,333,366.27,121967.91,Delivered,0,Yes
PO4500001459,2025-01-27,2025-03-01,2025-03-01,SUP001,MAT100019,WH02,55,662.78,36452.9,Delivered,0,No
PO4500001460,2025-06-23,2025-07-11,2025-07-08,SUP013,MAT100012,WH02,377,807.98,304608.46,Delivered,0,Yes
PO4500001461,2026-05-03,2026-05-14,2026-05-14,SUP004,MAT100110,WH03,569,399.17,227127.73,Delivered,0,Yes
PO4500001462,2025-11-15,2025-12-18,2025-12-17,SUP001,MAT100070,WH02,151,293.97,44389.47,Delivered,0,Yes
PO4500001463,2025-04-09,2025-05-12,2025-05-13,SUP022,MAT100066,WH01,220,117.62,25876.4,Delivered,1,Yes
PO4500001464,2025-08-19,2025-09-20,2025-09-17,SUP005,MAT100079,WH01,433,257.66,111566.78,Delivered,0,Yes
PO4500001465,2025-07-09,2025-07-16,2025-07-15,SUP009,MAT100060,WH03,356,640.86,228146.16,Delivered,0,Yes
PO4500001466,2025-10-01,2025-10-10,2025-10-08,SUP017,MAT100085,WH01,355,382.71,135862.05,Delivered,0,Yes
PO4500001467,2026-01-30,2026-02-13,2026-02-11,SUP002,MAT100082,WH01,206,17.82,3670.92,Delivered,0,Yes
PO4500001468,2025-06-15,2025-06-30,2025-06-27,SUP008,MAT100045,WH01,512,438.04,224276.48,Delivered,0,Yes
PO4500001469,2026-02-20,2026-03-29,2026-03-27,SUP019,MAT100070,WH02,484,561.07,271557.88,Delivered,0,Yes
PO4500001470,2026-06-11,2026-06-18,2026-06-29,SUP009,MAT100104,WH02,210,233.48,49030.8,Late,11,Yes
PO4500001471,2025-04-09,2025-04-27,2025-04-26,SUP015,MAT100101,WH02,551,240.26,132383.26,Delivered,0,Yes
PO4500001472,2025-05-10,2025-06-12,2025-06-12,SUP001,MAT100092,WH02,133,112.65,14982.45,Delivered,0,Yes
PO4500001473,2025-11-11,2025-11-20,2025-11-21,SUP012,MAT100065,WH01,104,869.83,90462.32,Delivered,1,Yes
PO4500001474,2025-07-19,2025-07-28,2025-07-26,SUP017,MAT100096,WH02,37,182.82,6764.34,Delivered,0,Yes
PO4500001475,2025-02-18,2025-03-22,2025-03-21,SUP005,MAT100068,WH01,572,211.23,120823.56,Delivered,0,Yes
PO4500001476,2025-06-19,2025-06-30,2025-07-01,SUP004,MAT100097,WH03,251,759.7,190684.7,Delivered,1,Yes
PO4500001477,2026-03-11,2026-04-14,2026-04-13,SUP020,MAT100052,WH02,70,863.36,60435.2,Delivered,0,Yes
PO4500001478,2026-03-08,2026-03-17,2026-04-01,SUP017,MAT100039,WH01,349,126.83,44263.67,Late,15,Yes
PO4500001479,2025-11-16,2025-12-18,2025-12-19,SUP023,MAT100053,WH01,88,58.0,5104.0,Delivered,1,Yes
PO4500001480,2025-09-06,2025-09-19,2025-09-17,SUP006,MAT100025,WH01,449,354.94,159368.06,Delivered,0,Yes
PO4500001481,2025-08-20,2025-09-01,2025-09-10,SUP003,MAT100016,WH03,163,803.91,131037.33,Late,9,Yes
PO4500001482,2025-06-05,2025-07-08,2025-07-06,SUP022,MAT100002,WH03,302,685.72,207087.44,Delivered,0,Yes
PO4500001483,2025-04-16,2025-04-29,2025-04-30,SUP010,MAT100057,WH02,502,212.8,106825.6,Delivered,1,Yes
PO4500001484,2026-04-11,2026-04-17,2026-04-16,SUP018,MAT100006,WH02,298,854.79,254727.42,Delivered,0,Yes
PO4500001485,2025-04-26,2025-05-03,2025-05-03,SUP009,MAT100089,WH02,192,789.24,151534.08,Delivered,0,Yes
PO4500001486,2025-04-16,2025-05-01,2025-05-02,SUP008,MAT100109,WH03,391,220.96,86395.36,Delivered,1,Yes
PO4500001487,2026-03-19,2026-04-20,2026-04-17,SUP023,MAT100094,WH02,306,758.88,232217.28,Delivered,0,Yes
PO4500001488,2026-06-05,2026-07-08,2026-07-07,SUP021,MAT100013,WH03,385,79.37,30557.45,Open,0,Yes
PO4500001489,2026-05-22,2026-06-06,2026-06-06,SUP008,MAT100100,WH03,292,98.05,28630.6,Delivered,0,Yes
PO4500001490,2026-01-20,2026-02-23,2026-02-23,SUP020,MAT100076,WH03,63,543.49,34239.87,Delivered,0,Yes
PO4500001491,2025-04-08,2025-05-15,2025-05-13,SUP019,MAT100091,WH03,389,524.21,203917.69,Delivered,0,Yes
PO4500001492,2025-02-10,2025-02-28,2025-02-28,SUP013,MAT100067,WH01,491,518.14,254406.74,Delivered,0,Yes
PO4500001493,2026-03-19,2026-04-21,2026-04-18,SUP021,MAT100004,WH03,241,512.4,123488.4,Delivered,0,Yes
PO4500001494,2025-10-27,2025-11-07,2025-11-08,SUP004,MAT100033,WH02,487,765.24,372671.88,Late,1,Yes
PO4500001495,2025-12-27,2026-01-05,2026-01-13,SUP012,MAT100007,WH02,303,404.18,122466.54,Late,8,Yes
PO4500001496,2025-09-27,2025-10-30,2025-10-28,SUP021,MAT100111,WH03,234,504.84,118132.56,Delivered,0,Yes
PO4500001497,2026-02-15,2026-02-18,2026-02-16,SUP024,MAT100043,WH02,531,771.7,409772.7,Delivered,0,Yes
PO4500001498,2025-08-22,2025-08-25,2025-08-24,SUP024,MAT100012,WH03,123,823.18,101251.14,Delivered,0,Yes
PO4500001499,2026-05-25,2026-06-28,2026-06-28,SUP020,MAT100091,WH02,227,241.89,54909.03,Delivered,0,Yes
PO4500001500,2026-01-06,2026-01-24,2026-01-22,SUP015,MAT100025,WH03,350,19.25,6737.5,Delivered,0,Yes
PO4500001501,2025-10-31,2025-11-09,2025-11-10,SUP017,MAT100090,WH01,202,361.18,72958.36,Delivered,1,Yes
PO4500001502,2026-02-19,2026-03-03,2026-03-01,SUP003,MAT100051,WH01,368,481.88,177331.84,Delivered,0,Yes
PO4500001503,2025-10-28,2025-11-08,2025-11-05,SUP004,MAT100057,WH01,351,899.5,315724.5,Delivered,0,Yes
PO4500001504,2025-10-08,2025-11-09,2025-11-07,SUP005,MAT100029,WH02,244,224.59,54799.96,Delivered,0,Yes
PO4500001505,2025-05-29,2025-06-17,2025-06-15,SUP007,MAT100062,WH02,41,772.49,31672.09,Delivered,0,Yes
PO4500001506,2025-07-16,2025-07-22,2025-07-23,SUP018,MAT100114,WH02,429,566.39,242981.31,Delivered,1,Yes
PO4500001507,2026-01-08,2026-02-09,2026-02-08,SUP023,MAT100116,WH01,461,336.35,155057.35,Delivered,0,Yes
PO4500001508,2025-03-20,2025-03-29,2025-04-03,SUP012,MAT100090,WH01,349,774.65,270352.85,Late,5,Yes
PO4500001509,2025-05-12,2025-06-18,2025-06-19,SUP019,MAT100014,WH03,507,484.15,245464.05,Delivered,1,Yes
PO4500001510,2025-08-18,2025-08-27,2025-08-28,SUP012,MAT100057,WH02,74,416.91,30851.34,Delivered,1,Yes
PO4500001511,2025-06-25,2025-07-07,2025-07-07,SUP003,MAT100115,WH02,592,587.0,347504.0,Delivered,0,Yes
PO4500001512,2025-06-01,2025-07-03,2025-07-02,SUP023,MAT100036,WH03,86,859.49,73916.14,Delivered,0,Yes
PO4500001513,2025-01-29,2025-02-01,2025-02-01,SUP024,MAT100018,WH02,461,635.27,292859.47,Delivered,0,Yes
PO4500001514,2025-11-14,2025-12-02,2025-12-01,SUP015,MAT100103,WH03,358,213.15,76307.7,Delivered,0,Yes
PO4500001515,2025-11-19,2025-12-21,2025-12-22,SUP005,MAT100046,WH03,74,642.34,47533.16,Delivered,1,Yes
PO4500001516,2025-03-07,2025-03-19,2025-03-17,SUP003,MAT100077,WH01,219,227.68,49861.92,Delivered,0,Yes
PO4500001517,2026-05-22,2026-06-24,2026-06-23,SUP001,MAT100052,WH03,111,89.27,9908.97,Delivered,0,Yes
PO4500001518,2026-02-01,2026-03-06,2026-03-06,SUP022,MAT100044,WH01,505,128.97,65129.85,Delivered,0,Yes
PO4500001519,2025-07-01,2025-07-10,2025-07-09,SUP012,MAT100034,WH02,531,86.21,45777.51,Delivered,0,Yes
PO4500001520,2025-03-25,2025-04-03,2025-03-31,SUP012,MAT100113,WH03,556,235.7,131049.2,Delivered,0,Yes
PO4500001521,2025-03-02,2025-03-08,2025-03-05,SUP018,MAT100068,WH01,192,6.55,1257.6,Delivered,0,No
PO4500001522,2025-11-10,2025-11-28,2025-11-29,SUP013,MAT100009,WH01,596,340.48,202926.08,Delivered,1,Yes
PO4500001523,2026-05-26,2026-06-29,2026-06-27,SUP020,MAT100088,WH01,373,91.78,34233.94,Delivered,0,Yes
PO4500001524,2025-07-01,2025-08-07,2025-08-13,SUP019,MAT100105,WH02,539,138.22,74500.58,Late,6,No
PO4500001525,2025-05-04,2025-05-18,2025-05-17,SUP002,MAT100088,WH01,318,101.46,32264.28,Delivered,0,Yes
PO4500001526,2025-04-13,2025-04-26,2025-04-27,SUP006,MAT100118,WH02,178,897.62,159776.36,Delivered,1,Yes
PO4500001527,2026-02-03,2026-03-08,2026-03-05,SUP022,MAT100032,WH02,587,63.59,37327.33,Delivered,0,Yes
PO4500001528,2025-07-12,2025-07-22,2025-07-19,SUP016,MAT100118,WH02,386,57.47,22183.42,Delivered,0,Yes
PO4500001529,2025-04-12,2025-05-15,2025-05-12,SUP022,MAT100073,WH03,348,821.12,285749.76,Delivered,0,Yes
PO4500001530,2026-02-08,2026-02-17,2026-02-15,SUP017,MAT100058,WH01,309,291.68,90129.12,Delivered,0,Yes
PO4500001531,2026-03-13,2026-04-15,2026-04-15,SUP021,MAT100063,WH01,104,443.97,46172.88,Delivered,0,Yes
PO4500001532,2026-02-03,2026-02-13,2026-02-12,SUP016,MAT100006,WH01,76,477.16,36264.16,Delivered,0,Yes
PO4500001533,2025-06-27,2025-07-10,2025-07-07,SUP010,MAT100039,WH02,567,30.03,17027.01,Delivered,0,Yes
PO4500001534,2025-02-23,2025-03-01,2025-03-01,SUP018,MAT100023,WH03,540,473.97,255943.8,Delivered,0,Yes
PO4500001535,2025-02-15,2025-03-19,2025-03-16,SUP023,MAT100115,WH01,488,855.22,417347.36,Delivered,0,Yes
PO4500001536,2025-07-28,2025-08-09,2025-08-10,SUP003,MAT100049,WH01,35,45.48,1591.8,Delivered,1,Yes
PO4500001537,2025-10-25,2025-11-05,2025-11-03,SUP004,MAT100050,WH01,358,886.04,317202.32,Delivered,0,Yes
PO4500001538,2025-02-15,2025-03-05,2025-03-06,SUP013,MAT100034,WH02,272,561.48,152722.56,Delivered,1,Yes
PO4500001539,2025-11-14,2025-12-16,2025-12-15,SUP023,MAT100054,WH02,439,622.8,273409.2,Delivered,0,Yes
PO4500001540,2026-05-15,2026-06-03,2026-05-31,SUP007,MAT100099,WH02,424,42.41,17981.84,Delivered,0,Yes
PO4500001541,2025-08-17,2025-09-18,2025-09-15,SUP023,MAT100102,WH02,138,147.24,20319.12,Delivered,0,Yes
PO4500001542,2025-12-02,2025-12-08,2025-12-07,SUP018,MAT100037,WH02,427,259.9,110977.3,Delivered,0,Yes
PO4500001543,2025-04-22,2025-04-29,2025-04-29,SUP009,MAT100072,WH02,226,855.44,193329.44,Delivered,0,Yes
PO4500001544,2025-02-06,2025-02-15,2025-02-12,SUP017,MAT100107,WH02,134,209.64,28091.76,Delivered,0,Yes
PO4500001545,2025-03-11,2025-04-12,2025-04-13,SUP023,MAT100019,WH02,399,397.11,158446.89,Delivered,1,Yes
PO4500001546,2026-05-31,2026-06-14,2026-06-12,SUP002,MAT100006,WH03,235,653.79,153640.65,Delivered,0,No
PO4500001547,2025-12-16,2026-01-17,2026-01-16,SUP005,MAT100026,WH03,199,318.35,63351.65,Delivered,0,No
PO4500001548,2025-06-06,2025-06-24,2025-07-11,SUP013,MAT100081,WH01,85,206.59,17560.15,Late,17,Yes
PO4500001549,2026-03-26,2026-03-29,2026-03-29,SUP024,MAT100078,WH03,91,759.86,69147.26,Delivered,0,Yes
PO4500001550,2025-05-27,2025-06-09,2025-06-08,SUP006,MAT100009,WH02,78,104.67,8164.26,Delivered,0,Yes
PO4500001551,2025-06-23,2025-07-26,2025-07-25,SUP001,MAT100116,WH01,399,39.39,15716.61,Delivered,0,Yes
PO4500001552,2026-01-26,2026-02-28,2026-02-25,SUP001,MAT100016,WH01,416,692.98,288279.68,Delivered,0,Yes
PO4500001553,2025-03-17,2025-03-31,2025-03-31,SUP002,MAT100079,WH02,415,257.81,106991.15,Delivered,0,Yes
PO4500001554,2025-09-01,2025-09-04,2025-09-05,SUP024,MAT100082,WH02,276,313.91,86639.16,Delivered,1,Yes
PO4500001555,2026-04-11,2026-05-13,2026-05-12,SUP005,MAT100082,WH03,249,134.24,33425.76,Delivered,0,Yes
PO4500001556,2025-09-21,2025-10-09,2025-10-08,SUP013,MAT100039,WH01,41,391.4,16047.4,Delivered,0,No
PO4500001557,2025-08-21,2025-09-01,2025-09-06,SUP014,MAT100052,WH02,381,191.25,72866.25,Late,5,Yes
PO4500001558,2026-04-09,2026-04-27,2026-04-27,SUP015,MAT100042,WH03,494,330.39,163212.66,Delivered,0,Yes
PO4500001559,2025-07-30,2025-08-02,2025-07-31,SUP024,MAT100094,WH03,219,853.46,186907.74,Delivered,0,Yes
PO4500001560,2026-04-20,2026-04-29,2026-04-29,SUP012,MAT100028,WH02,403,581.38,234296.14,Delivered,0,Yes
PO4500001561,2026-04-09,2026-04-20,2026-04-21,SUP004,MAT100028,WH02,442,50.54,22338.68,Delivered,1,Yes
PO4500001562,2026-01-29,2026-02-11,2026-02-25,SUP006,MAT100004,WH03,204,849.16,173228.64,Late,14,Yes
PO4500001563,2025-06-26,2025-08-02,2025-08-03,SUP019,MAT100074,WH01,179,578.91,103624.89,Delivered,1,Yes
PO4500001564,2026-04-25,2026-05-25,2026-05-23,SUP011,MAT100120,WH03,518,288.01,149189.18,Delivered,0,Yes
PO4500001565,2025-02-06,2025-03-11,2025-03-08,SUP021,MAT100118,WH01,107,24.21,2590.47,Delivered,0,Yes
PO4500001566,2025-11-17,2025-11-29,2025-11-28,SUP003,MAT100028,WH02,227,670.51,152205.77,Delivered,0,Yes
PO4500001567,2025-11-20,2025-11-29,2025-11-29,SUP012,MAT100023,WH02,506,308.07,155883.42,Delivered,0,Yes
PO4500001568,2025-06-13,2025-06-19,2025-06-24,SUP018,MAT100069,WH03,187,376.59,70422.33,Late,5,Yes
PO4500001569,2026-04-26,2026-05-02,2026-05-01,SUP018,MAT100085,WH01,275,878.63,241623.25,Delivered,0,Yes
PO4500001570,2025-02-10,2025-02-21,2025-02-21,SUP004,MAT100022,WH01,504,344.54,173648.16,Delivered,0,Yes
PO4500001571,2026-03-28,2026-04-06,2026-04-04,SUP012,MAT100063,WH03,478,805.12,384847.36,Delivered,0,Yes
PO4500001572,2025-03-29,2025-04-28,2025-04-25,SUP011,MAT100039,WH03,201,125.77,25279.77,Delivered,0,Yes
PO4500001573,2025-04-24,2025-05-26,2025-06-02,SUP005,MAT100102,WH01,348,266.65,92794.2,Late,7,Yes
PO4500001574,2025-01-17,2025-01-27,2025-01-28,SUP016,MAT100047,WH02,447,892.57,398978.79,Delivered,1,Yes
PO4500001575,2025-01-25,2025-02-01,2025-01-30,SUP009,MAT100090,WH02,73,586.22,42794.06,Delivered,0,Yes
PO4500001576,2025-12-12,2025-12-23,2025-12-23,SUP014,MAT100005,WH01,102,302.96,30901.92,Delivered,0,Yes
PO4500001577,2025-01-11,2025-02-14,2025-02-11,SUP020,MAT100116,WH02,329,345.7,113735.3,Delivered,0,Yes
PO4500001578,2025-10-04,2025-10-18,2025-10-17,SUP002,MAT100110,WH02,395,723.82,285908.9,Delivered,0,Yes
PO4500001579,2025-05-16,2025-06-15,2025-06-24,SUP011,MAT100037,WH02,585,177.65,103925.25,Late,9,Yes
PO4500001580,2025-03-28,2025-04-15,2025-04-14,SUP015,MAT100003,WH01,541,806.76,436457.16,Delivered,0,Yes
PO4500001581,2025-09-06,2025-09-17,2025-09-16,SUP004,MAT100103,WH01,86,142.84,12284.24,Delivered,0,Yes
PO4500001582,2025-01-10,2025-01-22,2025-01-21,SUP003,MAT100081,WH02,92,144.84,13325.28,Delivered,0,Yes
PO4500001583,2025-04-19,2025-05-19,2025-05-16,SUP011,MAT100096,WH01,162,183.57,29738.34,Delivered,0,Yes
PO4500001584,2025-04-04,2025-05-06,2025-05-04,SUP023,MAT100011,WH02,235,49.75,11691.25,Delivered,0,Yes
PO4500001585,2025-07-17,2025-07-26,2025-07-24,SUP017,MAT100024,WH02,527,546.88,288205.76,Delivered,0,Yes
PO4500001586,2025-03-04,2025-04-06,2025-04-07,SUP022,MAT100026,WH02,26,76.2,1981.2,Delivered,1,Yes
PO4500001587,2025-07-13,2025-07-19,2025-07-16,SUP018,MAT100042,WH01,212,172.41,36550.92,Delivered,0,Yes
PO4500001588,2025-10-31,2025-12-03,2025-12-04,SUP021,MAT100033,WH02,312,200.34,62506.08,Delivered,1,Yes
PO4500001589,2025-01-08,2025-01-17,2025-01-16,SUP017,MAT100009,WH01,308,680.1,209470.8,Delivered,0,Yes
PO4500001590,2025-03-03,2025-03-12,2025-03-12,SUP012,MAT100116,WH03,101,608.26,61434.26,Delivered,0,Yes
PO4500001591,2025-04-01,2025-04-04,2025-04-03,SUP024,MAT100094,WH02,87,514.44,44756.28,Delivered,0,Yes
PO4500001592,2026-05-07,2026-05-10,2026-05-09,SUP024,MAT100096,WH01,520,285.56,148491.2,Delivered,0,Yes
PO4500001593,2025-02-13,2025-02-26,2025-02-26,SUP006,MAT100042,WH02,496,792.58,393119.68,Delivered,0,Yes
PO4500001594,2026-04-09,2026-04-27,2026-04-27,SUP015,MAT100112,WH01,449,854.92,383859.08,Delivered,0,Yes
PO4500001595,2025-06-02,2025-06-20,2025-06-17,SUP013,MAT100085,WH01,464,713.28,330961.92,Delivered,0,Yes
PO4500001596,2025-08-11,2025-08-24,2025-08-24,SUP006,MAT100044,WH01,503,139.16,69997.48,Delivered,0,No
PO4500001597,2025-06-12,2025-06-30,2025-07-01,SUP013,MAT100063,WH03,304,208.83,63484.32,Delivered,1,Yes
PO4500001598,2026-03-22,2026-04-02,2026-04-08,SUP014,MAT100008,WH02,519,872.34,452744.46,Late,6,Yes
PO4500001599,2025-11-28,2025-12-10,2025-12-11,SUP003,MAT100067,WH02,316,131.62,41591.92,Delivered,1,Yes
PO4500001600,2026-05-18,2026-05-29,2026-05-28,SUP014,MAT100040,WH03,182,308.03,56061.46,Delivered,0,Yes
