ShipmentID,DeliveryID,ShipmentDate,CarrierID,CountryID,Incoterm,TransportMode,DistanceKm,WeightKg,Pallets,TransitDays,FreightCostEUR,SellerPaysFreight,OnTimeDelivery,Route
SHP900000001,DLV800000001,2025-11-04,CAR02,PL,DDP,Road,1450,490.4,1,2,1121.41,Yes,Yes,FI-PL
SHP900000002,DLV800000002,2026-05-21,CAR07,DE,FCA,Sea,1650,5224.6,9,8,0.0,No,No,FI-DE
SHP900000003,DLV800000003,2025-07-07,CAR06,US,DDP,Air,7200,1062.7,2,4,17684.38,Yes,Yes,FI-US
SHP900000004,DLV800000004,2025-07-25,CAR08,ES,DDP,Sea,3500,2630.0,7,11,1563.51,Yes,Yes,FI-ES
SHP900000005,DLV800000005,2025-12-02,CAR04,IT,FCA,Road,2900,1400.7,2,5,0.0,No,No,FI-IT
SHP900000006,DLV800000006,2025-10-20,CAR01,CN,CIP,Road,7700,4137.6,6,20,4230.42,Yes,No,FI-CN
SHP900000007,DLV800000007,2025-08-22,CAR08,PL,DDP,Sea,1450,5969.6,9,9,1151.16,Yes,No,FI-PL
SHP900000008,DLV800000008,2024-12-31,CAR05,ES,CPT,Air,3500,362.9,1,2,10631.07,Yes,Yes,FI-ES
SHP900000009,DLV800000009,2025-11-05,CAR07,IT,EXW,Sea,2900,2034.3,5,10,0.0,No,No,FI-IT
SHP900000010,DLV800000010,2025-12-01,CAR07,DK,CPT,Sea,1000,4538.5,7,5,676.79,Yes,Yes,FI-DK
SHP900000011,DLV800000011,2025-10-24,CAR05,NO,EXW,Air,900,5362.7,12,2,0.0,No,No,FI-NO
SHP900000012,DLV800000012,2025-06-08,CAR02,IT,EXW,Road,2900,5361.4,11,4,0.0,No,Yes,FI-IT
SHP900000013,DLV800000013,2026-05-03,CAR08,IT,CPT,Sea,2900,2733.5,7,9,1567.96,Yes,Yes,FI-IT
SHP900000014,DLV800000014,2025-03-29,CAR01,CN,DDP,Road,7700,1383.4,2,12,5041.2,Yes,Yes,FI-CN
SHP900000015,DLV800000015,2026-01-30,CAR01,NL,CPT,Road,1850,3399.5,6,4,1690.83,Yes,No,FI-NL
SHP900000016,DLV800000016,2026-05-17,CAR04,CN,DDP,Road,7700,283.6,1,13,4607.73,Yes,No,FI-CN
SHP900000017,DLV800000017,2026-03-01,CAR06,FI,CPT,Air,250,3658.0,6,9,3314.31,Yes,No,FI-FI
SHP900000018,DLV800000018,2025-12-14,CAR08,FR,CIP,Sea,2400,5760.5,13,9,1593.85,Yes,Yes,FI-FR
SHP900000019,DLV800000019,2025-05-18,CAR05,FI,CPT,Air,250,6826.7,14,1,4963.39,Yes,Yes,FI-FI
SHP900000020,DLV800000020,2025-01-24,CAR05,CN,CIP,Air,7700,5965.4,13,4,20155.98,Yes,Yes,FI-CN
SHP900000021,DLV800000021,2025-05-05,CAR06,DE,CPT,Air,1650,5291.2,8,1,6567.43,Yes,Yes,FI-DE
SHP900000022,DLV800000022,2025-10-31,CAR05,CN,DDP,Air,7700,4615.5,10,4,19178.84,Yes,Yes,FI-CN
SHP900000023,DLV800000023,2025-01-04,CAR02,SE,DAP,Road,650,775.0,2,1,672.55,Yes,Yes,FI-SE
SHP900000024,DLV800000024,2025-07-04,CAR02,DK,FCA,Road,1000,5109.4,13,2,0.0,No,Yes,FI-DK
SHP900000025,DLV800000025,2025-01-01,CAR04,CN,DDP,Road,7700,1500.7,3,12,4160.33,Yes,Yes,FI-CN
SHP900000026,DLV800000026,2026-02-14,CAR05,IT,CPT,Air,2900,4957.1,11,1,11037.12,Yes,Yes,FI-IT
SHP900000027,DLV800000027,2025-07-12,CAR02,FI,FCA,Road,250,953.2,3,1,0.0,No,Yes,FI-FI
SHP900000028,DLV800000028,2026-02-07,CAR01,DK,CIP,Road,1000,5029.1,8,7,1088.6,Yes,No,FI-DK
SHP900000029,DLV800000029,2025-05-26,CAR06,SE,FCA,Air,650,4626.9,8,1,0.0,No,Yes,FI-SE
SHP900000030,DLV800000030,2025-05-28,CAR04,FR,DAP,Road,2400,3444.7,5,4,1859.12,Yes,Yes,FI-FR
SHP900000031,DLV800000031,2025-06-11,CAR01,DE,CPT,Road,1650,799.6,2,3,1066.39,Yes,Yes,FI-DE
SHP900000032,DLV800000032,2026-04-25,CAR07,NO,CIP,Sea,900,1430.4,2,6,584.86,Yes,No,FI-NO
SHP900000033,DLV800000033,2025-08-10,CAR05,PL,FCA,Air,1450,6905.9,13,1,0.0,No,Yes,FI-PL
SHP900000034,DLV800000034,2026-01-10,CAR03,US,FCA,Road,7200,5232.4,15,11,0.0,No,Yes,FI-US
SHP900000035,DLV800000035,2025-10-14,CAR02,ES,FCA,Road,3500,1069.2,3,5,0.0,No,Yes,FI-ES
SHP900000036,DLV800000036,2024-12-29,CAR07,CN,DAP,Sea,7700,4881.3,11,26,2953.97,Yes,Yes,FI-CN
SHP900000037,DLV800000037,2026-04-24,CAR06,PL,EXW,Air,1450,5319.7,10,1,0.0,No,Yes,FI-PL
SHP900000038,DLV800000038,2025-01-16,CAR04,FR,CPT,Road,2400,3285.6,6,4,2033.32,Yes,Yes,FI-FR
SHP900000039,DLV800000039,2025-08-13,CAR08,SE,CIP,Sea,650,2881.7,4,5,575.31,Yes,Yes,FI-SE
SHP900000040,DLV800000040,2025-08-26,CAR04,FR,EXW,Road,2400,337.9,1,4,0.0,No,Yes,FI-FR
SHP900000041,DLV800000041,2025-01-03,CAR03,IT,CIP,Road,2900,3540.8,8,4,2250.07,Yes,Yes,FI-IT
SHP900000042,DLV800000042,2025-12-28,CAR07,FI,CPT,Sea,250,178.9,1,5,165.05,Yes,Yes,FI-FI
SHP900000043,DLV800000043,2025-07-01,CAR04,NO,CIP,Road,900,3162.8,6,1,856.32,Yes,Yes,FI-NO
SHP900000044,DLV800000044,2025-10-30,CAR04,CN,CIP,Road,7700,2640.5,5,12,5090.24,Yes,Yes,FI-CN
SHP900000045,DLV800000045,2025-06-09,CAR02,PL,EXW,Road,1450,1885.0,4,3,0.0,No,No,FI-PL
SHP900000046,DLV800000046,2025-06-06,CAR06,IT,DAP,Air,2900,1975.9,4,1,8125.22,Yes,Yes,FI-IT
SHP900000047,DLV800000047,2025-10-26,CAR01,CN,CPT,Road,7700,913.6,2,13,4946.59,Yes,No,FI-CN
SHP900000048,DLV800000048,2026-02-04,CAR02,IT,CIP,Road,2900,5598.6,13,4,2071.21,Yes,Yes,FI-IT
SHP900000049,DLV800000049,2025-03-24,CAR02,ES,FCA,Road,3500,5801.9,16,5,0.0,No,Yes,FI-ES
SHP900000050,DLV800000050,2025-08-13,CAR04,FR,FCA,Road,2400,588.7,1,5,0.0,No,No,FI-FR
SHP900000051,DLV800000051,2025-12-11,CAR03,FR,CIP,Road,2400,6044.3,10,4,1903.9,Yes,Yes,FI-FR
SHP900000052,DLV800000052,2025-07-10,CAR02,NO,EXW,Road,900,2619.6,4,3,0.0,No,No,FI-NO
SHP900000053,DLV800000053,2025-12-25,CAR01,CN,DAP,Road,7700,1847.8,5,12,5192.16,Yes,Yes,FI-CN
SHP900000054,DLV800000054,2026-06-18,CAR08,ES,CPT,Sea,3500,2674.7,7,11,1541.17,Yes,Yes,FI-ES
SHP900000055,DLV800000055,2024-12-31,CAR01,FI,CPT,Road,250,5075.6,11,2,782.07,Yes,No,FI-FI
SHP900000056,DLV800000056,2025-05-30,CAR02,PL,FCA,Road,1450,5756.4,9,2,0.0,No,Yes,FI-PL
SHP900000057,DLV800000057,2025-02-06,CAR01,PL,CIP,Road,1450,3921.1,7,2,1561.93,Yes,Yes,FI-PL
SHP900000058,DLV800000058,2025-03-01,CAR03,FI,EXW,Road,250,6234.7,9,1,0.0,No,Yes,FI-FI
SHP900000059,DLV800000059,2025-09-20,CAR01,CN,CPT,Road,7700,1381.2,2,13,4139.6,Yes,No,FI-CN
SHP900000060,DLV800000060,2025-09-04,CAR02,US,CIP,Road,7200,5090.1,10,11,5046.45,Yes,Yes,FI-US
SHP900000061,DLV800000061,2025-06-11,CAR05,US,CIP,Air,7200,3033.3,8,5,23723.02,Yes,No,FI-US
SHP900000062,DLV800000062,2025-02-07,CAR02,DE,CPT,Road,1650,5310.9,8,4,1439.75,Yes,No,FI-DE
SHP900000063,DLV800000063,2026-01-10,CAR04,PL,DAP,Road,1450,192.2,1,2,923.68,Yes,Yes,FI-PL
SHP900000064,DLV800000064,2026-06-05,CAR05,PL,DAP,Air,1450,3905.9,7,2,5691.86,Yes,No,FI-PL
SHP900000065,DLV800000065,2025-05-14,CAR06,DE,DAP,Air,1650,4817.2,13,1,8298.23,Yes,Yes,FI-DE
SHP900000066,DLV800000066,2025-07-30,CAR04,DK,DAP,Road,1000,2781.2,7,2,902.86,Yes,Yes,FI-DK
SHP900000067,DLV800000067,2026-04-06,CAR02,SE,EXW,Road,650,667.2,1,1,0.0,No,Yes,FI-SE
SHP900000068,DLV800000068,2025-11-25,CAR04,FR,FCA,Road,2400,5336.6,10,5,0.0,No,No,FI-FR
SHP900000069,DLV800000069,2026-05-24,CAR07,NL,EXW,Sea,1850,6980.9,19,7,0.0,No,Yes,FI-NL
SHP900000070,DLV800000070,2025-04-20,CAR06,SE,CIP,Air,650,4468.7,9,1,5041.94,Yes,Yes,FI-SE
SHP900000071,DLV800000071,2026-03-01,CAR02,ES,DDP,Road,3500,963.5,3,5,2071.88,Yes,Yes,FI-ES
SHP900000072,DLV800000072,2025-10-20,CAR02,SE,DAP,Road,650,5871.3,11,1,1317.74,Yes,Yes,FI-SE
SHP900000073,DLV800000073,2025-06-09,CAR04,PL,FCA,Road,1450,2383.7,6,2,0.0,No,Yes,FI-PL
SHP900000074,DLV800000074,2025-10-27,CAR01,DE,CIP,Road,1650,5452.8,12,4,1719.39,Yes,No,FI-DE
SHP900000075,DLV800000075,2025-02-12,CAR07,PL,CPT,Sea,1450,6573.8,10,5,1282.37,Yes,Yes,FI-PL
SHP900000076,DLV800000076,2026-02-07,CAR04,FI,FCA,Road,250,2263.0,4,1,0.0,No,Yes,FI-FI
SHP900000077,DLV800000077,2025-09-15,CAR03,SE,CIP,Road,650,788.2,1,2,583.44,Yes,No,FI-SE
SHP900000078,DLV800000078,2025-09-25,CAR03,IT,CIP,Road,2900,64.6,1,4,1734.12,Yes,Yes,FI-IT
SHP900000079,DLV800000079,2026-04-29,CAR06,DK,FCA,Air,1000,4313.1,11,1,0.0,No,Yes,FI-DK
SHP900000080,DLV800000080,2025-01-14,CAR06,SE,CPT,Air,650,2021.8,5,1,2772.33,Yes,Yes,FI-SE
SHP900000081,DLV800000081,2025-06-15,CAR05,FR,CIP,Air,2400,2096.0,4,2,8080.97,Yes,No,FI-FR
SHP900000082,DLV800000082,2026-06-16,CAR08,ES,EXW,Sea,3500,1054.1,2,11,0.0,No,Yes,FI-ES
SHP900000083,DLV800000083,2025-11-09,CAR01,DE,DAP,Road,1650,5879.1,9,3,1608.32,Yes,Yes,FI-DE
SHP900000084,DLV800000084,2025-02-22,CAR07,NO,FCA,Sea,900,850.5,1,5,0.0,No,Yes,FI-NO
SHP900000085,DLV800000085,2025-08-07,CAR08,FI,EXW,Sea,250,4647.9,7,5,0.0,No,Yes,FI-FI
SHP900000086,DLV800000086,2026-06-15,CAR04,US,DDP,Road,7200,6721.3,10,11,4355.05,Yes,Yes,FI-US
SHP900000087,DLV800000087,2025-05-27,CAR07,NO,FCA,Sea,900,1884.3,3,5,0.0,No,Yes,FI-NO
SHP900000088,DLV800000088,2025-03-14,CAR07,PL,CPT,Sea,1450,6179.5,10,6,1221.29,Yes,No,FI-PL
SHP900000089,DLV800000089,2025-05-01,CAR06,NL,DDP,Air,1850,5580.1,12,1,8361.01,Yes,Yes,FI-NL
SHP900000090,DLV800000090,2025-06-14,CAR01,US,DDP,Road,7200,4214.7,6,11,4522.71,Yes,Yes,FI-US
SHP900000091,DLV800000091,2026-01-27,CAR02,FI,DAP,Road,250,5770.2,9,1,815.91,Yes,Yes,FI-FI
SHP900000092,DLV800000092,2025-10-12,CAR07,SE,CPT,Sea,650,6044.4,11,5,903.14,Yes,Yes,FI-SE
SHP900000093,DLV800000093,2025-02-18,CAR07,FR,CIP,Sea,2400,4203.9,9,9,1100.06,Yes,Yes,FI-FR
SHP900000094,DLV800000094,2026-02-24,CAR03,FR,DAP,Road,2400,6111.0,10,4,2475.63,Yes,Yes,FI-FR
SHP900000095,DLV800000095,2025-03-07,CAR01,PL,DDP,Road,1450,3193.4,8,2,1166.0,Yes,Yes,FI-PL
SHP900000096,DLV800000096,2025-06-23,CAR06,NL,DAP,Air,1850,3265.9,8,2,8249.43,Yes,No,FI-NL
SHP900000097,DLV800000097,2025-06-16,CAR02,NO,EXW,Road,900,2244.8,4,1,0.0,No,Yes,FI-NO
SHP900000098,DLV800000098,2025-07-12,CAR06,IT,CPT,Air,2900,6729.8,10,1,10932.24,Yes,Yes,FI-IT
SHP900000099,DLV800000099,2025-02-13,CAR07,NO,FCA,Sea,900,1773.4,5,5,0.0,No,Yes,FI-NO
SHP900000100,DLV800000100,2026-04-16,CAR02,FR,DDP,Road,2400,4484.3,7,4,2300.54,Yes,Yes,FI-FR
SHP900000101,DLV800000101,2025-07-15,CAR03,ES,FCA,Road,3500,5813.3,9,6,0.0,No,No,FI-ES
SHP900000102,DLV800000102,2026-03-11,CAR08,US,CPT,Sea,7200,4780.3,10,28,2602.0,Yes,No,FI-US
SHP900000103,DLV800000103,2025-01-20,CAR08,DK,DDP,Sea,1000,3363.9,9,6,803.49,Yes,No,FI-DK
SHP900000104,DLV800000104,2026-06-13,CAR04,FR,DDP,Road,2400,1031.1,2,4,1422.73,Yes,Yes,FI-FR
SHP900000105,DLV800000105,2025-06-12,CAR06,DK,FCA,Air,1000,6561.3,11,7,0.0,No,No,FI-DK
SHP900000106,DLV800000106,2026-06-18,CAR03,PL,DAP,Road,1450,6685.6,12,2,1783.39,Yes,Yes,FI-PL
SHP900000107,DLV800000107,2025-10-18,CAR05,US,CPT,Air,7200,5594.7,8,4,23350.93,Yes,Yes,FI-US
SHP900000108,DLV800000108,2025-09-09,CAR07,DK,DDP,Sea,1000,4279.8,8,8,671.7,Yes,No,FI-DK
SHP900000109,DLV800000109,2026-05-31,CAR05,SE,FCA,Air,650,6467.8,15,2,0.0,No,No,FI-SE
SHP900000110,DLV800000110,2026-05-03,CAR07,IT,CPT,Sea,2900,2681.7,7,9,1409.86,Yes,Yes,FI-IT
SHP900000111,DLV800000111,2026-05-16,CAR08,CN,CIP,Sea,7700,5864.2,15,27,3388.91,Yes,No,FI-CN
SHP900000112,DLV800000112,2025-02-04,CAR08,DK,DDP,Sea,1000,5553.1,12,5,949.8,Yes,Yes,FI-DK
SHP900000113,DLV800000113,2026-01-31,CAR06,FI,CIP,Air,250,4720.9,12,1,4319.56,Yes,Yes,FI-FI
SHP900000114,DLV800000114,2025-09-29,CAR06,NO,DAP,Air,900,2490.5,4,2,3918.91,Yes,No,FI-NO
SHP900000115,DLV800000115,2025-05-12,CAR04,US,DAP,Road,7200,3836.9,6,11,4769.3,Yes,Yes,FI-US
SHP900000116,DLV800000116,2025-09-23,CAR06,SE,FCA,Air,650,6926.0,13,1,0.0,No,Yes,FI-SE
SHP900000117,DLV800000117,2025-06-21,CAR07,NL,FCA,Sea,1850,5478.3,11,11,0.0,No,No,FI-NL
SHP900000118,DLV800000118,2026-02-02,CAR02,DK,CPT,Road,1000,2290.9,4,3,1053.19,Yes,No,FI-DK
SHP900000119,DLV800000119,2025-08-17,CAR05,US,DDP,Air,7200,549.3,1,4,21825.6,Yes,Yes,FI-US
SHP900000120,DLV800000120,2025-07-18,CAR08,ES,FCA,Sea,3500,629.5,1,17,0.0,No,No,FI-ES
SHP900000121,DLV800000121,2025-10-24,CAR05,PL,EXW,Air,1450,2581.8,4,1,0.0,No,Yes,FI-PL
SHP900000122,DLV800000122,2025-04-08,CAR08,PL,DAP,Sea,1450,4889.0,9,6,868.4,Yes,No,FI-PL
SHP900000123,DLV800000123,2025-06-27,CAR01,SE,CIP,Road,650,449.2,1,1,476.18,Yes,Yes,FI-SE
SHP900000124,DLV800000124,2025-05-11,CAR01,FR,CPT,Road,2400,3915.1,6,4,2141.95,Yes,Yes,FI-FR
SHP900000125,DLV800000125,2026-05-30,CAR01,PL,DDP,Road,1450,993.4,2,3,1066.33,Yes,No,FI-PL
SHP900000126,DLV800000126,2025-12-09,CAR05,CN,DAP,Air,7700,2037.6,4,4,19799.3,Yes,Yes,FI-CN
SHP900000127,DLV800000127,2026-03-12,CAR02,ES,DDP,Road,3500,1630.1,3,5,2086.53,Yes,Yes,FI-ES
SHP900000128,DLV800000128,2025-04-26,CAR03,DK,CPT,Road,1000,3666.9,6,2,1108.91,Yes,Yes,FI-DK
SHP900000129,DLV800000129,2025-10-15,CAR03,CN,DAP,Road,7700,1034.2,2,13,4889.51,Yes,No,FI-CN
SHP900000130,DLV800000130,2026-03-25,CAR07,DK,FCA,Sea,1000,6894.0,12,5,0.0,No,Yes,FI-DK
SHP900000131,DLV800000131,2025-03-08,CAR05,NL,FCA,Air,1850,962.1,1,1,0.0,No,Yes,FI-NL
SHP900000132,DLV800000132,2025-01-05,CAR04,NO,CPT,Road,900,3651.5,7,1,1075.65,Yes,Yes,FI-NO
SHP900000133,DLV800000133,2025-06-15,CAR08,DK,FCA,Sea,1000,6302.0,12,5,0.0,No,Yes,FI-DK
SHP900000134,DLV800000134,2026-01-02,CAR05,NL,DAP,Air,1850,6596.7,14,2,9258.37,Yes,No,FI-NL
SHP900000135,DLV800000135,2025-09-03,CAR08,IT,CPT,Sea,2900,1253.6,2,9,1121.92,Yes,Yes,FI-IT
SHP900000136,DLV800000136,2025-07-09,CAR04,FR,DDP,Road,2400,1522.3,3,4,1476.5,Yes,Yes,FI-FR
SHP900000137,DLV800000137,2025-03-16,CAR07,SE,CIP,Sea,650,2564.9,4,5,574.89,Yes,Yes,FI-SE
SHP900000138,DLV800000138,2025-11-09,CAR04,IT,CPT,Road,2900,1555.5,2,5,1809.32,Yes,No,FI-IT
SHP900000139,DLV800000139,2025-09-12,CAR06,FI,FCA,Air,250,6256.1,11,2,0.0,No,No,FI-FI
SHP900000140,DLV800000140,2025-06-24,CAR08,ES,EXW,Sea,3500,3295.5,6,11,0.0,No,Yes,FI-ES
SHP900000141,DLV800000141,2025-11-29,CAR02,FR,FCA,Road,2400,5276.7,14,4,0.0,No,Yes,FI-FR
SHP900000142,DLV800000142,2025-02-20,CAR07,NL,DAP,Sea,1850,4257.9,6,7,1242.6,Yes,Yes,FI-NL
SHP900000143,DLV800000143,2025-08-01,CAR08,IT,CPT,Sea,2900,6472.4,10,9,1899.61,Yes,Yes,FI-IT
SHP900000144,DLV800000144,2025-11-04,CAR04,FI,EXW,Road,250,793.1,2,3,0.0,No,No,FI-FI
SHP900000145,DLV800000145,2025-04-05,CAR04,NO,DAP,Road,900,674.6,2,1,659.08,Yes,Yes,FI-NO
SHP900000146,DLV800000146,2025-07-20,CAR04,CN,FCA,Road,7700,677.7,1,13,0.0,No,No,FI-CN
SHP900000147,DLV800000147,2025-06-02,CAR07,NO,EXW,Sea,900,6722.0,14,5,0.0,No,Yes,FI-NO
SHP900000148,DLV800000148,2025-04-01,CAR03,US,FCA,Road,7200,873.1,1,12,0.0,No,No,FI-US
SHP900000149,DLV800000149,2026-03-23,CAR03,FR,DAP,Road,2400,2680.6,6,4,1505.69,Yes,Yes,FI-FR
SHP900000150,DLV800000150,2025-10-31,CAR08,NO,CPT,Sea,900,5535.2,9,5,888.76,Yes,Yes,FI-NO
SHP900000151,DLV800000151,2025-11-29,CAR06,NO,DAP,Air,900,1379.8,2,1,4208.43,Yes,Yes,FI-NO
SHP900000152,DLV800000152,2025-03-08,CAR07,NL,DAP,Sea,1850,5461.2,10,7,1326.43,Yes,Yes,FI-NL
SHP900000153,DLV800000153,2025-04-30,CAR04,SE,DDP,Road,650,2730.0,4,2,721.06,Yes,No,FI-SE
SHP900000154,DLV800000154,2025-06-08,CAR05,FI,DAP,Air,250,1158.8,3,2,1825.9,Yes,No,FI-FI
SHP900000155,DLV800000155,2025-02-28,CAR03,FI,CPT,Road,250,2904.0,7,1,697.49,Yes,Yes,FI-FI
SHP900000156,DLV800000156,2025-09-23,CAR02,IT,CPT,Road,2900,255.7,1,4,1494.13,Yes,Yes,FI-IT
SHP900000157,DLV800000157,2026-04-05,CAR07,NL,DDP,Sea,1850,5455.3,12,7,1106.37,Yes,Yes,FI-NL
SHP900000158,DLV800000158,2025-04-17,CAR04,NO,FCA,Road,900,3897.9,6,1,0.0,No,Yes,FI-NO
SHP900000159,DLV800000159,2025-01-24,CAR02,IT,EXW,Road,2900,3438.2,7,4,0.0,No,Yes,FI-IT
SHP900000160,DLV800000160,2026-01-07,CAR01,FI,CPT,Road,250,3260.3,8,1,561.06,Yes,Yes,FI-FI
SHP900000161,DLV800000161,2026-04-17,CAR02,FR,FCA,Road,2400,3459.5,8,4,0.0,No,Yes,FI-FR
SHP900000162,DLV800000162,2025-07-20,CAR03,PL,FCA,Road,1450,4744.3,9,3,0.0,No,No,FI-PL
SHP900000163,DLV800000163,2026-05-23,CAR07,CN,DAP,Sea,7700,4260.5,11,26,3585.19,Yes,Yes,FI-CN
SHP900000164,DLV800000164,2026-02-04,CAR05,FR,DAP,Air,2400,5819.9,10,1,9779.13,Yes,Yes,FI-FR
SHP900000165,DLV800000165,2026-02-13,CAR01,FI,DDP,Road,250,5571.9,15,1,977.97,Yes,Yes,FI-FI
SHP900000166,DLV800000166,2025-09-15,CAR08,US,FCA,Sea,7200,503.6,1,24,0.0,No,Yes,FI-US
SHP900000167,DLV800000167,2025-11-17,CAR05,CN,DAP,Air,7700,4285.6,8,4,24820.31,Yes,Yes,FI-CN
SHP900000168,DLV800000168,2026-02-04,CAR08,DE,DDP,Sea,1650,3258.8,6,8,822.57,Yes,No,FI-DE
SHP900000169,DLV800000169,2025-10-26,CAR07,PL,CIP,Sea,1450,6669.2,13,6,1172.24,Yes,No,FI-PL
SHP900000170,DLV800000170,2025-11-23,CAR04,DK,DAP,Road,1000,3139.1,9,2,1150.34,Yes,Yes,FI-DK
SHP900000171,DLV800000171,2025-05-22,CAR03,DE,DAP,Road,1650,5914.4,15,3,1726.39,Yes,Yes,FI-DE
SHP900000172,DLV800000172,2025-09-22,CAR01,NO,CPT,Road,900,4013.8,7,1,1271.83,Yes,Yes,FI-NO
SHP900000173,DLV800000173,2025-04-24,CAR08,ES,DDP,Sea,3500,6496.8,12,12,2084.52,Yes,No,FI-ES
SHP900000174,DLV800000174,2025-11-03,CAR07,SE,DAP,Sea,650,3668.0,6,5,555.68,Yes,Yes,FI-SE
SHP900000175,DLV800000175,2025-01-07,CAR06,FR,CPT,Air,2400,2261.8,4,1,8780.21,Yes,Yes,FI-FR
SHP900000176,DLV800000176,2025-03-26,CAR04,NO,FCA,Road,900,3591.0,7,1,0.0,No,Yes,FI-NO
SHP900000177,DLV800000177,2026-03-05,CAR05,ES,DAP,Air,3500,6604.6,11,2,14643.17,Yes,Yes,FI-ES
SHP900000178,DLV800000178,2025-12-28,CAR01,US,CPT,Road,7200,2501.6,7,11,5102.29,Yes,Yes,FI-US
SHP900000179,DLV800000179,2025-10-13,CAR04,US,CPT,Road,7200,4079.8,6,11,4937.52,Yes,Yes,FI-US
SHP900000180,DLV800000180,2025-02-11,CAR07,US,CPT,Sea,7200,5050.9,7,29,3046.76,Yes,No,FI-US
SHP900000181,DLV800000181,2025-06-04,CAR08,DE,CPT,Sea,1650,1143.9,2,7,797.22,Yes,Yes,FI-DE
SHP900000182,DLV800000182,2025-05-08,CAR07,DK,FCA,Sea,1000,3527.6,6,5,0.0,No,Yes,FI-DK
SHP900000183,DLV800000183,2026-02-05,CAR03,PL,DDP,Road,1450,4374.0,12,3,1377.42,Yes,No,FI-PL
SHP900000184,DLV800000184,2025-09-09,CAR02,DK,CPT,Road,1000,1517.0,3,2,990.97,Yes,Yes,FI-DK
SHP900000185,DLV800000185,2025-02-11,CAR03,NL,DDP,Road,1850,182.9,1,3,1353.37,Yes,Yes,FI-NL
SHP900000186,DLV800000186,2025-09-25,CAR05,DE,CPT,Air,1650,4888.2,11,2,8176.34,Yes,No,FI-DE
SHP900000187,DLV800000187,2026-04-23,CAR07,PL,DAP,Sea,1450,3781.5,6,7,954.32,Yes,No,FI-PL
SHP900000188,DLV800000188,2026-04-13,CAR01,IT,DAP,Road,2900,5939.1,15,4,2255.97,Yes,Yes,FI-IT
SHP900000189,DLV800000189,2026-01-18,CAR03,NL,DDP,Road,1850,4341.3,9,3,1949.69,Yes,Yes,FI-NL
SHP900000190,DLV800000190,2025-03-31,CAR05,PL,CIP,Air,1450,895.1,2,1,4887.39,Yes,Yes,FI-PL
SHP900000191,DLV800000191,2026-05-02,CAR01,NO,DAP,Road,900,577.9,1,2,596.51,Yes,No,FI-NO
SHP900000192,DLV800000192,2025-11-16,CAR07,ES,FCA,Sea,3500,2625.5,7,11,0.0,No,Yes,FI-ES
SHP900000193,DLV800000193,2025-11-03,CAR01,FR,EXW,Road,2400,4786.4,11,4,0.0,No,Yes,FI-FR
SHP900000194,DLV800000194,2026-02-24,CAR07,CN,CIP,Sea,7700,2223.8,3,27,3068.83,Yes,No,FI-CN
SHP900000195,DLV800000195,2025-01-25,CAR06,FR,CPT,Air,2400,5642.7,16,1,8534.33,Yes,Yes,FI-FR
SHP900000196,DLV800000196,2026-01-24,CAR05,NL,DAP,Air,1850,785.5,1,1,5882.58,Yes,Yes,FI-NL
SHP900000197,DLV800000197,2025-01-06,CAR04,NL,DDP,Road,1850,6744.1,11,3,1946.53,Yes,Yes,FI-NL
SHP900000198,DLV800000198,2025-05-15,CAR08,FR,CPT,Sea,2400,4972.7,13,10,1297.89,Yes,No,FI-FR
SHP900000199,DLV800000199,2026-06-10,CAR05,IT,CPT,Air,2900,6874.4,13,2,11693.55,Yes,No,FI-IT
SHP900000200,DLV800000200,2025-03-21,CAR03,IT,FCA,Road,2900,6519.0,15,4,0.0,No,Yes,FI-IT
SHP900000201,DLV800000201,2025-06-14,CAR07,NO,CIP,Sea,900,5155.8,8,5,777.65,Yes,Yes,FI-NO
SHP900000202,DLV800000202,2026-01-26,CAR06,PL,CIP,Air,1450,1248.6,3,1,5211.79,Yes,Yes,FI-PL
SHP900000203,DLV800000203,2025-09-14,CAR04,CN,DAP,Road,7700,4580.2,10,12,4970.98,Yes,Yes,FI-CN
SHP900000204,DLV800000204,2025-03-19,CAR03,CN,DDP,Road,7700,5395.2,10,12,5541.52,Yes,Yes,FI-CN
SHP900000205,DLV800000205,2026-02-10,CAR02,FR,CPT,Road,2400,3440.3,10,4,2137.55,Yes,Yes,FI-FR
SHP900000206,DLV800000206,2025-03-12,CAR07,IT,CIP,Sea,2900,4259.0,9,9,1354.97,Yes,Yes,FI-IT
SHP900000207,DLV800000207,2025-07-18,CAR05,FI,FCA,Air,250,1889.4,3,1,0.0,No,Yes,FI-FI
SHP900000208,DLV800000208,2025-01-12,CAR04,NL,DAP,Road,1850,3550.9,7,3,1365.71,Yes,Yes,FI-NL
SHP900000209,DLV800000209,2025-10-10,CAR06,PL,DDP,Air,1450,1495.6,3,1,4820.72,Yes,Yes,FI-PL
SHP900000210,DLV800000210,2025-08-07,CAR08,SE,CPT,Sea,650,4696.5,11,5,716.3,Yes,Yes,FI-SE
SHP900000211,DLV800000211,2026-06-06,CAR08,NO,DDP,Sea,900,3708.0,6,12,798.99,Yes,No,FI-NO
SHP900000212,DLV800000212,2025-11-15,CAR01,CN,CPT,Road,7700,4776.7,11,12,4590.09,Yes,Yes,FI-CN
SHP900000213,DLV800000213,2025-06-26,CAR07,SE,CIP,Sea,650,1164.3,3,5,420.77,Yes,Yes,FI-SE
SHP900000214,DLV800000214,2026-05-26,CAR03,SE,DDP,Road,650,6072.5,9,1,1325.72,Yes,Yes,FI-SE
SHP900000215,DLV800000215,2025-05-04,CAR04,IT,FCA,Road,2900,143.5,1,4,0.0,No,Yes,FI-IT
SHP900000216,DLV800000216,2025-04-27,CAR08,PL,CPT,Sea,1450,5730.3,14,13,1026.96,Yes,No,FI-PL
SHP900000217,DLV800000217,2025-08-24,CAR05,SE,EXW,Air,650,3587.0,10,1,0.0,No,Yes,FI-SE
SHP900000218,DLV800000218,2025-05-20,CAR05,FR,CPT,Air,2400,273.0,1,2,7426.58,Yes,No,FI-FR
SHP900000219,DLV800000219,2026-02-16,CAR08,FI,DAP,Sea,250,3079.6,8,5,349.23,Yes,Yes,FI-FI
SHP900000220,DLV800000220,2026-01-31,CAR01,CN,CIP,Road,7700,2114.7,6,12,4063.1,Yes,Yes,FI-CN
SHP900000221,DLV800000221,2026-03-29,CAR05,DK,EXW,Air,1000,1904.0,3,2,0.0,No,No,FI-DK
SHP900000222,DLV800000222,2025-07-15,CAR01,FI,FCA,Road,250,5087.5,9,1,0.0,No,Yes,FI-FI
SHP900000223,DLV800000223,2026-04-15,CAR03,PL,CPT,Road,1450,3973.3,8,3,1670.72,Yes,No,FI-PL
SHP900000224,DLV800000224,2025-03-13,CAR08,US,DDP,Sea,7200,3998.4,6,25,2543.54,Yes,No,FI-US
SHP900000225,DLV800000225,2025-03-29,CAR04,ES,FCA,Road,3500,4053.9,6,5,0.0,No,Yes,FI-ES
SHP900000226,DLV800000226,2025-03-17,CAR07,NO,EXW,Sea,900,2547.6,5,11,0.0,No,No,FI-NO
SHP900000227,DLV800000227,2025-10-24,CAR08,SE,CPT,Sea,650,5494.9,14,5,802.19,Yes,Yes,FI-SE
SHP900000228,DLV800000228,2026-02-15,CAR03,US,CPT,Road,7200,3600.2,10,11,3919.54,Yes,Yes,FI-US
SHP900000229,DLV800000229,2026-01-08,CAR05,CN,DAP,Air,7700,3418.2,5,4,20620.68,Yes,Yes,FI-CN
SHP900000230,DLV800000230,2025-05-23,CAR03,IT,EXW,Road,2900,155.9,1,4,0.0,No,Yes,FI-IT
SHP900000231,DLV800000231,2025-12-13,CAR07,SE,FCA,Sea,650,1970.8,3,5,0.0,No,Yes,FI-SE
SHP900000232,DLV800000232,2025-11-29,CAR03,NO,DAP,Road,900,1303.9,2,1,849.37,Yes,Yes,FI-NO
SHP900000233,DLV800000233,2026-03-05,CAR02,DK,EXW,Road,1000,6602.5,11,2,0.0,No,Yes,FI-DK
SHP900000234,DLV800000234,2026-01-15,CAR02,FI,EXW,Road,250,2225.4,4,2,0.0,No,No,FI-FI
SHP900000235,DLV800000235,2025-08-17,CAR01,CN,DAP,Road,7700,4167.7,7,12,4134.68,Yes,Yes,FI-CN
SHP900000236,DLV800000236,2025-03-25,CAR05,FR,DDP,Air,2400,1612.2,3,1,8299.6,Yes,Yes,FI-FR
SHP900000237,DLV800000237,2025-08-03,CAR08,IT,CPT,Sea,2900,2911.5,5,9,1591.12,Yes,Yes,FI-IT
SHP900000238,DLV800000238,2025-07-24,CAR03,CN,DDP,Road,7700,277.6,1,12,3966.18,Yes,Yes,FI-CN
SHP900000239,DLV800000239,2025-07-06,CAR07,IT,FCA,Sea,2900,2538.8,6,9,0.0,No,Yes,FI-IT
SHP900000240,DLV800000240,2025-06-01,CAR06,DK,DAP,Air,1000,5225.0,10,2,6162.76,Yes,No,FI-DK
SHP900000241,DLV800000241,2026-05-29,CAR05,DK,DAP,Air,1000,6784.3,15,1,7815.55,Yes,Yes,FI-DK
SHP900000242,DLV800000242,2025-02-20,CAR01,IT,CPT,Road,2900,2368.9,6,4,2371.78,Yes,Yes,FI-IT
SHP900000243,DLV800000243,2025-01-05,CAR04,NO,CPT,Road,900,4907.9,8,1,1304.03,Yes,Yes,FI-NO
SHP900000244,DLV800000244,2025-04-12,CAR02,ES,DAP,Road,3500,6904.4,19,13,2772.92,Yes,No,FI-ES
SHP900000245,DLV800000245,2025-02-23,CAR08,DE,CIP,Sea,1650,2226.4,3,7,794.25,Yes,Yes,FI-DE
SHP900000246,DLV800000246,2025-03-24,CAR03,SE,DDP,Road,650,1130.6,2,1,695.56,Yes,Yes,FI-SE
SHP900000247,DLV800000247,2025-12-10,CAR02,FI,FCA,Road,250,4814.2,11,1,0.0,No,Yes,FI-FI
SHP900000248,DLV800000248,2025-10-16,CAR06,US,EXW,Air,7200,5916.3,12,12,0.0,No,No,FI-US
SHP900000249,DLV800000249,2026-01-09,CAR01,IT,DDP,Road,2900,4365.6,6,4,2508.66,Yes,Yes,FI-IT
SHP900000250,DLV800000250,2025-05-01,CAR04,FI,CPT,Road,250,3560.2,6,1,764.23,Yes,Yes,FI-FI
SHP900000251,DLV800000251,2025-04-05,CAR02,SE,CPT,Road,650,2533.4,4,7,730.92,Yes,No,FI-SE
SHP900000252,DLV800000252,2026-01-02,CAR06,NL,FCA,Air,1850,120.9,1,1,0.0,No,Yes,FI-NL
SHP900000253,DLV800000253,2025-03-01,CAR07,ES,DDP,Sea,3500,6271.2,9,12,1864.47,Yes,No,FI-ES
SHP900000254,DLV800000254,2025-08-10,CAR03,CN,DAP,Road,7700,173.0,1,12,4421.56,Yes,Yes,FI-CN
SHP900000255,DLV800000255,2025-08-10,CAR06,NO,FCA,Air,900,1808.1,3,1,0.0,No,Yes,FI-NO
SHP900000256,DLV800000256,2025-09-16,CAR05,NO,EXW,Air,900,1555.3,4,1,0.0,No,Yes,FI-NO
SHP900000257,DLV800000257,2025-01-28,CAR02,NL,EXW,Road,1850,5357.2,10,4,0.0,No,No,FI-NL
SHP900000258,DLV800000258,2025-06-04,CAR05,PL,FCA,Air,1450,6494.8,14,2,0.0,No,No,FI-PL
SHP900000259,DLV800000259,2026-04-10,CAR06,US,DDP,Air,7200,641.5,1,5,19786.87,Yes,No,FI-US
SHP900000260,DLV800000260,2025-02-15,CAR05,PL,FCA,Air,1450,5587.5,8,5,0.0,No,No,FI-PL
SHP900000261,DLV800000261,2026-06-16,CAR08,NO,FCA,Sea,900,908.8,1,6,0.0,No,No,FI-NO
SHP900000262,DLV800000262,2025-06-13,CAR02,SE,DAP,Road,650,719.9,1,1,622.5,Yes,Yes,FI-SE
SHP900000263,DLV800000263,2025-05-03,CAR02,NO,FCA,Road,900,3053.1,5,2,0.0,No,No,FI-NO
SHP900000264,DLV800000264,2026-01-13,CAR07,IT,FCA,Sea,2900,3262.3,5,9,0.0,No,Yes,FI-IT
SHP900000265,DLV800000265,2026-06-13,CAR02,NO,FCA,Road,900,4239.0,10,1,0.0,No,Yes,FI-NO
SHP900000266,DLV800000266,2025-06-03,CAR07,IT,CIP,Sea,2900,6731.3,15,17,1424.48,Yes,No,FI-IT
SHP900000267,DLV800000267,2026-05-02,CAR03,SE,EXW,Road,650,918.4,1,1,0.0,No,Yes,FI-SE
SHP900000268,DLV800000268,2025-06-08,CAR03,DK,CPT,Road,1000,1503.6,4,2,945.9,Yes,Yes,FI-DK
SHP900000269,DLV800000269,2025-12-30,CAR02,IT,EXW,Road,2900,5151.5,13,4,0.0,No,Yes,FI-IT
SHP900000270,DLV800000270,2025-10-09,CAR04,US,DDP,Road,7200,5957.9,15,11,5545.52,Yes,Yes,FI-US
SHP900000271,DLV800000271,2025-02-10,CAR06,DK,CIP,Air,1000,2789.2,8,2,5400.65,Yes,No,FI-DK
SHP900000272,DLV800000272,2025-08-21,CAR06,FI,CIP,Air,250,3774.8,10,1,2797.06,Yes,Yes,FI-FI
SHP900000273,DLV800000273,2025-03-29,CAR03,FI,DDP,Road,250,314.9,1,1,311.15,Yes,Yes,FI-FI
SHP900000274,DLV800000274,2025-01-27,CAR04,IT,FCA,Road,2900,1081.3,3,4,0.0,No,Yes,FI-IT
SHP900000275,DLV800000275,2025-01-10,CAR02,DK,FCA,Road,1000,5894.8,9,3,0.0,No,No,FI-DK
SHP900000276,DLV800000276,2026-02-06,CAR01,FR,CPT,Road,2400,2030.0,3,5,1581.17,Yes,No,FI-FR
SHP900000277,DLV800000277,2026-03-14,CAR01,US,CIP,Road,7200,3985.8,8,16,4356.84,Yes,No,FI-US
SHP900000278,DLV800000278,2025-07-12,CAR07,ES,FCA,Sea,3500,646.6,1,18,0.0,No,No,FI-ES
SHP900000279,DLV800000279,2025-05-18,CAR04,DE,DAP,Road,1650,3617.4,7,9,1695.73,Yes,No,FI-DE
SHP900000280,DLV800000280,2025-04-06,CAR08,FI,DAP,Sea,250,619.9,1,8,234.91,Yes,No,FI-FI
SHP900000281,DLV800000281,2025-12-11,CAR04,DE,FCA,Road,1650,4677.0,10,3,0.0,No,Yes,FI-DE
SHP900000282,DLV800000282,2025-07-26,CAR04,DK,FCA,Road,1000,5942.9,11,2,0.0,No,Yes,FI-DK
SHP900000283,DLV800000283,2025-09-28,CAR01,PL,CPT,Road,1450,2335.9,5,3,1264.15,Yes,No,FI-PL
SHP900000284,DLV800000284,2025-12-08,CAR05,CN,DAP,Air,7700,2769.4,4,4,22319.04,Yes,Yes,FI-CN
SHP900000285,DLV800000285,2025-03-03,CAR07,IT,DDP,Sea,2900,2608.5,5,9,1539.53,Yes,Yes,FI-IT
SHP900000286,DLV800000286,2025-11-05,CAR06,ES,DDP,Air,3500,2282.0,3,2,10972.18,Yes,Yes,FI-ES
SHP900000287,DLV800000287,2025-07-05,CAR05,PL,DAP,Air,1450,1700.0,3,1,5329.24,Yes,Yes,FI-PL
SHP900000288,DLV800000288,2025-05-03,CAR05,SE,EXW,Air,650,5554.7,14,1,0.0,No,Yes,FI-SE
SHP900000289,DLV800000289,2025-11-18,CAR02,PL,CPT,Road,1450,5399.1,13,2,1857.13,Yes,Yes,FI-PL
SHP900000290,DLV800000290,2025-05-01,CAR01,US,EXW,Road,7200,2597.5,5,17,0.0,No,No,FI-US
SHP900000291,DLV800000291,2025-07-31,CAR05,SE,FCA,Air,650,5588.6,13,1,0.0,No,Yes,FI-SE
SHP900000292,DLV800000292,2026-05-23,CAR08,US,EXW,Sea,7200,4849.8,10,24,0.0,No,Yes,FI-US
SHP900000293,DLV800000293,2026-03-28,CAR03,NL,FCA,Road,1850,1389.0,4,4,0.0,No,No,FI-NL
SHP900000294,DLV800000294,2025-02-14,CAR01,DE,CIP,Road,1650,3648.4,5,4,1264.16,Yes,No,FI-DE
SHP900000295,DLV800000295,2025-06-30,CAR08,NO,DAP,Sea,900,865.8,2,5,446.44,Yes,Yes,FI-NO
SHP900000296,DLV800000296,2025-08-07,CAR02,ES,DAP,Road,3500,1413.3,3,5,2364.86,Yes,Yes,FI-ES
SHP900000297,DLV800000297,2026-02-03,CAR03,NL,CPT,Road,1850,4429.2,9,3,1562.43,Yes,Yes,FI-NL
SHP900000298,DLV800000298,2025-12-25,CAR06,NO,DDP,Air,900,1611.1,3,1,4229.56,Yes,Yes,FI-NO
SHP900000299,DLV800000299,2026-01-04,CAR03,ES,EXW,Road,3500,3004.9,6,5,0.0,No,Yes,FI-ES
SHP900000300,DLV800000300,2025-02-15,CAR08,FI,FCA,Sea,250,5521.7,14,6,0.0,No,No,FI-FI
SHP900000301,DLV800000301,2025-07-20,CAR03,IT,DAP,Road,2900,2498.9,4,4,2293.46,Yes,Yes,FI-IT
SHP900000302,DLV800000302,2025-07-06,CAR04,IT,DAP,Road,2900,6463.6,10,12,2582.65,Yes,No,FI-IT
SHP900000303,DLV800000303,2025-11-25,CAR07,DE,CPT,Sea,1650,6877.8,17,7,1091.72,Yes,Yes,FI-DE
SHP900000304,DLV800000304,2025-10-24,CAR01,CN,DAP,Road,7700,3975.5,7,18,5231.92,Yes,No,FI-CN
SHP900000305,DLV800000305,2025-12-25,CAR03,US,CPT,Road,7200,2620.0,7,11,4334.48,Yes,Yes,FI-US
SHP900000306,DLV800000306,2025-09-07,CAR08,US,DDP,Sea,7200,1952.2,3,26,2389.83,Yes,No,FI-US
SHP900000307,DLV800000307,2025-11-08,CAR06,US,CPT,Air,7200,5430.1,13,4,23025.11,Yes,Yes,FI-US
SHP900000308,DLV800000308,2025-08-18,CAR05,IT,CIP,Air,2900,5121.6,8,2,9075.92,Yes,No,FI-IT
SHP900000309,DLV800000309,2025-06-27,CAR05,NL,CIP,Air,1850,2415.3,5,2,5497.57,Yes,No,FI-NL
SHP900000310,DLV800000310,2026-01-15,CAR02,US,DAP,Road,7200,449.6,1,17,4687.58,Yes,No,FI-US
SHP900000311,DLV800000311,2025-06-11,CAR05,FI,EXW,Air,250,1073.2,3,2,0.0,No,No,FI-FI
SHP900000312,DLV800000312,2026-03-12,CAR04,DK,CIP,Road,1000,547.1,1,3,855.28,Yes,No,FI-DK
SHP900000313,DLV800000313,2025-07-07,CAR02,DK,CIP,Road,1000,4877.3,7,3,1301.93,Yes,No,FI-DK
SHP900000314,DLV800000314,2025-07-27,CAR07,FR,CPT,Sea,2400,5396.6,12,14,1242.86,Yes,No,FI-FR
SHP900000315,DLV800000315,2025-05-06,CAR06,IT,FCA,Air,2900,3419.4,7,1,0.0,No,Yes,FI-IT
SHP900000316,DLV800000316,2025-10-14,CAR08,DE,DAP,Sea,1650,2787.6,6,7,958.69,Yes,Yes,FI-DE
SHP900000317,DLV800000317,2026-03-30,CAR08,PL,CPT,Sea,1450,6237.0,12,5,1295.87,Yes,Yes,FI-PL
SHP900000318,DLV800000318,2026-02-19,CAR06,DE,EXW,Air,1650,2721.3,6,1,0.0,No,Yes,FI-DE
SHP900000319,DLV800000319,2026-03-27,CAR03,PL,DDP,Road,1450,2268.0,6,2,1165.67,Yes,Yes,FI-PL
SHP900000320,DLV800000320,2025-12-24,CAR01,FR,FCA,Road,2400,2119.0,3,4,0.0,No,Yes,FI-FR
SHP900000321,DLV800000321,2025-12-05,CAR05,NL,DDP,Air,1850,6807.5,11,1,10167.94,Yes,Yes,FI-NL
SHP900000322,DLV800000322,2025-09-20,CAR04,DE,CPT,Road,1650,4135.9,7,3,1424.55,Yes,Yes,FI-DE
SHP900000323,DLV800000323,2026-04-04,CAR05,CN,CPT,Air,7700,5862.3,10,4,20713.73,Yes,Yes,FI-CN
SHP900000324,DLV800000324,2026-05-24,CAR01,DK,CPT,Road,1000,4508.5,7,3,1276.32,Yes,No,FI-DK
SHP900000325,DLV800000325,2025-04-16,CAR02,DE,FCA,Road,1650,5338.9,10,11,0.0,No,No,FI-DE
SHP900000326,DLV800000326,2026-02-24,CAR06,DE,FCA,Air,1650,1968.6,4,1,0.0,No,Yes,FI-DE
SHP900000327,DLV800000327,2025-05-27,CAR07,DE,DDP,Sea,1650,773.3,1,7,670.97,Yes,Yes,FI-DE
SHP900000328,DLV800000328,2025-12-26,CAR06,FR,DAP,Air,2400,4752.5,9,2,7696.73,Yes,No,FI-FR
SHP900000329,DLV800000329,2025-08-11,CAR02,PL,DDP,Road,1450,2311.0,5,2,1050.99,Yes,Yes,FI-PL
SHP900000330,DLV800000330,2025-07-26,CAR06,DK,EXW,Air,1000,976.1,2,1,0.0,No,Yes,FI-DK
SHP900000331,DLV800000331,2025-07-04,CAR05,DK,CPT,Air,1000,5008.0,10,1,6345.63,Yes,Yes,FI-DK
SHP900000332,DLV800000332,2025-01-28,CAR07,US,DDP,Sea,7200,5280.2,8,24,2768.34,Yes,Yes,FI-US
SHP900000333,DLV800000333,2026-05-10,CAR02,US,DAP,Road,7200,1478.6,3,11,3850.03,Yes,Yes,FI-US
SHP900000334,DLV800000334,2025-06-15,CAR06,IT,DDP,Air,2900,5268.7,9,1,11765.28,Yes,Yes,FI-IT
SHP900000335,DLV800000335,2026-06-15,CAR04,NO,FCA,Road,900,2826.9,4,1,0.0,No,Yes,FI-NO
SHP900000336,DLV800000336,2025-08-23,CAR04,DK,DAP,Road,1000,4855.0,8,2,1252.25,Yes,Yes,FI-DK
SHP900000337,DLV800000337,2025-01-07,CAR06,FR,DDP,Air,2400,1766.4,3,1,6770.36,Yes,Yes,FI-FR
SHP900000338,DLV800000338,2025-03-20,CAR06,US,CPT,Air,7200,1917.8,3,4,21865.47,Yes,Yes,FI-US
SHP900000339,DLV800000339,2026-04-14,CAR03,FI,CPT,Road,250,4643.6,12,2,707.38,Yes,No,FI-FI
SHP900000340,DLV800000340,2026-02-25,CAR01,NL,CPT,Road,1850,4463.4,9,4,1905.16,Yes,No,FI-NL
SHP900000341,DLV800000341,2025-07-04,CAR02,PL,CIP,Road,1450,1104.0,2,2,1123.61,Yes,Yes,FI-PL
SHP900000342,DLV800000342,2025-11-16,CAR02,NL,FCA,Road,1850,4996.9,7,3,0.0,No,Yes,FI-NL
SHP900000343,DLV800000343,2026-05-11,CAR03,CN,DDP,Road,7700,725.1,2,13,5298.27,Yes,No,FI-CN
SHP900000344,DLV800000344,2025-02-10,CAR08,SE,DDP,Sea,650,6044.8,12,6,854.39,Yes,No,FI-SE
SHP900000345,DLV800000345,2025-12-26,CAR04,US,DAP,Road,7200,5154.5,8,11,4173.65,Yes,Yes,FI-US
SHP900000346,DLV800000346,2026-05-16,CAR03,SE,EXW,Road,650,179.6,1,1,0.0,No,Yes,FI-SE
SHP900000347,DLV800000347,2025-06-26,CAR03,NO,EXW,Road,900,6364.1,10,1,0.0,No,Yes,FI-NO
SHP900000348,DLV800000348,2025-10-21,CAR04,FI,FCA,Road,250,3574.8,6,1,0.0,No,Yes,FI-FI
SHP900000349,DLV800000349,2025-01-20,CAR01,NL,CPT,Road,1850,4800.0,13,3,1915.92,Yes,Yes,FI-NL
SHP900000350,DLV800000350,2026-03-31,CAR04,NL,DAP,Road,1850,1144.9,2,3,1414.33,Yes,Yes,FI-NL
SHP900000351,DLV800000351,2026-04-05,CAR04,PL,CPT,Road,1450,152.2,1,2,926.2,Yes,Yes,FI-PL
SHP900000352,DLV800000352,2025-05-17,CAR02,IT,FCA,Road,2900,2278.4,3,4,0.0,No,Yes,FI-IT
SHP900000353,DLV800000353,2025-11-19,CAR04,PL,EXW,Road,1450,5049.8,13,3,0.0,No,No,FI-PL
SHP900000354,DLV800000354,2025-10-29,CAR03,PL,DAP,Road,1450,3615.2,6,3,1409.33,Yes,No,FI-PL
SHP900000355,DLV800000355,2025-04-18,CAR04,SE,FCA,Road,650,4939.5,12,1,0.0,No,Yes,FI-SE
SHP900000356,DLV800000356,2025-06-04,CAR02,US,CPT,Road,7200,4649.3,7,14,5096.75,Yes,No,FI-US
SHP900000357,DLV800000357,2026-02-27,CAR03,IT,DAP,Road,2900,794.9,2,5,1891.3,Yes,No,FI-IT
SHP900000358,DLV800000358,2025-11-07,CAR07,FI,FCA,Sea,250,6498.6,10,5,0.0,No,Yes,FI-FI
SHP900000359,DLV800000359,2026-05-05,CAR08,FR,CIP,Sea,2400,5250.1,8,15,1199.61,Yes,No,FI-FR
SHP900000360,DLV800000360,2025-07-03,CAR03,PL,FCA,Road,1450,149.2,1,3,0.0,No,No,FI-PL
SHP900000361,DLV800000361,2025-09-12,CAR05,FI,EXW,Air,250,5414.2,9,1,0.0,No,Yes,FI-FI
SHP900000362,DLV800000362,2026-04-01,CAR02,SE,CPT,Road,650,4040.3,8,2,1037.49,Yes,No,FI-SE
SHP900000363,DLV800000363,2025-01-20,CAR04,IT,FCA,Road,2900,5223.5,9,5,0.0,No,No,FI-IT
SHP900000364,DLV800000364,2025-07-19,CAR01,FI,FCA,Road,250,56.8,1,1,0.0,No,Yes,FI-FI
SHP900000365,DLV800000365,2025-08-24,CAR03,NL,CPT,Road,1850,5901.9,10,3,1995.22,Yes,Yes,FI-NL
SHP900000366,DLV800000366,2026-02-07,CAR01,ES,EXW,Road,3500,6008.8,15,5,0.0,No,Yes,FI-ES
SHP900000367,DLV800000367,2026-05-24,CAR04,IT,DAP,Road,2900,610.6,1,4,1591.41,Yes,Yes,FI-IT
SHP900000368,DLV800000368,2026-04-10,CAR07,US,CPT,Sea,7200,4656.9,7,24,2775.21,Yes,Yes,FI-US
SHP900000369,DLV800000369,2026-06-03,CAR03,DK,EXW,Road,1000,3712.6,8,2,0.0,No,Yes,FI-DK
SHP900000370,DLV800000370,2026-05-05,CAR01,CN,CIP,Road,7700,5783.9,14,12,5413.52,Yes,Yes,FI-CN
SHP900000371,DLV800000371,2025-09-28,CAR02,IT,DAP,Road,2900,3240.7,6,4,1869.79,Yes,Yes,FI-IT
SHP900000372,DLV800000372,2025-09-05,CAR07,ES,CIP,Sea,3500,146.0,1,11,1482.96,Yes,Yes,FI-ES
SHP900000373,DLV800000373,2026-02-08,CAR07,CN,CIP,Sea,7700,994.4,2,26,2785.63,Yes,Yes,FI-CN
SHP900000374,DLV800000374,2025-08-12,CAR03,IT,CPT,Road,2900,5175.1,8,5,2459.27,Yes,No,FI-IT
SHP900000375,DLV800000375,2026-04-30,CAR01,ES,CPT,Road,3500,5358.4,10,6,2657.7,Yes,No,FI-ES
SHP900000376,DLV800000376,2026-04-11,CAR01,FI,CPT,Road,250,5958.7,13,2,920.54,Yes,No,FI-FI
SHP900000377,DLV800000377,2026-05-29,CAR04,IT,DAP,Road,2900,6607.8,14,5,2481.69,Yes,No,FI-IT
SHP900000378,DLV800000378,2025-10-22,CAR02,ES,DDP,Road,3500,1191.7,2,5,2477.2,Yes,Yes,FI-ES
SHP900000379,DLV800000379,2025-05-01,CAR06,FI,DDP,Air,250,4224.8,11,1,3935.36,Yes,Yes,FI-FI
SHP900000380,DLV800000380,2025-09-13,CAR05,NO,CPT,Air,900,3902.1,6,1,5516.01,Yes,Yes,FI-NO
SHP900000381,DLV800000381,2025-08-26,CAR08,NL,CPT,Sea,1850,3886.7,8,8,1201.97,Yes,No,FI-NL
SHP900000382,DLV800000382,2026-03-31,CAR03,FI,DAP,Road,250,5049.8,8,1,855.84,Yes,Yes,FI-FI
SHP900000383,DLV800000383,2025-01-15,CAR06,ES,CIP,Air,3500,5783.5,8,2,13345.39,Yes,Yes,FI-ES
SHP900000384,DLV800000384,2025-02-18,CAR07,DE,CPT,Sea,1650,2918.7,5,7,772.15,Yes,Yes,FI-DE
SHP900000385,DLV800000385,2025-05-05,CAR04,SE,FCA,Road,650,4222.1,6,1,0.0,No,Yes,FI-SE
SHP900000386,DLV800000386,2025-12-14,CAR08,PL,CPT,Sea,1450,1018.1,2,6,602.05,Yes,No,FI-PL
SHP900000387,DLV800000387,2025-05-18,CAR07,NL,DAP,Sea,1850,4274.6,9,10,992.77,Yes,No,FI-NL
SHP900000388,DLV800000388,2025-01-28,CAR05,US,CIP,Air,7200,5504.7,11,5,19796.45,Yes,No,FI-US
SHP900000389,DLV800000389,2025-08-21,CAR06,PL,FCA,Air,1450,2351.1,5,1,0.0,No,Yes,FI-PL
SHP900000390,DLV800000390,2025-02-26,CAR03,SE,CIP,Road,650,6507.2,10,2,1173.92,Yes,No,FI-SE
SHP900000391,DLV800000391,2026-04-16,CAR03,US,DAP,Road,7200,4333.9,8,11,5056.98,Yes,Yes,FI-US
SHP900000392,DLV800000392,2025-11-07,CAR06,NL,FCA,Air,1850,2860.4,4,1,0.0,No,Yes,FI-NL
SHP900000393,DLV800000393,2025-03-24,CAR08,NL,CPT,Sea,1850,2562.0,5,7,883.25,Yes,Yes,FI-NL
SHP900000394,DLV800000394,2025-08-21,CAR05,FR,CPT,Air,2400,5130.6,8,1,8820.64,Yes,Yes,FI-FR
SHP900000395,DLV800000395,2025-10-30,CAR02,FR,CPT,Road,2400,285.4,1,4,1516.55,Yes,Yes,FI-FR
SHP900000396,DLV800000396,2025-08-07,CAR04,FI,EXW,Road,250,3662.5,7,1,0.0,No,Yes,FI-FI
SHP900000397,DLV800000397,2026-06-06,CAR07,NO,DAP,Sea,900,3342.3,9,5,752.6,Yes,Yes,FI-NO
SHP900000398,DLV800000398,2025-03-03,CAR03,PL,CPT,Road,1450,1512.6,3,3,1021.26,Yes,No,FI-PL
SHP900000399,DLV800000399,2025-04-17,CAR01,IT,FCA,Road,2900,3491.1,6,5,0.0,No,No,FI-IT
SHP900000400,DLV800000400,2026-02-07,CAR07,FR,DDP,Sea,2400,4126.0,7,14,1460.38,Yes,No,FI-FR
SHP900000401,DLV800000401,2025-12-15,CAR07,US,CPT,Sea,7200,3892.1,8,24,3109.58,Yes,Yes,FI-US
SHP900000402,DLV800000402,2025-12-13,CAR04,IT,DAP,Road,2900,2054.9,5,4,2113.99,Yes,Yes,FI-IT
SHP900000403,DLV800000403,2026-06-06,CAR05,PL,DAP,Air,1450,6378.5,13,2,8491.73,Yes,No,FI-PL
SHP900000404,DLV800000404,2025-12-18,CAR06,FR,CIP,Air,2400,5224.0,10,1,9659.83,Yes,Yes,FI-FR
SHP900000405,DLV800000405,2025-10-29,CAR02,US,DDP,Road,7200,5261.8,10,12,5515.03,Yes,No,FI-US
SHP900000406,DLV800000406,2025-09-28,CAR06,DE,DAP,Air,1650,608.5,1,1,5315.69,Yes,Yes,FI-DE
SHP900000407,DLV800000407,2025-04-26,CAR06,DK,CIP,Air,1000,4047.8,6,2,4461.94,Yes,No,FI-DK
SHP900000408,DLV800000408,2026-03-28,CAR03,ES,DAP,Road,3500,6474.5,12,5,2616.94,Yes,Yes,FI-ES
SHP900000409,DLV800000409,2025-11-12,CAR02,NL,CIP,Road,1850,2249.4,6,3,1390.68,Yes,Yes,FI-NL
SHP900000410,DLV800000410,2025-08-30,CAR02,CN,FCA,Road,7700,2172.4,4,12,0.0,No,Yes,FI-CN
SHP900000411,DLV800000411,2026-03-12,CAR06,NL,FCA,Air,1850,5028.7,14,1,0.0,No,Yes,FI-NL
SHP900000412,DLV800000412,2025-11-01,CAR01,NL,DAP,Road,1850,5571.7,10,3,1665.18,Yes,Yes,FI-NL
SHP900000413,DLV800000413,2025-03-20,CAR03,PL,DDP,Road,1450,5595.4,15,3,1354.56,Yes,No,FI-PL
SHP900000414,DLV800000414,2026-03-16,CAR06,NL,DDP,Air,1850,2360.2,5,1,6274.67,Yes,Yes,FI-NL
SHP900000415,DLV800000415,2025-12-29,CAR08,ES,CIP,Sea,3500,6696.9,12,11,2001.6,Yes,Yes,FI-ES
SHP900000416,DLV800000416,2025-07-02,CAR04,IT,CPT,Road,2900,2666.1,8,4,2380.75,Yes,Yes,FI-IT
SHP900000417,DLV800000417,2026-01-19,CAR03,DE,CPT,Road,1650,3248.9,5,4,1519.58,Yes,No,FI-DE
SHP900000418,DLV800000418,2025-10-30,CAR06,DK,CPT,Air,1000,4694.9,9,1,4980.67,Yes,Yes,FI-DK
SHP900000419,DLV800000419,2026-05-10,CAR01,DK,FCA,Road,1000,1836.4,4,2,0.0,No,Yes,FI-DK
SHP900000420,DLV800000420,2025-08-04,CAR04,SE,CPT,Road,650,5300.5,8,1,1281.81,Yes,Yes,FI-SE
SHP900000421,DLV800000421,2025-06-22,CAR01,US,DAP,Road,7200,6102.0,10,11,4680.92,Yes,Yes,FI-US
SHP900000422,DLV800000422,2025-11-28,CAR04,CN,DDP,Road,7700,1883.2,4,13,4922.87,Yes,No,FI-CN
SHP900000423,DLV800000423,2026-01-25,CAR02,PL,DAP,Road,1450,3542.0,7,2,1171.7,Yes,Yes,FI-PL
SHP900000424,DLV800000424,2026-03-27,CAR04,FR,CPT,Road,2400,3163.1,5,8,1606.69,Yes,No,FI-FR
SHP900000425,DLV800000425,2025-04-23,CAR01,CN,DAP,Road,7700,958.7,2,13,4060.59,Yes,No,FI-CN
SHP900000426,DLV800000426,2025-06-22,CAR05,FI,EXW,Air,250,81.0,1,1,0.0,No,Yes,FI-FI
SHP900000427,DLV800000427,2026-05-17,CAR01,SE,EXW,Road,650,2617.5,4,1,0.0,No,Yes,FI-SE
SHP900000428,DLV800000428,2026-05-05,CAR02,IT,EXW,Road,2900,226.3,1,4,0.0,No,Yes,FI-IT
SHP900000429,DLV800000429,2026-02-01,CAR08,IT,FCA,Sea,2900,6943.2,11,16,0.0,No,No,FI-IT
SHP900000430,DLV800000430,2025-09-27,CAR03,NO,FCA,Road,900,277.1,1,1,0.0,No,Yes,FI-NO
SHP900000431,DLV800000431,2026-01-24,CAR07,IT,EXW,Sea,2900,4580.0,12,9,0.0,No,Yes,FI-IT
SHP900000432,DLV800000432,2025-12-08,CAR01,NO,EXW,Road,900,2882.6,5,2,0.0,No,No,FI-NO
SHP900000433,DLV800000433,2026-04-28,CAR01,FI,FCA,Road,250,6688.5,12,1,0.0,No,Yes,FI-FI
SHP900000434,DLV800000434,2025-08-05,CAR01,FI,CIP,Road,250,681.9,2,1,384.98,Yes,Yes,FI-FI
SHP900000435,DLV800000435,2026-04-28,CAR01,ES,DAP,Road,3500,2234.0,3,6,2592.31,Yes,No,FI-ES
SHP900000436,DLV800000436,2026-05-22,CAR07,CN,DDP,Sea,7700,2165.6,4,26,3582.02,Yes,Yes,FI-CN
SHP900000437,DLV800000437,2025-10-26,CAR04,NO,CIP,Road,900,2416.0,6,1,955.32,Yes,Yes,FI-NO
SHP900000438,DLV800000438,2025-01-13,CAR03,SE,DDP,Road,650,187.5,1,2,498.62,Yes,No,FI-SE
SHP900000439,DLV800000439,2025-08-17,CAR06,US,CPT,Air,7200,5049.8,14,4,25087.84,Yes,Yes,FI-US
SHP900000440,DLV800000440,2025-12-29,CAR05,NO,DAP,Air,900,4681.9,10,1,6225.39,Yes,Yes,FI-NO
SHP900000441,DLV800000441,2026-03-12,CAR02,ES,FCA,Road,3500,1809.4,3,5,0.0,No,Yes,FI-ES
SHP900000442,DLV800000442,2026-04-16,CAR07,IT,FCA,Sea,2900,1834.0,3,10,0.0,No,No,FI-IT
SHP900000443,DLV800000443,2025-03-27,CAR08,DK,DAP,Sea,1000,940.5,2,5,440.3,Yes,Yes,FI-DK
SHP900000444,DLV800000444,2025-05-09,CAR04,PL,CPT,Road,1450,1914.8,3,2,990.87,Yes,Yes,FI-PL
SHP900000445,DLV800000445,2026-02-22,CAR02,NO,FCA,Road,900,489.4,1,1,0.0,No,Yes,FI-NO
SHP900000446,DLV800000446,2025-05-31,CAR08,CN,DAP,Sea,7700,43.8,1,26,2953.17,Yes,Yes,FI-CN
SHP900000447,DLV800000447,2026-02-13,CAR04,PL,DAP,Road,1450,5383.8,10,2,1378.26,Yes,Yes,FI-PL
SHP900000448,DLV800000448,2025-01-02,CAR02,DE,CPT,Road,1650,1091.3,3,3,1262.63,Yes,Yes,FI-DE
SHP900000449,DLV800000449,2026-04-11,CAR08,DK,CIP,Sea,1000,3817.0,6,5,644.34,Yes,Yes,FI-DK
SHP900000450,DLV800000450,2025-09-18,CAR07,IT,CPT,Sea,2900,3619.9,6,9,1309.31,Yes,Yes,FI-IT
SHP900000451,DLV800000451,2025-09-04,CAR02,SE,CIP,Road,650,4645.2,9,1,1013.48,Yes,Yes,FI-SE
SHP900000452,DLV800000452,2025-11-11,CAR06,DE,CPT,Air,1650,113.9,1,5,4513.68,Yes,No,FI-DE
SHP900000453,DLV800000453,2025-01-27,CAR05,DK,FCA,Air,1000,6046.7,12,1,0.0,No,Yes,FI-DK
SHP900000454,DLV800000454,2025-05-19,CAR01,NO,EXW,Road,900,4830.4,12,1,0.0,No,Yes,FI-NO
SHP900000455,DLV800000455,2025-10-22,CAR04,NO,CPT,Road,900,3493.3,6,2,1206.59,Yes,No,FI-NO
SHP900000456,DLV800000456,2026-01-01,CAR04,FR,DAP,Road,2400,88.7,1,4,1547.71,Yes,Yes,FI-FR
SHP900000457,DLV800000457,2025-12-05,CAR03,IT,CIP,Road,2900,6822.6,14,5,2169.53,Yes,No,FI-IT
SHP900000458,DLV800000458,2025-02-01,CAR07,US,FCA,Sea,7200,404.9,1,24,0.0,No,Yes,FI-US
SHP900000459,DLV800000459,2025-01-30,CAR03,DK,CPT,Road,1000,5153.0,8,2,1287.75,Yes,Yes,FI-DK
SHP900000460,DLV800000460,2025-09-23,CAR02,NL,FCA,Road,1850,1594.0,3,3,0.0,No,Yes,FI-NL
SHP900000461,DLV800000461,2025-02-14,CAR05,CN,CPT,Air,7700,2119.9,3,4,17813.52,Yes,Yes,FI-CN
SHP900000462,DLV800000462,2025-01-05,CAR02,ES,CPT,Road,3500,1667.1,3,5,2239.78,Yes,Yes,FI-ES
SHP900000463,DLV800000463,2025-06-14,CAR07,FR,CPT,Sea,2400,3187.9,9,9,1169.49,Yes,Yes,FI-FR
SHP900000464,DLV800000464,2026-02-12,CAR07,PL,DDP,Sea,1450,6190.6,13,10,1123.51,Yes,No,FI-PL
SHP900000465,DLV800000465,2025-10-24,CAR05,IT,DAP,Air,2900,1477.6,4,1,8468.34,Yes,Yes,FI-IT
SHP900000466,DLV800000466,2026-05-07,CAR05,SE,CPT,Air,650,2174.0,5,4,3311.9,Yes,No,FI-SE
SHP900000467,DLV800000467,2025-04-22,CAR07,CN,DAP,Sea,7700,1170.5,3,27,3287.24,Yes,No,FI-CN
SHP900000468,DLV800000468,2025-10-08,CAR07,FI,CPT,Sea,250,3466.6,8,5,456.44,Yes,Yes,FI-FI
SHP900000469,DLV800000469,2024-12-30,CAR03,IT,CPT,Road,2900,3518.1,5,4,2419.71,Yes,Yes,FI-IT
SHP900000470,DLV800000470,2025-10-06,CAR02,CN,DAP,Road,7700,2450.8,6,12,4115.68,Yes,Yes,FI-CN
SHP900000471,DLV800000471,2026-01-12,CAR03,FI,EXW,Road,250,6046.4,15,1,0.0,No,Yes,FI-FI
SHP900000472,DLV800000472,2026-03-10,CAR01,PL,CPT,Road,1450,4503.8,9,2,1266.24,Yes,Yes,FI-PL
SHP900000473,DLV800000473,2025-07-25,CAR04,FI,EXW,Road,250,6570.4,16,1,0.0,No,Yes,FI-FI
SHP900000474,DLV800000474,2026-05-23,CAR02,FR,FCA,Road,2400,761.6,1,5,0.0,No,No,FI-FR
SHP900000475,DLV800000475,2025-12-25,CAR03,PL,DAP,Road,1450,2015.7,3,3,1174.84,Yes,No,FI-PL
SHP900000476,DLV800000476,2025-01-09,CAR06,IT,DAP,Air,2900,4952.0,14,2,12188.48,Yes,No,FI-IT
SHP900000477,DLV800000477,2024-12-31,CAR08,IT,CPT,Sea,2900,3291.6,5,10,1216.55,Yes,No,FI-IT
SHP900000478,DLV800000478,2026-04-25,CAR02,FI,CIP,Road,250,4447.2,9,1,805.72,Yes,Yes,FI-FI
SHP900000479,DLV800000479,2025-08-20,CAR04,SE,CPT,Road,650,1299.0,3,2,541.68,Yes,No,FI-SE
SHP900000480,DLV800000480,2026-04-17,CAR06,CN,DDP,Air,7700,1383.3,2,4,18811.54,Yes,Yes,FI-CN
SHP900000481,DLV800000481,2025-05-01,CAR03,PL,FCA,Road,1450,2486.3,5,3,0.0,No,No,FI-PL
SHP900000482,DLV800000482,2026-03-27,CAR08,PL,EXW,Sea,1450,4888.0,7,5,0.0,No,Yes,FI-PL
SHP900000483,DLV800000483,2025-04-25,CAR02,NO,FCA,Road,900,1546.6,3,1,0.0,No,Yes,FI-NO
SHP900000484,DLV800000484,2025-06-07,CAR05,US,DDP,Air,7200,984.6,2,4,17994.18,Yes,Yes,FI-US
SHP900000485,DLV800000485,2025-11-04,CAR04,SE,EXW,Road,650,1057.1,2,1,0.0,No,Yes,FI-SE
SHP900000486,DLV800000486,2026-01-04,CAR07,SE,CPT,Sea,650,4684.2,7,10,778.37,Yes,No,FI-SE
SHP900000487,DLV800000487,2025-04-05,CAR05,DK,CPT,Air,1000,5387.9,13,1,6084.12,Yes,Yes,FI-DK
SHP900000488,DLV800000488,2025-05-03,CAR07,ES,DAP,Sea,3500,983.6,2,11,1640.83,Yes,Yes,FI-ES
SHP900000489,DLV800000489,2025-05-16,CAR06,FR,DAP,Air,2400,1108.7,2,2,7601.26,Yes,No,FI-FR
SHP900000490,DLV800000490,2026-01-27,CAR08,US,CPT,Sea,7200,5408.8,11,24,3110.47,Yes,Yes,FI-US
SHP900000491,DLV800000491,2026-03-28,CAR01,NO,FCA,Road,900,2550.7,4,1,0.0,No,Yes,FI-NO
SHP900000492,DLV800000492,2025-08-20,CAR08,US,DAP,Sea,7200,6851.5,13,24,3574.24,Yes,Yes,FI-US
SHP900000493,DLV800000493,2025-10-31,CAR05,FR,DAP,Air,2400,3951.5,8,2,9644.9,Yes,No,FI-FR
SHP900000494,DLV800000494,2026-04-05,CAR07,PL,DDP,Sea,1450,978.7,2,5,781.91,Yes,Yes,FI-PL
SHP900000495,DLV800000495,2025-03-09,CAR04,US,FCA,Road,7200,2940.5,7,15,0.0,No,No,FI-US
SHP900000496,DLV800000496,2026-03-13,CAR03,ES,FCA,Road,3500,5587.4,11,5,0.0,No,Yes,FI-ES
SHP900000497,DLV800000497,2025-08-26,CAR07,IT,CIP,Sea,2900,2447.6,7,9,1349.65,Yes,Yes,FI-IT
SHP900000498,DLV800000498,2026-03-04,CAR03,ES,CPT,Road,3500,5442.3,12,11,2937.22,Yes,No,FI-ES
SHP900000499,DLV800000499,2025-02-25,CAR06,CN,CIP,Air,7700,1136.7,2,5,21329.89,Yes,No,FI-CN
SHP900000500,DLV800000500,2025-09-21,CAR04,FI,DAP,Road,250,3204.4,8,2,559.12,Yes,No,FI-FI
SHP900000501,DLV800000501,2025-05-27,CAR03,NO,DAP,Road,900,2998.7,8,1,996.42,Yes,Yes,FI-NO
SHP900000502,DLV800000502,2025-10-27,CAR03,PL,EXW,Road,1450,2846.9,5,2,0.0,No,Yes,FI-PL
SHP900000503,DLV800000503,2025-04-13,CAR06,FI,EXW,Air,250,1334.6,2,2,0.0,No,No,FI-FI
SHP900000504,DLV800000504,2025-01-14,CAR07,CN,DDP,Sea,7700,5806.9,16,31,3419.07,Yes,No,FI-CN
SHP900000505,DLV800000505,2025-01-18,CAR08,SE,CPT,Sea,650,6220.6,11,5,938.37,Yes,Yes,FI-SE
SHP900000506,DLV800000506,2026-02-24,CAR04,DE,FCA,Road,1650,6045.3,12,3,0.0,No,Yes,FI-DE
SHP900000507,DLV800000507,2026-03-18,CAR05,ES,DAP,Air,3500,5197.8,8,2,11574.38,Yes,Yes,FI-ES
SHP900000508,DLV800000508,2025-11-28,CAR03,FI,DAP,Road,250,1131.3,2,1,359.07,Yes,Yes,FI-FI
SHP900000509,DLV800000509,2025-04-27,CAR03,SE,DAP,Road,650,444.7,1,1,584.74,Yes,Yes,FI-SE
SHP900000510,DLV800000510,2025-06-21,CAR07,FR,CIP,Sea,2400,1875.5,3,14,1142.07,Yes,No,FI-FR
SHP900000511,DLV800000511,2026-05-28,CAR08,FI,CIP,Sea,250,5930.0,17,5,545.26,Yes,Yes,FI-FI
SHP900000512,DLV800000512,2025-06-20,CAR02,FI,CPT,Road,250,6178.4,14,1,860.46,Yes,Yes,FI-FI
SHP900000513,DLV800000513,2025-06-25,CAR01,DE,CIP,Road,1650,1735.4,5,3,1116.98,Yes,Yes,FI-DE
SHP900000514,DLV800000514,2025-03-01,CAR06,NL,CPT,Air,1850,4790.2,13,1,8856.35,Yes,Yes,FI-NL
SHP900000515,DLV800000515,2025-07-28,CAR05,ES,CIP,Air,3500,2777.0,7,2,10695.28,Yes,Yes,FI-ES
SHP900000516,DLV800000516,2025-08-24,CAR01,FI,FCA,Road,250,431.0,1,1,0.0,No,Yes,FI-FI
SHP900000517,DLV800000517,2025-05-17,CAR07,ES,CPT,Sea,3500,3234.7,6,11,1498.13,Yes,Yes,FI-ES
SHP900000518,DLV800000518,2025-10-01,CAR01,SE,FCA,Road,650,4114.1,10,2,0.0,No,No,FI-SE
SHP900000519,DLV800000519,2025-04-09,CAR02,FR,DAP,Road,2400,3330.0,8,5,2112.9,Yes,No,FI-FR
SHP900000520,DLV800000520,2025-04-14,CAR07,US,CPT,Sea,7200,214.4,1,25,2416.31,Yes,No,FI-US
SHP900000521,DLV800000521,2025-05-18,CAR05,CN,CPT,Air,7700,2501.7,5,4,19792.42,Yes,Yes,FI-CN
SHP900000522,DLV800000522,2025-04-15,CAR03,CN,FCA,Road,7700,3243.1,8,12,0.0,No,Yes,FI-CN
SHP900000523,DLV800000523,2025-09-13,CAR03,FR,CPT,Road,2400,4409.1,8,4,2156.44,Yes,Yes,FI-FR
SHP900000524,DLV800000524,2025-01-05,CAR02,IT,CIP,Road,2900,5811.7,14,5,2226.99,Yes,No,FI-IT
SHP900000525,DLV800000525,2026-03-14,CAR03,DK,CPT,Road,1000,4668.6,7,2,1164.08,Yes,Yes,FI-DK
SHP900000526,DLV800000526,2025-12-29,CAR06,IT,CIP,Air,2900,970.8,2,1,7057.36,Yes,Yes,FI-IT
SHP900000527,DLV800000527,2025-05-04,CAR05,IT,CPT,Air,2900,6128.0,10,1,9681.96,Yes,Yes,FI-IT
SHP900000528,DLV800000528,2025-06-10,CAR07,ES,FCA,Sea,3500,2488.1,4,11,0.0,No,Yes,FI-ES
SHP900000529,DLV800000529,2025-10-31,CAR07,US,CPT,Sea,7200,4533.4,12,25,3549.67,Yes,No,FI-US
SHP900000530,DLV800000530,2025-03-28,CAR04,NO,DAP,Road,900,4596.2,9,1,1331.05,Yes,Yes,FI-NO
SHP900000531,DLV800000531,2026-02-12,CAR01,FR,FCA,Road,2400,1383.6,4,4,0.0,No,Yes,FI-FR
SHP900000532,DLV800000532,2025-08-21,CAR01,DE,EXW,Road,1650,3785.0,9,3,0.0,No,Yes,FI-DE
SHP900000533,DLV800000533,2025-04-05,CAR05,NO,DAP,Air,900,2956.5,8,5,4517.22,Yes,No,FI-NO
SHP900000534,DLV800000534,2025-11-21,CAR08,FR,CIP,Sea,2400,3333.8,7,9,1070.97,Yes,Yes,FI-FR
SHP900000535,DLV800000535,2025-12-28,CAR04,DE,DAP,Road,1650,2982.9,6,3,1384.01,Yes,Yes,FI-DE
SHP900000536,DLV800000536,2025-07-28,CAR04,NO,CPT,Road,900,1835.1,3,1,992.02,Yes,Yes,FI-NO
SHP900000537,DLV800000537,2025-04-08,CAR03,DE,DDP,Road,1650,1275.4,2,3,1373.17,Yes,Yes,FI-DE
SHP900000538,DLV800000538,2026-03-06,CAR06,IT,CPT,Air,2900,6823.5,11,1,13203.73,Yes,Yes,FI-IT
SHP900000539,DLV800000539,2025-12-14,CAR08,SE,FCA,Sea,650,4349.5,8,6,0.0,No,No,FI-SE
SHP900000540,DLV800000540,2025-02-10,CAR05,NO,CPT,Air,900,572.1,1,1,2850.8,Yes,Yes,FI-NO
SHP900000541,DLV800000541,2025-07-16,CAR07,NL,DAP,Sea,1850,2531.8,6,7,972.1,Yes,Yes,FI-NL
SHP900000542,DLV800000542,2025-05-17,CAR04,CN,CIP,Road,7700,3624.6,6,12,4517.77,Yes,Yes,FI-CN
SHP900000543,DLV800000543,2024-12-30,CAR01,US,DDP,Road,7200,6606.9,16,11,4808.43,Yes,Yes,FI-US
SHP900000544,DLV800000544,2025-01-16,CAR04,DE,CPT,Road,1650,3008.6,7,3,1591.61,Yes,Yes,FI-DE
SHP900000545,DLV800000545,2025-10-26,CAR07,US,DAP,Sea,7200,5102.4,13,24,3395.72,Yes,Yes,FI-US
SHP900000546,DLV800000546,2025-09-16,CAR06,US,DDP,Air,7200,2846.8,4,4,23189.58,Yes,Yes,FI-US
SHP900000547,DLV800000547,2025-03-26,CAR06,SE,CPT,Air,650,1193.6,2,1,2385.14,Yes,Yes,FI-SE
SHP900000548,DLV800000548,2026-04-06,CAR05,IT,CPT,Air,2900,261.9,1,1,7306.94,Yes,Yes,FI-IT
SHP900000549,DLV800000549,2026-03-07,CAR08,DK,FCA,Sea,1000,4671.1,13,5,0.0,No,Yes,FI-DK
SHP900000550,DLV800000550,2025-04-29,CAR08,PL,DAP,Sea,1450,6381.2,11,8,1227.19,Yes,No,FI-PL
SHP900000551,DLV800000551,2026-04-03,CAR01,ES,DAP,Road,3500,4743.5,7,6,2264.81,Yes,No,FI-ES
SHP900000552,DLV800000552,2025-07-26,CAR04,FR,CIP,Road,2400,5298.9,8,4,1781.98,Yes,Yes,FI-FR
SHP900000553,DLV800000553,2025-11-01,CAR06,NL,DAP,Air,1850,5999.4,12,1,9152.94,Yes,Yes,FI-NL
SHP900000554,DLV800000554,2026-03-29,CAR07,SE,CPT,Sea,650,2833.5,7,5,624.82,Yes,Yes,FI-SE
SHP900000555,DLV800000555,2025-06-26,CAR01,US,CIP,Road,7200,6515.5,12,11,5088.66,Yes,Yes,FI-US
SHP900000556,DLV800000556,2025-07-26,CAR06,PL,DDP,Air,1450,4286.9,10,2,6801.68,Yes,No,FI-PL
SHP900000557,DLV800000557,2025-08-28,CAR01,NO,FCA,Road,900,4855.5,12,1,0.0,No,Yes,FI-NO
SHP900000558,DLV800000558,2026-01-20,CAR07,NL,CPT,Sea,1850,1831.5,3,7,800.05,Yes,Yes,FI-NL
SHP900000559,DLV800000559,2026-06-06,CAR04,DE,CIP,Road,1650,4757.7,8,3,1619.31,Yes,Yes,FI-DE
SHP900000560,DLV800000560,2026-05-29,CAR02,IT,CPT,Road,2900,823.9,1,5,1876.8,Yes,No,FI-IT
SHP900000561,DLV800000561,2025-09-11,CAR02,FI,FCA,Road,250,1422.0,3,4,0.0,No,No,FI-FI
SHP900000562,DLV800000562,2025-06-05,CAR02,FI,CPT,Road,250,3606.8,7,1,711.82,Yes,Yes,FI-FI
SHP900000563,DLV800000563,2025-05-29,CAR08,SE,EXW,Sea,650,5835.5,9,6,0.0,No,No,FI-SE
SHP900000564,DLV800000564,2025-01-16,CAR01,NL,CIP,Road,1850,4430.5,12,3,1663.54,Yes,Yes,FI-NL
SHP900000565,DLV800000565,2025-04-21,CAR07,FI,DAP,Sea,250,2761.6,8,12,329.8,Yes,No,FI-FI
SHP900000566,DLV800000566,2025-04-29,CAR01,NO,FCA,Road,900,1985.9,5,1,0.0,No,Yes,FI-NO
SHP900000567,DLV800000567,2025-07-05,CAR07,ES,CIP,Sea,3500,5232.3,8,12,2042.55,Yes,No,FI-ES
SHP900000568,DLV800000568,2026-01-16,CAR05,NO,EXW,Air,900,6699.1,13,1,0.0,No,Yes,FI-NO
SHP900000569,DLV800000569,2025-09-25,CAR01,DK,EXW,Road,1000,35.4,1,2,0.0,No,Yes,FI-DK
SHP900000570,DLV800000570,2025-05-14,CAR04,DE,CPT,Road,1650,3523.6,9,3,1503.23,Yes,Yes,FI-DE
SHP900000571,DLV800000571,2025-10-12,CAR06,FR,DAP,Air,2400,3841.1,10,8,9888.63,Yes,No,FI-FR
SHP900000572,DLV800000572,2025-09-07,CAR08,ES,DDP,Sea,3500,1638.8,5,12,1444.15,Yes,No,FI-ES
SHP900000573,DLV800000573,2025-03-15,CAR07,FR,CPT,Sea,2400,6338.4,16,9,1241.12,Yes,Yes,FI-FR
SHP900000574,DLV800000574,2026-01-30,CAR03,DE,CIP,Road,1650,2936.2,8,4,1391.98,Yes,No,FI-DE
SHP900000575,DLV800000575,2025-12-16,CAR07,ES,FCA,Sea,3500,3850.7,9,11,0.0,No,Yes,FI-ES
SHP900000576,DLV800000576,2026-02-09,CAR08,IT,DAP,Sea,2900,116.1,1,10,1055.46,Yes,No,FI-IT
SHP900000577,DLV800000577,2025-09-10,CAR01,NO,CPT,Road,900,1351.5,2,1,683.63,Yes,Yes,FI-NO
SHP900000578,DLV800000578,2025-01-04,CAR07,NO,EXW,Sea,900,6511.7,16,5,0.0,No,Yes,FI-NO
SHP900000579,DLV800000579,2025-11-07,CAR02,ES,DDP,Road,3500,146.3,1,5,2168.2,Yes,Yes,FI-ES
SHP900000580,DLV800000580,2026-04-25,CAR03,NL,DDP,Road,1850,2100.9,3,4,1505.63,Yes,No,FI-NL
SHP900000581,DLV800000581,2025-01-09,CAR03,CN,CPT,Road,7700,5826.6,16,12,5945.6,Yes,Yes,FI-CN
SHP900000582,DLV800000582,2025-04-10,CAR07,PL,CIP,Sea,1450,6450.9,9,12,947.68,Yes,No,FI-PL
SHP900000583,DLV800000583,2025-01-04,CAR07,NL,CPT,Sea,1850,4321.3,9,7,1267.78,Yes,Yes,FI-NL
SHP900000584,DLV800000584,2025-06-03,CAR06,PL,DDP,Air,1450,1825.7,3,1,4916.67,Yes,Yes,FI-PL
SHP900000585,DLV800000585,2025-11-16,CAR04,SE,CPT,Road,650,1211.8,2,1,741.11,Yes,Yes,FI-SE
SHP900000586,DLV800000586,2025-07-02,CAR04,FI,FCA,Road,250,5064.0,9,1,0.0,No,Yes,FI-FI
SHP900000587,DLV800000587,2026-04-15,CAR08,IT,FCA,Sea,2900,5931.0,13,9,0.0,No,Yes,FI-IT
SHP900000588,DLV800000588,2026-05-17,CAR01,ES,DAP,Road,3500,6463.3,10,6,3080.49,Yes,No,FI-ES
SHP900000589,DLV800000589,2025-03-11,CAR07,FR,CPT,Sea,2400,1190.2,2,9,999.5,Yes,Yes,FI-FR
SHP900000590,DLV800000590,2025-09-18,CAR06,DE,CPT,Air,1650,2429.9,4,1,5209.75,Yes,Yes,FI-DE
SHP900000591,DLV800000591,2026-04-05,CAR02,CN,CPT,Road,7700,845.3,2,13,4796.53,Yes,No,FI-CN
SHP900000592,DLV800000592,2025-01-07,CAR01,FR,EXW,Road,2400,3790.8,5,4,0.0,No,Yes,FI-FR
SHP900000593,DLV800000593,2025-01-23,CAR03,DK,EXW,Road,1000,308.1,1,3,0.0,No,No,FI-DK
SHP900000594,DLV800000594,2025-10-12,CAR07,IT,CIP,Sea,2900,4893.8,13,9,1744.06,Yes,Yes,FI-IT
SHP900000595,DLV800000595,2025-07-29,CAR07,DE,DAP,Sea,1650,4246.2,8,7,941.41,Yes,Yes,FI-DE
SHP900000596,DLV800000596,2026-03-15,CAR01,FI,CIP,Road,250,5018.0,9,2,915.79,Yes,No,FI-FI
SHP900000597,DLV800000597,2025-03-21,CAR05,IT,DAP,Air,2900,3773.7,7,1,10207.04,Yes,Yes,FI-IT
SHP900000598,DLV800000598,2025-09-02,CAR03,NL,DAP,Road,1850,6959.5,11,3,2140.87,Yes,Yes,FI-NL
SHP900000599,DLV800000599,2025-08-15,CAR03,NO,EXW,Road,900,4986.8,11,1,0.0,No,Yes,FI-NO
SHP900000600,DLV800000600,2025-05-19,CAR01,CN,DDP,Road,7700,4018.9,7,12,5087.85,Yes,Yes,FI-CN
SHP900000601,DLV800000601,2026-02-20,CAR08,PL,DAP,Sea,1450,2650.2,8,8,747.86,Yes,No,FI-PL
SHP900000602,DLV800000602,2025-03-12,CAR03,FI,CIP,Road,250,71.4,1,1,274.3,Yes,Yes,FI-FI
SHP900000603,DLV800000603,2025-02-19,CAR06,FI,DAP,Air,250,2615.6,7,2,2663.26,Yes,No,FI-FI
SHP900000604,DLV800000604,2026-03-13,CAR02,US,DAP,Road,7200,4158.8,6,11,3986.28,Yes,Yes,FI-US
SHP900000605,DLV800000605,2025-05-24,CAR04,CN,DAP,Road,7700,5306.1,10,12,5459.16,Yes,Yes,FI-CN
SHP900000606,DLV800000606,2025-07-07,CAR04,NL,DAP,Road,1850,6423.1,9,4,2246.14,Yes,No,FI-NL
SHP900000607,DLV800000607,2025-10-02,CAR06,US,CPT,Air,7200,1992.2,4,5,18761.02,Yes,No,FI-US
SHP900000608,DLV800000608,2025-01-12,CAR02,IT,FCA,Road,2900,2005.3,3,5,0.0,No,No,FI-IT
SHP900000609,DLV800000609,2026-02-18,CAR06,DE,CPT,Air,1650,394.8,1,1,4754.52,Yes,Yes,FI-DE
SHP900000610,DLV800000610,2026-03-05,CAR07,DK,EXW,Sea,1000,6049.9,15,6,0.0,No,No,FI-DK
SHP900000611,DLV800000611,2025-07-18,CAR07,PL,EXW,Sea,1450,2640.0,6,5,0.0,No,Yes,FI-PL
SHP900000612,DLV800000612,2025-03-30,CAR02,FI,FCA,Road,250,3097.1,8,1,0.0,No,Yes,FI-FI
SHP900000613,DLV800000613,2025-03-16,CAR03,NO,FCA,Road,900,4976.3,7,1,0.0,No,Yes,FI-NO
SHP900000614,DLV800000614,2025-11-20,CAR06,CN,CPT,Air,7700,587.3,1,4,20584.76,Yes,Yes,FI-CN
SHP900000615,DLV800000615,2025-10-31,CAR07,ES,CPT,Sea,3500,1668.3,3,12,1604.91,Yes,No,FI-ES
SHP900000616,DLV800000616,2026-04-13,CAR05,FR,CIP,Air,2400,6794.9,10,1,11092.34,Yes,Yes,FI-FR
SHP900000617,DLV800000617,2025-09-07,CAR02,FR,CPT,Road,2400,2538.4,5,4,1615.43,Yes,Yes,FI-FR
SHP900000618,DLV800000618,2025-05-15,CAR08,NO,FCA,Sea,900,6453.3,14,6,0.0,No,No,FI-NO
SHP900000619,DLV800000619,2026-04-13,CAR07,NO,DAP,Sea,900,4365.0,7,5,687.18,Yes,Yes,FI-NO
SHP900000620,DLV800000620,2025-02-15,CAR06,IT,CIP,Air,2900,6941.3,19,1,12221.36,Yes,Yes,FI-IT
SHP900000621,DLV800000621,2025-10-26,CAR03,DK,CPT,Road,1000,3691.1,6,2,949.53,Yes,Yes,FI-DK
SHP900000622,DLV800000622,2025-11-24,CAR08,US,CPT,Sea,7200,431.3,1,24,2586.98,Yes,Yes,FI-US
SHP900000623,DLV800000623,2025-08-14,CAR02,ES,FCA,Road,3500,1108.4,2,6,0.0,No,No,FI-ES
SHP900000624,DLV800000624,2026-05-16,CAR03,PL,DDP,Road,1450,3558.4,5,2,1592.21,Yes,Yes,FI-PL
SHP900000625,DLV800000625,2025-01-25,CAR05,PL,DAP,Air,1450,2365.4,5,1,5775.66,Yes,Yes,FI-PL
SHP900000626,DLV800000626,2025-03-27,CAR03,DE,CIP,Road,1650,159.0,1,3,1048.69,Yes,Yes,FI-DE
SHP900000627,DLV800000627,2026-03-05,CAR03,NL,CPT,Road,1850,1738.4,4,3,1523.39,Yes,Yes,FI-NL
SHP900000628,DLV800000628,2026-02-15,CAR06,US,DAP,Air,7200,4177.2,7,6,19030.4,Yes,No,FI-US
SHP900000629,DLV800000629,2026-05-07,CAR04,IT,DDP,Road,2900,6399.8,12,4,2140.41,Yes,Yes,FI-IT
SHP900000630,DLV800000630,2025-01-12,CAR06,CN,DDP,Air,7700,2097.3,5,4,23028.08,Yes,Yes,FI-CN
SHP900000631,DLV800000631,2025-04-12,CAR05,ES,DAP,Air,3500,4322.9,8,2,11176.94,Yes,Yes,FI-ES
SHP900000632,DLV800000632,2025-03-14,CAR01,DE,EXW,Road,1650,988.2,2,4,0.0,No,No,FI-DE
SHP900000633,DLV800000633,2025-11-02,CAR05,ES,DDP,Air,3500,3543.0,7,2,12744.57,Yes,Yes,FI-ES
SHP900000634,DLV800000634,2025-05-10,CAR03,IT,DDP,Road,2900,499.7,1,5,1747.54,Yes,No,FI-IT
SHP900000635,DLV800000635,2025-09-14,CAR04,SE,CPT,Road,650,3769.3,6,2,878.54,Yes,No,FI-SE
SHP900000636,DLV800000636,2026-03-26,CAR06,FI,CPT,Air,250,6798.3,10,2,5555.89,Yes,No,FI-FI
SHP900000637,DLV800000637,2025-05-02,CAR03,FR,FCA,Road,2400,2707.8,7,4,0.0,No,Yes,FI-FR
SHP900000638,DLV800000638,2025-11-19,CAR07,SE,FCA,Sea,650,6630.7,14,6,0.0,No,No,FI-SE
SHP900000639,DLV800000639,2025-06-23,CAR08,NL,CPT,Sea,1850,2382.9,4,7,920.82,Yes,Yes,FI-NL
SHP900000640,DLV800000640,2025-02-25,CAR03,IT,CPT,Road,2900,1250.6,3,5,1782.8,Yes,No,FI-IT
SHP900000641,DLV800000641,2025-01-04,CAR08,SE,DAP,Sea,650,6986.8,20,5,959.22,Yes,Yes,FI-SE
SHP900000642,DLV800000642,2025-03-03,CAR08,NL,DAP,Sea,1850,2109.1,3,7,816.98,Yes,Yes,FI-NL
SHP900000643,DLV800000643,2025-02-13,CAR07,DK,EXW,Sea,1000,5234.6,12,5,0.0,No,Yes,FI-DK
SHP900000644,DLV800000644,2026-03-19,CAR01,US,DAP,Road,7200,6147.1,15,12,4554.89,Yes,No,FI-US
SHP900000645,DLV800000645,2026-01-03,CAR05,NO,EXW,Air,900,1456.4,2,1,0.0,No,Yes,FI-NO
SHP900000646,DLV800000646,2026-06-05,CAR08,PL,CPT,Sea,1450,1781.0,5,6,711.67,Yes,No,FI-PL
SHP900000647,DLV800000647,2026-03-18,CAR01,US,FCA,Road,7200,5616.0,8,11,0.0,No,Yes,FI-US
SHP900000648,DLV800000648,2025-10-10,CAR03,NL,CPT,Road,1850,314.9,1,3,1305.08,Yes,Yes,FI-NL
SHP900000649,DLV800000649,2026-03-20,CAR08,US,CIP,Sea,7200,6298.5,10,24,3764.71,Yes,Yes,FI-US
SHP900000650,DLV800000650,2026-05-23,CAR03,US,CPT,Road,7200,6120.3,10,11,5450.39,Yes,Yes,FI-US
SHP900000651,DLV800000651,2025-06-10,CAR02,DE,CIP,Road,1650,5165.7,11,3,1716.61,Yes,Yes,FI-DE
SHP900000652,DLV800000652,2026-03-03,CAR05,CN,CPT,Air,7700,4907.6,10,4,20326.03,Yes,Yes,FI-CN
SHP900000653,DLV800000653,2025-03-27,CAR04,ES,CIP,Road,3500,5459.2,8,5,3073.16,Yes,Yes,FI-ES
SHP900000654,DLV800000654,2025-01-20,CAR05,NL,CPT,Air,1850,4586.7,12,1,8116.9,Yes,Yes,FI-NL
SHP900000655,DLV800000655,2025-06-23,CAR01,ES,DDP,Road,3500,2235.0,5,5,2613.47,Yes,Yes,FI-ES
SHP900000656,DLV800000656,2025-10-11,CAR08,IT,EXW,Sea,2900,2962.4,6,15,0.0,No,No,FI-IT
SHP900000657,DLV800000657,2025-02-06,CAR02,DK,DDP,Road,1000,3474.0,9,3,1144.88,Yes,No,FI-DK
SHP900000658,DLV800000658,2025-07-30,CAR07,NL,FCA,Sea,1850,6717.6,11,8,0.0,No,No,FI-NL
SHP900000659,DLV800000659,2026-02-12,CAR02,PL,FCA,Road,1450,3843.9,6,2,0.0,No,Yes,FI-PL
SHP900000660,DLV800000660,2026-06-16,CAR03,SE,DAP,Road,650,4552.5,9,1,1198.25,Yes,Yes,FI-SE
SHP900000661,DLV800000661,2025-02-14,CAR01,PL,DAP,Road,1450,1033.5,2,2,1210.99,Yes,Yes,FI-PL
SHP900000662,DLV800000662,2026-06-04,CAR05,DK,DAP,Air,1000,2962.4,6,2,4747.88,Yes,No,FI-DK
SHP900000663,DLV800000663,2025-07-12,CAR04,PL,DDP,Road,1450,5186.0,8,3,1761.48,Yes,No,FI-PL
SHP900000664,DLV800000664,2025-12-01,CAR04,US,FCA,Road,7200,915.0,2,11,0.0,No,Yes,FI-US
SHP900000665,DLV800000665,2025-10-11,CAR04,FR,CPT,Road,2400,2200.2,5,4,1736.72,Yes,Yes,FI-FR
SHP900000666,DLV800000666,2025-08-18,CAR02,FI,CIP,Road,250,2290.4,4,1,605.12,Yes,Yes,FI-FI
SHP900000667,DLV800000667,2026-03-21,CAR02,IT,DAP,Road,2900,1891.1,4,4,1849.05,Yes,Yes,FI-IT
SHP900000668,DLV800000668,2025-10-27,CAR08,PL,CIP,Sea,1450,5706.4,15,9,964.69,Yes,No,FI-PL
SHP900000669,DLV800000669,2026-05-21,CAR06,NO,CPT,Air,900,3187.5,5,1,4760.31,Yes,Yes,FI-NO
SHP900000670,DLV800000670,2025-08-27,CAR03,CN,DAP,Road,7700,2340.0,5,12,5084.67,Yes,Yes,FI-CN
SHP900000671,DLV800000671,2025-08-19,CAR03,DE,DDP,Road,1650,510.7,1,3,1207.03,Yes,Yes,FI-DE
SHP900000672,DLV800000672,2026-02-02,CAR04,IT,CIP,Road,2900,4971.9,10,8,2553.2,Yes,No,FI-IT
SHP900000673,DLV800000673,2025-03-22,CAR06,NL,CPT,Air,1850,6639.7,10,1,7632.9,Yes,Yes,FI-NL
SHP900000674,DLV800000674,2025-03-12,CAR02,US,CIP,Road,7200,4683.5,10,11,5390.67,Yes,Yes,FI-US
SHP900000675,DLV800000675,2025-07-24,CAR05,CN,DDP,Air,7700,5678.2,9,4,23516.0,Yes,Yes,FI-CN
SHP900000676,DLV800000676,2025-01-28,CAR04,DE,DDP,Road,1650,2709.8,4,3,1204.97,Yes,Yes,FI-DE
SHP900000677,DLV800000677,2026-04-15,CAR07,DK,FCA,Sea,1000,1002.7,2,6,0.0,No,No,FI-DK
SHP900000678,DLV800000678,2025-01-31,CAR04,PL,CPT,Road,1450,4307.6,8,2,1255.58,Yes,Yes,FI-PL
SHP900000679,DLV800000679,2025-08-11,CAR08,DK,DDP,Sea,1000,533.0,1,5,456.35,Yes,Yes,FI-DK
SHP900000680,DLV800000680,2025-01-23,CAR02,PL,CPT,Road,1450,6358.5,13,2,1609.11,Yes,Yes,FI-PL
SHP900000681,DLV800000681,2026-01-26,CAR01,PL,FCA,Road,1450,5482.6,12,2,0.0,No,Yes,FI-PL
SHP900000682,DLV800000682,2025-12-06,CAR07,US,DDP,Sea,7200,2648.1,4,24,3242.06,Yes,Yes,FI-US
SHP900000683,DLV800000683,2025-11-27,CAR01,DE,EXW,Road,1650,5463.0,8,9,0.0,No,No,FI-DE
SHP900000684,DLV800000684,2025-06-29,CAR07,DE,CPT,Sea,1650,6698.2,18,11,1397.22,Yes,No,FI-DE
SHP900000685,DLV800000685,2025-03-24,CAR07,DE,DAP,Sea,1650,676.8,2,7,809.73,Yes,Yes,FI-DE
SHP900000686,DLV800000686,2025-11-19,CAR08,FR,CIP,Sea,2400,3102.5,5,9,1176.49,Yes,Yes,FI-FR
SHP900000687,DLV800000687,2026-01-13,CAR04,IT,EXW,Road,2900,2204.8,4,4,0.0,No,Yes,FI-IT
SHP900000688,DLV800000688,2025-09-12,CAR02,NL,DDP,Road,1850,3416.6,6,4,1612.61,Yes,No,FI-NL
SHP900000689,DLV800000689,2026-02-15,CAR01,SE,CPT,Road,650,2863.6,5,1,938.76,Yes,Yes,FI-SE
SHP900000690,DLV800000690,2025-07-20,CAR07,NO,DAP,Sea,900,5209.0,15,7,694.52,Yes,No,FI-NO
SHP900000691,DLV800000691,2026-05-26,CAR04,NO,EXW,Road,900,1202.4,2,1,0.0,No,Yes,FI-NO
SHP900000692,DLV800000692,2025-01-24,CAR05,SE,CIP,Air,650,5177.6,9,1,4236.0,Yes,Yes,FI-SE
SHP900000693,DLV800000693,2025-07-25,CAR07,PL,DAP,Sea,1450,1647.8,2,5,649.28,Yes,Yes,FI-PL
SHP900000694,DLV800000694,2026-01-20,CAR03,US,EXW,Road,7200,5956.8,15,11,0.0,No,Yes,FI-US
SHP900000695,DLV800000695,2025-08-01,CAR05,DK,CPT,Air,1000,3633.7,5,1,4433.99,Yes,Yes,FI-DK
SHP900000696,DLV800000696,2025-09-15,CAR03,DK,FCA,Road,1000,2150.8,4,3,0.0,No,No,FI-DK
SHP900000697,DLV800000697,2026-03-14,CAR05,DE,CIP,Air,1650,409.9,1,2,5730.61,Yes,No,FI-DE
SHP900000698,DLV800000698,2026-04-28,CAR07,DK,CIP,Sea,1000,2512.8,4,5,557.13,Yes,Yes,FI-DK
SHP900000699,DLV800000699,2026-02-15,CAR03,CN,DDP,Road,7700,6724.3,14,12,4832.59,Yes,Yes,FI-CN
SHP900000700,DLV800000700,2026-02-27,CAR01,US,DAP,Road,7200,1767.0,3,11,4696.73,Yes,Yes,FI-US
SHP900000701,DLV800000701,2025-10-01,CAR05,NO,DAP,Air,900,4076.5,7,1,5833.76,Yes,Yes,FI-NO
SHP900000702,DLV800000702,2025-06-04,CAR06,NO,CIP,Air,900,749.7,1,2,2870.42,Yes,No,FI-NO
SHP900000703,DLV800000703,2025-08-15,CAR07,FR,DDP,Sea,2400,3021.3,5,9,1006.63,Yes,Yes,FI-FR
SHP900000704,DLV800000704,2025-05-28,CAR07,SE,CIP,Sea,650,5517.7,15,5,654.58,Yes,Yes,FI-SE
SHP900000705,DLV800000705,2026-06-10,CAR02,DK,EXW,Road,1000,3333.7,7,2,0.0,No,Yes,FI-DK
SHP900000706,DLV800000706,2025-01-04,CAR03,FR,DAP,Road,2400,163.1,1,5,1438.13,Yes,No,FI-FR
SHP900000707,DLV800000707,2025-05-03,CAR04,DE,FCA,Road,1650,2796.1,6,3,0.0,No,Yes,FI-DE
SHP900000708,DLV800000708,2025-06-14,CAR03,DE,DAP,Road,1650,4197.0,8,3,1702.35,Yes,Yes,FI-DE
SHP900000709,DLV800000709,2026-02-04,CAR05,ES,EXW,Air,3500,4926.5,10,2,0.0,No,Yes,FI-ES
SHP900000710,DLV800000710,2026-02-20,CAR08,DE,EXW,Sea,1650,1552.6,4,8,0.0,No,No,FI-DE
SHP900000711,DLV800000711,2026-02-02,CAR01,SE,EXW,Road,650,3986.8,9,1,0.0,No,Yes,FI-SE
SHP900000712,DLV800000712,2025-03-23,CAR01,ES,DAP,Road,3500,2952.3,6,5,2711.27,Yes,Yes,FI-ES
SHP900000713,DLV800000713,2025-04-10,CAR05,US,DAP,Air,7200,3470.6,8,4,17722.46,Yes,Yes,FI-US
SHP900000714,DLV800000714,2025-01-08,CAR02,DE,FCA,Road,1650,6258.6,17,3,0.0,No,Yes,FI-DE
SHP900000715,DLV800000715,2025-04-28,CAR07,IT,DAP,Sea,2900,1747.7,4,10,1481.48,Yes,No,FI-IT
SHP900000716,DLV800000716,2025-12-01,CAR05,DK,CPT,Air,1000,2995.5,5,1,4854.54,Yes,Yes,FI-DK
SHP900000717,DLV800000717,2025-04-11,CAR02,US,CIP,Road,7200,719.2,1,18,3667.36,Yes,No,FI-US
SHP900000718,DLV800000718,2025-05-18,CAR02,FR,FCA,Road,2400,4693.0,13,4,0.0,No,Yes,FI-FR
SHP900000719,DLV800000719,2025-05-01,CAR02,IT,CPT,Road,2900,6539.2,17,5,2937.91,Yes,No,FI-IT
SHP900000720,DLV800000720,2026-06-04,CAR07,DK,CPT,Sea,1000,3892.1,6,5,637.92,Yes,Yes,FI-DK
SHP900000721,DLV800000721,2025-04-20,CAR08,US,CPT,Sea,7200,2458.0,4,24,2492.94,Yes,Yes,FI-US
SHP900000722,DLV800000722,2025-08-09,CAR02,DK,DAP,Road,1000,3848.6,6,3,1095.61,Yes,No,FI-DK
SHP900000723,DLV800000723,2026-05-21,CAR03,NL,DAP,Road,1850,5053.0,14,3,1914.16,Yes,Yes,FI-NL
SHP900000724,DLV800000724,2025-12-30,CAR05,ES,CPT,Air,3500,6868.7,19,2,11453.73,Yes,Yes,FI-ES
SHP900000725,DLV800000725,2025-12-19,CAR06,US,CIP,Air,7200,3154.3,5,4,20253.72,Yes,Yes,FI-US
SHP900000726,DLV800000726,2026-01-02,CAR07,PL,FCA,Sea,1450,4653.5,12,5,0.0,No,Yes,FI-PL
SHP900000727,DLV800000727,2025-08-15,CAR05,US,FCA,Air,7200,1846.9,3,11,0.0,No,No,FI-US
SHP900000728,DLV800000728,2025-04-15,CAR08,IT,DAP,Sea,2900,1925.4,3,10,1411.53,Yes,No,FI-IT
SHP900000729,DLV800000729,2025-01-04,CAR03,FR,CPT,Road,2400,6095.2,10,4,1952.12,Yes,Yes,FI-FR
SHP900000730,DLV800000730,2025-06-05,CAR03,NO,EXW,Road,900,1372.5,2,1,0.0,No,Yes,FI-NO
SHP900000731,DLV800000731,2025-10-06,CAR05,ES,EXW,Air,3500,2630.0,4,2,0.0,No,Yes,FI-ES
SHP900000732,DLV800000732,2025-12-21,CAR02,CN,DDP,Road,7700,6495.7,16,12,5520.06,Yes,Yes,FI-CN
SHP900000733,DLV800000733,2025-01-04,CAR03,ES,DDP,Road,3500,5321.4,10,5,2308.47,Yes,Yes,FI-ES
SHP900000734,DLV800000734,2025-01-22,CAR01,IT,DAP,Road,2900,2350.4,4,4,2247.33,Yes,Yes,FI-IT
SHP900000735,DLV800000735,2025-09-23,CAR02,IT,DDP,Road,2900,928.4,3,5,1606.78,Yes,No,FI-IT
SHP900000736,DLV800000736,2025-08-13,CAR04,IT,EXW,Road,2900,4108.7,11,4,0.0,No,Yes,FI-IT
SHP900000737,DLV800000737,2026-03-29,CAR02,NO,FCA,Road,900,5705.8,11,5,0.0,No,No,FI-NO
SHP900000738,DLV800000738,2025-11-09,CAR08,NL,DAP,Sea,1850,5843.8,10,7,1195.76,Yes,Yes,FI-NL
SHP900000739,DLV800000739,2026-01-01,CAR01,US,DAP,Road,7200,2737.9,6,12,4118.5,Yes,No,FI-US
SHP900000740,DLV800000740,2025-02-13,CAR05,FR,CPT,Air,2400,2945.2,5,1,7703.97,Yes,Yes,FI-FR
SHP900000741,DLV800000741,2025-08-13,CAR01,IT,FCA,Road,2900,1150.3,2,4,0.0,No,Yes,FI-IT
SHP900000742,DLV800000742,2026-04-12,CAR05,PL,CPT,Air,1450,3734.6,6,1,5740.67,Yes,Yes,FI-PL
SHP900000743,DLV800000743,2025-10-31,CAR05,NO,EXW,Air,900,2175.5,4,1,0.0,No,Yes,FI-NO
SHP900000744,DLV800000744,2026-02-07,CAR04,NL,DDP,Road,1850,6499.3,13,3,2189.56,Yes,Yes,FI-NL
SHP900000745,DLV800000745,2025-10-10,CAR07,ES,EXW,Sea,3500,4610.4,8,11,0.0,No,Yes,FI-ES
SHP900000746,DLV800000746,2025-08-15,CAR05,NL,CPT,Air,1850,171.2,1,1,5533.17,Yes,Yes,FI-NL
SHP900000747,DLV800000747,2025-03-30,CAR03,PL,DDP,Road,1450,5809.7,16,3,1421.64,Yes,No,FI-PL
SHP900000748,DLV800000748,2026-01-01,CAR03,FR,DDP,Road,2400,2791.6,4,5,2017.8,Yes,No,FI-FR
SHP900000749,DLV800000749,2025-08-20,CAR04,FI,EXW,Road,250,82.9,1,1,0.0,No,Yes,FI-FI
SHP900000750,DLV800000750,2025-02-18,CAR02,PL,CIP,Road,1450,4241.2,11,2,1243.33,Yes,Yes,FI-PL
SHP900000751,DLV800000751,2025-12-12,CAR01,FI,EXW,Road,250,5034.1,11,1,0.0,No,Yes,FI-FI
SHP900000752,DLV800000752,2026-01-10,CAR02,FR,CPT,Road,2400,5688.9,14,9,1804.62,Yes,No,FI-FR
SHP900000753,DLV800000753,2025-08-27,CAR04,NL,FCA,Road,1850,2015.5,4,11,0.0,No,No,FI-NL
SHP900000754,DLV800000754,2026-03-30,CAR05,FR,DAP,Air,2400,1394.8,2,1,8458.16,Yes,Yes,FI-FR
SHP900000755,DLV800000755,2026-03-11,CAR08,SE,DDP,Sea,650,4547.3,7,5,580.88,Yes,Yes,FI-SE
SHP900000756,DLV800000756,2025-11-21,CAR03,FI,CPT,Road,250,447.3,1,2,272.04,Yes,No,FI-FI
SHP900000757,DLV800000757,2026-03-28,CAR07,SE,CPT,Sea,650,974.3,2,6,394.18,Yes,No,FI-SE
SHP900000758,DLV800000758,2025-03-13,CAR06,IT,CIP,Air,2900,6384.0,17,1,10608.0,Yes,Yes,FI-IT
SHP900000759,DLV800000759,2025-02-10,CAR05,NO,EXW,Air,900,4001.5,7,1,0.0,No,Yes,FI-NO
SHP900000760,DLV800000760,2025-03-14,CAR03,CN,DDP,Road,7700,5964.7,12,13,4680.53,Yes,No,FI-CN
SHP900000761,DLV800000761,2025-07-22,CAR05,FR,FCA,Air,2400,1002.0,3,1,0.0,No,Yes,FI-FR
SHP900000762,DLV800000762,2025-12-26,CAR01,DE,DAP,Road,1650,6104.4,13,4,1992.21,Yes,No,FI-DE
SHP900000763,DLV800000763,2025-11-17,CAR03,FR,DDP,Road,2400,2764.0,4,4,1745.22,Yes,Yes,FI-FR
SHP900000764,DLV800000764,2026-03-23,CAR07,FR,CPT,Sea,2400,2037.2,4,10,976.77,Yes,No,FI-FR
SHP900000765,DLV800000765,2025-11-18,CAR07,DE,CIP,Sea,1650,6503.8,10,10,1057.71,Yes,No,FI-DE
SHP900000766,DLV800000766,2025-05-06,CAR01,US,DDP,Road,7200,2257.4,6,12,4369.59,Yes,No,FI-US
SHP900000767,DLV800000767,2025-10-01,CAR05,DK,CPT,Air,1000,2617.6,7,1,3992.61,Yes,Yes,FI-DK
SHP900000768,DLV800000768,2026-04-13,CAR05,DK,DAP,Air,1000,3983.6,6,2,4638.83,Yes,No,FI-DK
SHP900000769,DLV800000769,2025-02-19,CAR05,SE,CPT,Air,650,2069.5,4,1,3737.63,Yes,Yes,FI-SE
SHP900000770,DLV800000770,2025-06-08,CAR04,NO,EXW,Road,900,5368.6,11,6,0.0,No,No,FI-NO
SHP900000771,DLV800000771,2025-08-11,CAR04,PL,CPT,Road,1450,218.7,1,3,818.37,Yes,No,FI-PL
SHP900000772,DLV800000772,2025-09-30,CAR05,CN,DAP,Air,7700,2977.3,6,4,22301.34,Yes,Yes,FI-CN
SHP900000773,DLV800000773,2026-02-16,CAR03,FI,DAP,Road,250,4491.6,10,1,932.75,Yes,Yes,FI-FI
SHP900000774,DLV800000774,2026-01-11,CAR03,PL,EXW,Road,1450,4362.8,7,2,0.0,No,Yes,FI-PL
SHP900000775,DLV800000775,2024-12-31,CAR04,SE,FCA,Road,650,5516.0,10,1,0.0,No,Yes,FI-SE
SHP900000776,DLV800000776,2025-02-17,CAR01,CN,DAP,Road,7700,1994.5,4,13,4007.9,Yes,No,FI-CN
SHP900000777,DLV800000777,2025-12-14,CAR07,PL,DAP,Sea,1450,1942.9,3,5,760.68,Yes,Yes,FI-PL
SHP900000778,DLV800000778,2025-02-19,CAR06,FR,CPT,Air,2400,2688.6,5,1,8094.21,Yes,Yes,FI-FR
SHP900000779,DLV800000779,2025-02-06,CAR05,FR,EXW,Air,2400,3924.5,7,1,0.0,No,Yes,FI-FR
SHP900000780,DLV800000780,2025-04-17,CAR02,FR,CPT,Road,2400,816.4,1,5,1560.28,Yes,No,FI-FR
SHP900000781,DLV800000781,2026-06-16,CAR08,PL,CPT,Sea,1450,6057.9,13,5,1274.83,Yes,Yes,FI-PL
SHP900000782,DLV800000782,2025-12-27,CAR06,DK,EXW,Air,1000,3831.7,9,1,0.0,No,Yes,FI-DK
SHP900000783,DLV800000783,2026-06-04,CAR04,DK,CPT,Road,1000,6340.8,11,3,1384.11,Yes,No,FI-DK
SHP900000784,DLV800000784,2025-09-28,CAR02,FI,CPT,Road,250,75.0,1,2,258.33,Yes,No,FI-FI
SHP900000785,DLV800000785,2026-01-25,CAR08,NO,EXW,Sea,900,5682.7,9,5,0.0,No,Yes,FI-NO
SHP900000786,DLV800000786,2026-06-12,CAR06,NO,EXW,Air,900,3285.8,8,8,0.0,No,No,FI-NO
SHP900000787,DLV800000787,2025-01-05,CAR08,FI,EXW,Sea,250,6652.4,11,5,0.0,No,Yes,FI-FI
SHP900000788,DLV800000788,2025-04-28,CAR08,FR,DDP,Sea,2400,3380.7,6,14,1183.47,Yes,No,FI-FR
SHP900000789,DLV800000789,2025-03-24,CAR01,FI,EXW,Road,250,2053.2,5,1,0.0,No,Yes,FI-FI
SHP900000790,DLV800000790,2026-05-07,CAR01,US,CPT,Road,7200,6325.9,9,13,5261.32,Yes,No,FI-US
SHP900000791,DLV800000791,2026-01-04,CAR08,ES,FCA,Sea,3500,313.6,1,12,0.0,No,No,FI-ES
SHP900000792,DLV800000792,2025-08-27,CAR07,US,DAP,Sea,7200,6555.1,10,24,3735.04,Yes,Yes,FI-US
SHP900000793,DLV800000793,2026-01-07,CAR07,US,DAP,Sea,7200,4068.8,7,24,2777.42,Yes,Yes,FI-US
SHP900000794,DLV800000794,2026-01-03,CAR01,ES,CPT,Road,3500,5526.5,10,5,2380.26,Yes,Yes,FI-ES
SHP900000795,DLV800000795,2025-04-08,CAR01,NL,DAP,Road,1850,2827.2,5,3,1626.24,Yes,Yes,FI-NL
SHP900000796,DLV800000796,2025-12-06,CAR05,US,DDP,Air,7200,5004.7,11,4,24496.8,Yes,Yes,FI-US
SHP900000797,DLV800000797,2026-02-13,CAR03,ES,FCA,Road,3500,3552.3,7,5,0.0,No,Yes,FI-ES
SHP900000798,DLV800000798,2025-09-01,CAR07,US,DDP,Sea,7200,996.8,2,24,2724.7,Yes,Yes,FI-US
SHP900000799,DLV800000799,2025-12-05,CAR03,NO,FCA,Road,900,304.6,1,1,0.0,No,Yes,FI-NO
SHP900000800,DLV800000800,2026-02-04,CAR03,CN,EXW,Road,7700,3929.6,8,13,0.0,No,No,FI-CN
SHP900000801,DLV800000801,2025-04-24,CAR03,DK,CPT,Road,1000,1411.1,3,6,977.41,Yes,No,FI-DK
SHP900000802,DLV800000802,2025-07-24,CAR04,US,CIP,Road,7200,3698.5,7,11,4217.01,Yes,Yes,FI-US
SHP900000803,DLV800000803,2025-01-01,CAR08,IT,CPT,Sea,2900,4902.2,11,10,1448.14,Yes,No,FI-IT
SHP900000804,DLV800000804,2025-02-16,CAR03,ES,CIP,Road,3500,2937.6,8,5,2684.28,Yes,Yes,FI-ES
SHP900000805,DLV800000805,2025-01-21,CAR03,PL,CPT,Road,1450,3020.8,8,2,1470.16,Yes,Yes,FI-PL
SHP900000806,DLV800000806,2025-09-16,CAR05,ES,DAP,Air,3500,283.3,1,2,9748.11,Yes,Yes,FI-ES
SHP900000807,DLV800000807,2026-03-16,CAR04,DK,EXW,Road,1000,3917.2,6,10,0.0,No,No,FI-DK
SHP900000808,DLV800000808,2026-03-04,CAR05,CN,FCA,Air,7700,753.8,1,5,0.0,No,No,FI-CN
SHP900000809,DLV800000809,2025-04-06,CAR08,PL,CIP,Sea,1450,2881.9,7,6,854.55,Yes,No,FI-PL
SHP900000810,DLV800000810,2026-02-09,CAR06,US,EXW,Air,7200,3042.8,6,5,0.0,No,No,FI-US
SHP900000811,DLV800000811,2025-07-15,CAR01,CN,DAP,Road,7700,1335.2,2,12,4789.66,Yes,Yes,FI-CN
SHP900000812,DLV800000812,2025-09-02,CAR01,CN,CIP,Road,7700,3377.5,8,12,4583.93,Yes,Yes,FI-CN
SHP900000813,DLV800000813,2025-01-21,CAR08,ES,CPT,Sea,3500,6431.6,9,17,1742.7,Yes,No,FI-ES
SHP900000814,DLV800000814,2026-01-29,CAR02,FR,DAP,Road,2400,6075.8,13,4,1914.19,Yes,Yes,FI-FR
SHP900000815,DLV800000815,2025-04-24,CAR08,IT,EXW,Sea,2900,60.4,1,9,0.0,No,Yes,FI-IT
SHP900000816,DLV800000816,2025-06-30,CAR05,DE,CIP,Air,1650,1653.4,5,9,4961.91,Yes,No,FI-DE
SHP900000817,DLV800000817,2025-05-31,CAR01,DK,EXW,Road,1000,281.8,1,2,0.0,No,Yes,FI-DK
SHP900000818,DLV800000818,2025-12-17,CAR01,ES,CPT,Road,3500,1499.4,4,8,2327.89,Yes,No,FI-ES
SHP900000819,DLV800000819,2025-01-10,CAR03,PL,DAP,Road,1450,6335.7,11,2,1674.79,Yes,Yes,FI-PL
SHP900000820,DLV800000820,2026-04-23,CAR08,DE,CPT,Sea,1650,5653.1,9,13,1060.89,Yes,No,FI-DE
SHP900000821,DLV800000821,2026-05-20,CAR06,US,DDP,Air,7200,2552.4,6,5,23269.68,Yes,No,FI-US
SHP900000822,DLV800000822,2025-03-06,CAR05,DK,FCA,Air,1000,2496.9,4,2,0.0,No,No,FI-DK
SHP900000823,DLV800000823,2025-10-26,CAR05,DK,CPT,Air,1000,3842.8,8,1,4611.68,Yes,Yes,FI-DK
SHP900000824,DLV800000824,2026-02-03,CAR08,PL,FCA,Sea,1450,3325.2,6,5,0.0,No,Yes,FI-PL
SHP900000825,DLV800000825,2026-02-18,CAR05,FI,FCA,Air,250,6977.8,12,1,0.0,No,Yes,FI-FI
SHP900000826,DLV800000826,2025-11-06,CAR01,IT,CPT,Road,2900,2824.2,7,4,2337.25,Yes,Yes,FI-IT
SHP900000827,DLV800000827,2025-06-21,CAR08,FI,EXW,Sea,250,3445.5,9,5,0.0,No,Yes,FI-FI
SHP900000828,DLV800000828,2025-12-19,CAR06,ES,CPT,Air,3500,6949.9,18,2,11186.48,Yes,Yes,FI-ES
SHP900000829,DLV800000829,2025-12-17,CAR01,NO,FCA,Road,900,1000.7,2,1,0.0,No,Yes,FI-NO
SHP900000830,DLV800000830,2026-05-14,CAR04,DE,DAP,Road,1650,6342.4,16,3,1669.92,Yes,Yes,FI-DE
SHP900000831,DLV800000831,2025-06-16,CAR01,NL,CPT,Road,1850,2680.7,6,4,1581.38,Yes,No,FI-NL
SHP900000832,DLV800000832,2026-05-21,CAR01,SE,CPT,Road,650,4434.5,9,1,872.67,Yes,Yes,FI-SE
SHP900000833,DLV800000833,2025-11-27,CAR02,ES,CIP,Road,3500,1562.8,3,5,1922.07,Yes,Yes,FI-ES
SHP900000834,DLV800000834,2025-04-17,CAR03,PL,CPT,Road,1450,5925.6,10,2,1857.65,Yes,Yes,FI-PL
SHP900000835,DLV800000835,2025-06-16,CAR07,NL,DAP,Sea,1850,1825.0,5,7,1050.57,Yes,Yes,FI-NL
SHP900000836,DLV800000836,2025-01-10,CAR08,US,CIP,Sea,7200,5830.8,13,24,3499.92,Yes,Yes,FI-US
SHP900000837,DLV800000837,2026-03-19,CAR06,DK,DAP,Air,1000,5755.9,11,6,7171.41,Yes,No,FI-DK
SHP900000838,DLV800000838,2025-04-11,CAR07,NO,FCA,Sea,900,6440.7,12,9,0.0,No,No,FI-NO
SHP900000839,DLV800000839,2025-03-31,CAR05,FI,CPT,Air,250,2823.1,6,1,3087.47,Yes,Yes,FI-FI
SHP900000840,DLV800000840,2025-08-31,CAR03,NO,CIP,Road,900,2668.8,6,1,994.52,Yes,Yes,FI-NO
SHP900000841,DLV800000841,2025-01-22,CAR06,SE,FCA,Air,650,4538.9,10,1,0.0,No,Yes,FI-SE
SHP900000842,DLV800000842,2025-03-27,CAR06,ES,FCA,Air,3500,857.4,1,2,0.0,No,Yes,FI-ES
SHP900000843,DLV800000843,2025-04-24,CAR01,NL,CPT,Road,1850,1519.0,4,4,1173.34,Yes,No,FI-NL
SHP900000844,DLV800000844,2025-03-26,CAR03,PL,CIP,Road,1450,712.7,1,3,991.97,Yes,No,FI-PL
SHP900000845,DLV800000845,2026-04-13,CAR06,SE,FCA,Air,650,4786.6,9,1,0.0,No,Yes,FI-SE
SHP900000846,DLV800000846,2025-03-21,CAR05,FR,CPT,Air,2400,5667.8,14,1,8546.73,Yes,Yes,FI-FR
SHP900000847,DLV800000847,2026-06-16,CAR07,US,DAP,Sea,7200,2443.2,7,24,3007.6,Yes,Yes,FI-US
SHP900000848,DLV800000848,2026-02-10,CAR07,IT,CPT,Sea,2900,4803.4,9,9,1447.41,Yes,Yes,FI-IT
SHP900000849,DLV800000849,2025-05-28,CAR02,US,DAP,Road,7200,4665.3,9,11,4060.25,Yes,Yes,FI-US
SHP900000850,DLV800000850,2025-10-11,CAR02,NL,FCA,Road,1850,3761.9,7,3,0.0,No,Yes,FI-NL
SHP900000851,DLV800000851,2025-07-20,CAR04,NL,FCA,Road,1850,2895.2,6,4,0.0,No,No,FI-NL
SHP900000852,DLV800000852,2025-03-26,CAR04,FI,CPT,Road,250,4953.8,9,8,851.91,Yes,No,FI-FI
SHP900000853,DLV800000853,2025-12-27,CAR01,NO,EXW,Road,900,3213.6,6,1,0.0,No,Yes,FI-NO
SHP900000854,DLV800000854,2025-01-24,CAR06,DE,DAP,Air,1650,3717.7,10,1,5892.22,Yes,Yes,FI-DE
SHP900000855,DLV800000855,2025-11-05,CAR02,ES,CIP,Road,3500,2786.1,6,5,2707.55,Yes,Yes,FI-ES
SHP900000856,DLV800000856,2026-05-25,CAR03,ES,CPT,Road,3500,3522.1,7,6,2219.6,Yes,No,FI-ES
SHP900000857,DLV800000857,2026-02-14,CAR04,PL,CIP,Road,1450,1554.7,4,3,1078.9,Yes,No,FI-PL
SHP900000858,DLV800000858,2026-05-02,CAR08,DK,EXW,Sea,1000,4597.3,8,6,0.0,No,No,FI-DK
SHP900000859,DLV800000859,2025-11-03,CAR07,DE,DDP,Sea,1650,1552.3,3,8,858.38,Yes,No,FI-DE
SHP900000860,DLV800000860,2025-04-07,CAR08,SE,FCA,Sea,650,815.5,2,5,0.0,No,Yes,FI-SE
SHP900000861,DLV800000861,2026-02-27,CAR07,IT,FCA,Sea,2900,2730.9,5,9,0.0,No,Yes,FI-IT
SHP900000862,DLV800000862,2025-08-24,CAR01,FR,FCA,Road,2400,1618.0,3,4,0.0,No,Yes,FI-FR
SHP900000863,DLV800000863,2025-07-03,CAR02,CN,DDP,Road,7700,2701.6,5,12,4436.14,Yes,Yes,FI-CN
SHP900000864,DLV800000864,2025-05-24,CAR05,FI,EXW,Air,250,3374.3,6,2,0.0,No,No,FI-FI
SHP900000865,DLV800000865,2026-03-29,CAR02,FI,CPT,Road,250,4749.7,9,2,914.5,Yes,No,FI-FI
SHP900000866,DLV800000866,2026-05-01,CAR05,CN,DDP,Air,7700,6511.1,16,5,23613.12,Yes,No,FI-CN
SHP900000867,DLV800000867,2026-02-21,CAR05,SE,CPT,Air,650,3755.7,10,7,4925.19,Yes,No,FI-SE
SHP900000868,DLV800000868,2025-08-02,CAR07,FI,EXW,Sea,250,1202.1,2,5,0.0,No,Yes,FI-FI
SHP900000869,DLV800000869,2025-06-28,CAR06,NL,CPT,Air,1850,3564.6,9,1,8055.9,Yes,Yes,FI-NL
SHP900000870,DLV800000870,2025-06-19,CAR01,DK,FCA,Road,1000,2999.3,6,2,0.0,No,Yes,FI-DK
SHP900000871,DLV800000871,2025-08-14,CAR03,DK,EXW,Road,1000,2326.1,4,2,0.0,No,Yes,FI-DK
SHP900000872,DLV800000872,2025-02-25,CAR05,FI,CPT,Air,250,3625.7,8,1,2894.47,Yes,Yes,FI-FI
SHP900000873,DLV800000873,2025-08-24,CAR07,CN,DDP,Sea,7700,1548.3,3,28,2659.1,Yes,No,FI-CN
SHP900000874,DLV800000874,2025-10-05,CAR06,NL,FCA,Air,1850,4416.6,7,1,0.0,No,Yes,FI-NL
SHP900000875,DLV800000875,2025-07-02,CAR08,DE,DAP,Sea,1650,4882.6,10,7,1101.16,Yes,Yes,FI-DE
SHP900000876,DLV800000876,2025-07-27,CAR06,DE,CPT,Air,1650,4233.7,12,1,7740.07,Yes,Yes,FI-DE
SHP900000877,DLV800000877,2025-12-07,CAR07,FR,CPT,Sea,2400,3782.5,10,10,1165.97,Yes,No,FI-FR
SHP900000878,DLV800000878,2025-06-29,CAR01,CN,DAP,Road,7700,2947.2,6,12,4112.03,Yes,Yes,FI-CN
SHP900000879,DLV800000879,2026-04-25,CAR04,DK,DDP,Road,1000,3367.4,8,10,1023.4,Yes,No,FI-DK
SHP900000880,DLV800000880,2025-06-23,CAR03,FI,FCA,Road,250,1629.9,3,1,0.0,No,Yes,FI-FI
SHP900000881,DLV800000881,2025-08-25,CAR04,PL,FCA,Road,1450,5542.6,12,2,0.0,No,Yes,FI-PL
SHP900000882,DLV800000882,2025-10-03,CAR05,NO,CIP,Air,900,81.0,1,1,2821.72,Yes,Yes,FI-NO
SHP900000883,DLV800000883,2026-06-08,CAR02,NL,FCA,Road,1850,5624.9,13,3,0.0,No,Yes,FI-NL
SHP900000884,DLV800000884,2025-03-06,CAR08,DE,CPT,Sea,1650,5876.2,8,7,1227.05,Yes,Yes,FI-DE
SHP900000885,DLV800000885,2025-06-29,CAR01,ES,CPT,Road,3500,2257.1,5,5,2575.86,Yes,Yes,FI-ES
SHP900000886,DLV800000886,2025-06-26,CAR03,ES,EXW,Road,3500,4211.6,7,6,0.0,No,No,FI-ES
SHP900000887,DLV800000887,2026-01-27,CAR06,ES,FCA,Air,3500,4273.5,12,2,0.0,No,Yes,FI-ES
SHP900000888,DLV800000888,2025-11-07,CAR04,ES,DAP,Road,3500,3601.3,9,5,2461.15,Yes,Yes,FI-ES
SHP900000889,DLV800000889,2025-08-22,CAR05,DK,CPT,Air,1000,2687.3,4,2,4193.89,Yes,No,FI-DK
SHP900000890,DLV800000890,2026-01-03,CAR07,FI,CIP,Sea,250,3894.8,8,5,474.66,Yes,Yes,FI-FI
SHP900000891,DLV800000891,2025-01-18,CAR06,DK,DAP,Air,1000,5654.5,8,1,6451.18,Yes,Yes,FI-DK
SHP900000892,DLV800000892,2026-03-09,CAR01,FR,FCA,Road,2400,700.0,1,5,0.0,No,No,FI-FR
SHP900000893,DLV800000893,2026-04-13,CAR06,PL,EXW,Air,1450,3866.8,6,1,0.0,No,Yes,FI-PL
SHP900000894,DLV800000894,2026-02-12,CAR05,DK,DDP,Air,1000,4068.4,8,2,5175.47,Yes,No,FI-DK
SHP900000895,DLV800000895,2025-01-19,CAR08,SE,CIP,Sea,650,593.1,1,5,329.96,Yes,Yes,FI-SE
SHP900000896,DLV800000896,2026-04-03,CAR05,IT,DAP,Air,2900,30.4,1,2,8043.17,Yes,No,FI-IT
SHP900000897,DLV800000897,2025-04-05,CAR07,IT,DDP,Sea,2900,1289.5,3,9,1121.29,Yes,Yes,FI-IT
SHP900000898,DLV800000898,2025-12-01,CAR07,NL,CIP,Sea,1850,2365.8,5,12,1062.41,Yes,No,FI-NL
SHP900000899,DLV800000899,2025-11-14,CAR04,ES,CPT,Road,3500,3317.3,6,5,2579.25,Yes,Yes,FI-ES
SHP900000900,DLV800000900,2025-02-02,CAR08,NL,FCA,Sea,1850,3012.0,7,7,0.0,No,Yes,FI-NL
SHP900000901,DLV800000901,2025-03-11,CAR05,PL,CPT,Air,1450,5318.4,11,1,7320.97,Yes,Yes,FI-PL
SHP900000902,DLV800000902,2026-06-06,CAR07,FI,EXW,Sea,250,3091.7,6,5,0.0,No,Yes,FI-FI
SHP900000903,DLV800000903,2025-08-01,CAR06,ES,EXW,Air,3500,3443.4,7,2,0.0,No,Yes,FI-ES
SHP900000904,DLV800000904,2025-08-06,CAR08,PL,EXW,Sea,1450,1533.0,3,5,0.0,No,Yes,FI-PL
SHP900000905,DLV800000905,2025-09-18,CAR04,DE,CIP,Road,1650,4729.6,12,4,1479.93,Yes,No,FI-DE
SHP900000906,DLV800000906,2025-02-14,CAR07,FR,EXW,Sea,2400,3243.1,5,11,0.0,No,No,FI-FR
SHP900000907,DLV800000907,2026-01-31,CAR07,NO,DAP,Sea,900,4311.3,6,13,861.3,Yes,No,FI-NO
SHP900000908,DLV800000908,2025-09-25,CAR08,ES,DAP,Sea,3500,1698.8,4,17,1499.55,Yes,No,FI-ES
SHP900000909,DLV800000909,2025-07-10,CAR03,NL,CIP,Road,1850,3349.1,7,3,1608.9,Yes,Yes,FI-NL
SHP900000910,DLV800000910,2025-06-02,CAR01,DE,CPT,Road,1650,4189.5,9,11,1460.33,Yes,No,FI-DE
SHP900000911,DLV800000911,2025-07-30,CAR06,SE,CIP,Air,650,5962.2,10,1,6059.29,Yes,Yes,FI-SE
SHP900000912,DLV800000912,2026-06-01,CAR07,NL,CPT,Sea,1850,4593.2,9,7,1027.51,Yes,Yes,FI-NL
SHP900000913,DLV800000913,2025-05-10,CAR04,NO,DAP,Road,900,5346.0,8,1,1084.23,Yes,Yes,FI-NO
SHP900000914,DLV800000914,2025-03-21,CAR01,FR,DAP,Road,2400,2550.9,5,4,1532.27,Yes,Yes,FI-FR
SHP900000915,DLV800000915,2025-03-23,CAR07,CN,DDP,Sea,7700,2830.5,8,26,3373.64,Yes,Yes,FI-CN
SHP900000916,DLV800000916,2025-04-01,CAR08,FR,CPT,Sea,2400,5052.2,8,10,1322.18,Yes,No,FI-FR
SHP900000917,DLV800000917,2025-05-26,CAR07,US,DAP,Sea,7200,4115.6,12,24,3195.0,Yes,Yes,FI-US
SHP900000918,DLV800000918,2025-08-25,CAR05,SE,CIP,Air,650,6360.6,10,1,5362.6,Yes,Yes,FI-SE
SHP900000919,DLV800000919,2026-03-07,CAR04,FR,CIP,Road,2400,3737.6,8,6,1809.03,Yes,No,FI-FR
SHP900000920,DLV800000920,2025-08-02,CAR08,DE,DAP,Sea,1650,2396.9,5,7,816.14,Yes,Yes,FI-DE
SHP900000921,DLV800000921,2025-11-27,CAR03,DE,EXW,Road,1650,1190.4,2,3,0.0,No,Yes,FI-DE
SHP900000922,DLV800000922,2025-12-31,CAR08,IT,CIP,Sea,2900,3369.1,9,10,1214.38,Yes,No,FI-IT
SHP900000923,DLV800000923,2025-07-11,CAR06,DK,EXW,Air,1000,3755.5,10,1,0.0,No,Yes,FI-DK
SHP900000924,DLV800000924,2025-04-28,CAR06,DK,CPT,Air,1000,433.5,1,1,3106.96,Yes,Yes,FI-DK
SHP900000925,DLV800000925,2026-01-17,CAR02,US,DDP,Road,7200,1269.4,2,11,4993.56,Yes,Yes,FI-US
SHP900000926,DLV800000926,2025-03-30,CAR04,SE,FCA,Road,650,5739.3,9,1,0.0,No,Yes,FI-SE
SHP900000927,DLV800000927,2025-06-24,CAR05,DK,EXW,Air,1000,3259.3,5,1,0.0,No,Yes,FI-DK
SHP900000928,DLV800000928,2026-06-09,CAR02,FI,EXW,Road,250,5074.4,13,1,0.0,No,Yes,FI-FI
SHP900000929,DLV800000929,2025-12-28,CAR02,DK,FCA,Road,1000,440.4,1,2,0.0,No,Yes,FI-DK
SHP900000930,DLV800000930,2025-03-31,CAR08,FI,FCA,Sea,250,5383.3,12,12,0.0,No,No,FI-FI
SHP900000931,DLV800000931,2025-11-06,CAR07,PL,FCA,Sea,1450,4195.5,11,10,0.0,No,No,FI-PL
SHP900000932,DLV800000932,2025-02-22,CAR05,PL,CPT,Air,1450,189.7,1,1,4955.57,Yes,Yes,FI-PL
SHP900000933,DLV800000933,2026-01-20,CAR07,CN,DDP,Sea,7700,1145.5,3,26,3299.78,Yes,Yes,FI-CN
SHP900000934,DLV800000934,2026-02-27,CAR07,SE,CPT,Sea,650,2510.2,4,8,460.45,Yes,No,FI-SE
SHP900000935,DLV800000935,2025-01-27,CAR07,PL,DDP,Sea,1450,631.9,2,5,626.84,Yes,Yes,FI-PL
SHP900000936,DLV800000936,2025-12-23,CAR03,DK,CPT,Road,1000,1432.6,4,2,729.36,Yes,Yes,FI-DK
SHP900000937,DLV800000937,2025-09-26,CAR08,US,DDP,Sea,7200,3257.7,8,25,3090.7,Yes,No,FI-US
SHP900000938,DLV800000938,2025-02-12,CAR05,SE,FCA,Air,650,141.1,1,1,0.0,No,Yes,FI-SE
SHP900000939,DLV800000939,2025-07-03,CAR01,DE,FCA,Road,1650,6683.7,14,3,0.0,No,Yes,FI-DE
SHP900000940,DLV800000940,2025-01-21,CAR06,ES,EXW,Air,3500,1453.5,4,2,0.0,No,Yes,FI-ES
SHP900000941,DLV800000941,2025-12-25,CAR06,PL,CIP,Air,1450,6489.4,13,1,8839.24,Yes,Yes,FI-PL
SHP900000942,DLV800000942,2025-08-31,CAR07,NL,CIP,Sea,1850,5908.1,17,7,1057.22,Yes,Yes,FI-NL
SHP900000943,DLV800000943,2025-01-07,CAR04,SE,CPT,Road,650,5283.0,9,1,1028.11,Yes,Yes,FI-SE
SHP900000944,DLV800000944,2025-09-15,CAR04,FI,FCA,Road,250,2050.2,5,1,0.0,No,Yes,FI-FI
SHP900000945,DLV800000945,2025-02-15,CAR02,CN,CPT,Road,7700,6182.5,9,13,5061.7,Yes,No,FI-CN
SHP900000946,DLV800000946,2025-12-04,CAR01,DK,DAP,Road,1000,5321.2,11,3,1399.33,Yes,No,FI-DK
SHP900000947,DLV800000947,2025-12-02,CAR07,CN,DDP,Sea,7700,6576.6,12,26,3059.34,Yes,Yes,FI-CN
SHP900000948,DLV800000948,2025-01-01,CAR03,NO,CIP,Road,900,6291.0,12,1,1369.21,Yes,Yes,FI-NO
SHP900000949,DLV800000949,2026-03-05,CAR05,CN,DAP,Air,7700,5617.9,13,5,26948.02,Yes,No,FI-CN
SHP900000950,DLV800000950,2026-04-29,CAR05,CN,DAP,Air,7700,2277.0,5,4,23441.96,Yes,Yes,FI-CN
SHP900000951,DLV800000951,2026-05-13,CAR03,NL,DDP,Road,1850,4949.1,11,4,1790.77,Yes,No,FI-NL
SHP900000952,DLV800000952,2025-11-26,CAR03,US,CIP,Road,7200,2362.5,5,11,4329.42,Yes,Yes,FI-US
SHP900000953,DLV800000953,2026-03-20,CAR02,NL,DAP,Road,1850,6549.5,19,4,2179.51,Yes,No,FI-NL
SHP900000954,DLV800000954,2026-05-30,CAR04,ES,CPT,Road,3500,628.5,1,5,2229.54,Yes,Yes,FI-ES
SHP900000955,DLV800000955,2025-10-13,CAR03,US,CPT,Road,7200,5412.9,10,11,4814.01,Yes,Yes,FI-US
SHP900000956,DLV800000956,2026-06-14,CAR01,PL,CIP,Road,1450,6796.7,15,2,1954.55,Yes,Yes,FI-PL
SHP900000957,DLV800000957,2025-03-12,CAR05,DK,CPT,Air,1000,2811.9,4,2,4624.5,Yes,No,FI-DK
SHP900000958,DLV800000958,2026-03-02,CAR06,NL,CPT,Air,1850,6521.8,10,1,8562.89,Yes,Yes,FI-NL
SHP900000959,DLV800000959,2025-02-16,CAR03,CN,CIP,Road,7700,4026.5,10,13,5282.35,Yes,No,FI-CN
SHP900000960,DLV800000960,2025-06-02,CAR06,CN,CIP,Air,7700,6789.9,11,4,26693.8,Yes,Yes,FI-CN
SHP900000961,DLV800000961,2025-01-17,CAR04,US,DAP,Road,7200,2722.4,5,11,4081.21,Yes,Yes,FI-US
SHP900000962,DLV800000962,2026-06-06,CAR06,ES,CPT,Air,3500,5823.4,9,3,10850.23,Yes,No,FI-ES
SHP900000963,DLV800000963,2025-03-04,CAR02,ES,CIP,Road,3500,1963.0,5,5,2183.38,Yes,Yes,FI-ES
SHP900000964,DLV800000964,2025-04-09,CAR06,NO,FCA,Air,900,3635.9,6,1,0.0,No,Yes,FI-NO
SHP900000965,DLV800000965,2026-03-28,CAR08,US,CPT,Sea,7200,2550.7,6,24,3034.74,Yes,Yes,FI-US
SHP900000966,DLV800000966,2025-11-08,CAR04,US,DAP,Road,7200,2373.9,5,18,4571.27,Yes,No,FI-US
SHP900000967,DLV800000967,2025-09-25,CAR01,NO,DAP,Road,900,2110.3,5,1,801.97,Yes,Yes,FI-NO
SHP900000968,DLV800000968,2025-02-21,CAR08,ES,CPT,Sea,3500,5372.5,10,11,1646.89,Yes,Yes,FI-ES
SHP900000969,DLV800000969,2025-09-21,CAR02,US,DDP,Road,7200,2377.3,5,11,4051.58,Yes,Yes,FI-US
SHP900000970,DLV800000970,2026-02-02,CAR08,DE,CPT,Sea,1650,1087.0,2,7,781.07,Yes,Yes,FI-DE
SHP900000971,DLV800000971,2025-12-15,CAR06,NL,CIP,Air,1850,4585.7,9,1,6868.82,Yes,Yes,FI-NL
SHP900000972,DLV800000972,2025-04-29,CAR05,IT,CIP,Air,2900,2134.6,6,1,7596.29,Yes,Yes,FI-IT
SHP900000973,DLV800000973,2026-03-31,CAR05,SE,FCA,Air,650,1741.5,4,2,0.0,No,No,FI-SE
SHP900000974,DLV800000974,2025-12-14,CAR06,IT,DAP,Air,2900,5373.1,15,1,10741.28,Yes,Yes,FI-IT
SHP900000975,DLV800000975,2025-03-17,CAR07,DK,EXW,Sea,1000,3085.2,9,5,0.0,No,Yes,FI-DK
SHP900000976,DLV800000976,2025-09-29,CAR08,PL,CIP,Sea,1450,2217.3,6,6,897.3,Yes,No,FI-PL
SHP900000977,DLV800000977,2026-01-04,CAR02,NO,CIP,Road,900,2986.8,6,1,912.57,Yes,Yes,FI-NO
SHP900000978,DLV800000978,2025-08-31,CAR07,DK,CPT,Sea,1000,432.8,1,11,486.57,Yes,No,FI-DK
SHP900000979,DLV800000979,2025-08-05,CAR05,DK,CIP,Air,1000,1351.2,2,1,4376.64,Yes,Yes,FI-DK
SHP900000980,DLV800000980,2025-11-09,CAR03,DE,CPT,Road,1650,4994.5,8,4,1618.57,Yes,No,FI-DE
SHP900000981,DLV800000981,2025-01-21,CAR05,SE,CPT,Air,650,1621.4,3,1,3236.34,Yes,Yes,FI-SE
SHP900000982,DLV800000982,2025-01-21,CAR03,NL,CPT,Road,1850,1683.9,3,3,1518.3,Yes,Yes,FI-NL
SHP900000983,DLV800000983,2026-05-29,CAR02,DE,FCA,Road,1650,6699.7,11,3,0.0,No,Yes,FI-DE
SHP900000984,DLV800000984,2025-06-17,CAR02,NO,FCA,Road,900,5534.3,10,2,0.0,No,No,FI-NO
SHP900000985,DLV800000985,2025-11-06,CAR06,NO,DAP,Air,900,1931.8,3,7,4172.77,Yes,No,FI-NO
SHP900000986,DLV800000986,2025-11-18,CAR06,NO,CPT,Air,900,3740.3,6,1,5585.68,Yes,Yes,FI-NO
SHP900000987,DLV800000987,2026-04-04,CAR02,NL,FCA,Road,1850,3881.7,7,3,0.0,No,Yes,FI-NL
SHP900000988,DLV800000988,2025-08-06,CAR02,IT,CIP,Road,2900,5456.8,12,5,2426.29,Yes,No,FI-IT
SHP900000989,DLV800000989,2025-05-16,CAR05,SE,FCA,Air,650,1723.3,4,1,0.0,No,Yes,FI-SE
SHP900000990,DLV800000990,2026-03-28,CAR02,FI,EXW,Road,250,6152.8,13,2,0.0,No,No,FI-FI
SHP900000991,DLV800000991,2025-02-12,CAR08,DE,DDP,Sea,1650,6800.1,16,8,1213.57,Yes,No,FI-DE
SHP900000992,DLV800000992,2026-03-04,CAR06,NO,EXW,Air,900,1056.6,2,1,0.0,No,Yes,FI-NO
SHP900000993,DLV800000993,2025-11-02,CAR07,IT,CIP,Sea,2900,1158.0,2,9,1300.3,Yes,Yes,FI-IT
SHP900000994,DLV800000994,2026-04-21,CAR05,PL,CIP,Air,1450,172.4,1,1,3958.24,Yes,Yes,FI-PL
SHP900000995,DLV800000995,2026-05-13,CAR01,ES,DDP,Road,3500,6730.5,13,5,2477.76,Yes,Yes,FI-ES
SHP900000996,DLV800000996,2026-01-13,CAR02,IT,DAP,Road,2900,2757.1,4,4,2070.05,Yes,Yes,FI-IT
SHP900000997,DLV800000997,2025-09-09,CAR02,NO,DDP,Road,900,2828.7,8,2,869.48,Yes,No,FI-NO
SHP900000998,DLV800000998,2026-06-03,CAR01,PL,CIP,Road,1450,5415.7,11,2,1458.88,Yes,Yes,FI-PL
SHP900000999,DLV800000999,2025-03-25,CAR05,IT,FCA,Air,2900,3375.7,7,2,0.0,No,No,FI-IT
SHP900001000,DLV800001000,2025-12-19,CAR07,DE,CIP,Sea,1650,1079.3,2,7,689.1,Yes,Yes,FI-DE
SHP900001001,DLV800001001,2026-05-04,CAR06,ES,CPT,Air,3500,3193.0,6,2,11172.9,Yes,Yes,FI-ES
SHP900001002,DLV800001002,2025-12-16,CAR01,FR,FCA,Road,2400,6373.2,11,4,0.0,No,Yes,FI-FR
SHP900001003,DLV800001003,2026-02-03,CAR06,FI,EXW,Air,250,1485.6,3,1,0.0,No,Yes,FI-FI
SHP900001004,DLV800001004,2026-04-06,CAR05,IT,FCA,Air,2900,2292.4,3,2,0.0,No,No,FI-IT
SHP900001005,DLV800001005,2025-08-26,CAR08,CN,DAP,Sea,7700,4073.6,8,27,3589.44,Yes,No,FI-CN
SHP900001006,DLV800001006,2026-05-24,CAR08,CN,CPT,Sea,7700,1987.9,4,32,2583.07,Yes,No,FI-CN
SHP900001007,DLV800001007,2025-08-10,CAR08,DE,DAP,Sea,1650,1160.5,3,7,802.4,Yes,Yes,FI-DE
SHP900001008,DLV800001008,2025-10-30,CAR06,ES,DAP,Air,3500,3324.4,7,2,11078.52,Yes,Yes,FI-ES
SHP900001009,DLV800001009,2026-04-16,CAR06,DE,CPT,Air,1650,1494.3,3,2,5126.16,Yes,No,FI-DE
SHP900001010,DLV800001010,2025-01-06,CAR01,US,DDP,Road,7200,109.5,1,12,4515.75,Yes,No,FI-US
SHP900001011,DLV800001011,2026-02-21,CAR03,CN,DDP,Road,7700,4384.8,7,12,5657.79,Yes,Yes,FI-CN
SHP900001012,DLV800001012,2026-04-24,CAR08,FR,CIP,Sea,2400,1035.9,2,9,1030.99,Yes,Yes,FI-FR
SHP900001013,DLV800001013,2025-03-28,CAR08,NO,EXW,Sea,900,2953.5,7,9,0.0,No,No,FI-NO
SHP900001014,DLV800001014,2025-06-18,CAR07,FI,CPT,Sea,250,391.6,1,5,210.96,Yes,Yes,FI-FI
SHP900001015,DLV800001015,2025-01-20,CAR05,DK,FCA,Air,1000,1609.2,2,1,0.0,No,Yes,FI-DK
SHP900001016,DLV800001016,2025-07-12,CAR06,PL,CIP,Air,1450,659.7,1,2,4192.81,Yes,No,FI-PL
SHP900001017,DLV800001017,2026-01-24,CAR01,CN,EXW,Road,7700,1740.5,4,12,0.0,No,Yes,FI-CN
SHP900001018,DLV800001018,2026-01-03,CAR01,ES,CPT,Road,3500,6821.8,14,8,3429.68,Yes,No,FI-ES
SHP900001019,DLV800001019,2025-01-27,CAR06,NO,FCA,Air,900,2796.3,5,2,0.0,No,No,FI-NO
SHP900001020,DLV800001020,2025-05-12,CAR04,FI,CIP,Road,250,6327.9,12,1,1207.57,Yes,Yes,FI-FI
SHP900001021,DLV800001021,2026-04-24,CAR03,DK,CPT,Road,1000,1444.8,2,3,739.39,Yes,No,FI-DK
SHP900001022,DLV800001022,2026-02-21,CAR05,NO,CPT,Air,900,2188.7,6,1,3368.52,Yes,Yes,FI-NO
SHP900001023,DLV800001023,2026-06-02,CAR03,DK,CPT,Road,1000,3703.7,8,2,1214.38,Yes,Yes,FI-DK
SHP900001024,DLV800001024,2025-06-12,CAR01,NO,EXW,Road,900,2806.5,5,2,0.0,No,No,FI-NO
SHP900001025,DLV800001025,2025-03-10,CAR03,ES,CIP,Road,3500,2257.2,4,5,2600.65,Yes,Yes,FI-ES
SHP900001026,DLV800001026,2026-04-01,CAR03,NL,CPT,Road,1850,3384.5,5,3,1496.68,Yes,Yes,FI-NL
SHP900001027,DLV800001027,2026-01-12,CAR04,CN,CPT,Road,7700,3758.3,7,15,4802.08,Yes,No,FI-CN
SHP900001028,DLV800001028,2025-06-05,CAR05,SE,FCA,Air,650,2415.4,4,2,0.0,No,No,FI-SE
SHP900001029,DLV800001029,2026-01-08,CAR08,ES,EXW,Sea,3500,4695.1,13,12,0.0,No,No,FI-ES
SHP900001030,DLV800001030,2025-05-13,CAR06,NO,EXW,Air,900,1690.8,3,1,0.0,No,Yes,FI-NO
SHP900001031,DLV800001031,2025-09-28,CAR08,ES,DAP,Sea,3500,4165.9,11,11,1716.11,Yes,Yes,FI-ES
SHP900001032,DLV800001032,2025-05-07,CAR06,US,DDP,Air,7200,4222.7,6,4,24075.07,Yes,Yes,FI-US
SHP900001033,DLV800001033,2026-04-13,CAR06,FR,DAP,Air,2400,5680.6,9,1,10062.98,Yes,Yes,FI-FR
SHP900001034,DLV800001034,2025-03-18,CAR07,NO,EXW,Sea,900,4038.5,6,9,0.0,No,No,FI-NO
SHP900001035,DLV800001035,2026-03-17,CAR08,FR,FCA,Sea,2400,4418.8,9,9,0.0,No,Yes,FI-FR
SHP900001036,DLV800001036,2025-06-13,CAR08,DE,CPT,Sea,1650,5276.2,8,14,1001.68,Yes,No,FI-DE
SHP900001037,DLV800001037,2025-02-16,CAR01,IT,DAP,Road,2900,4080.8,8,4,1913.01,Yes,Yes,FI-IT
SHP900001038,DLV800001038,2025-01-05,CAR01,FI,CPT,Road,250,2037.2,5,1,493.77,Yes,Yes,FI-FI
SHP900001039,DLV800001039,2025-09-20,CAR03,CN,FCA,Road,7700,399.8,1,12,0.0,No,Yes,FI-CN
SHP900001040,DLV800001040,2025-03-01,CAR05,CN,DDP,Air,7700,5272.4,13,4,20509.82,Yes,Yes,FI-CN
SHP900001041,DLV800001041,2025-11-29,CAR02,DE,CPT,Road,1650,907.3,2,3,1054.52,Yes,Yes,FI-DE
SHP900001042,DLV800001042,2025-11-08,CAR05,NL,CPT,Air,1850,4800.2,7,1,7853.16,Yes,Yes,FI-NL
SHP900001043,DLV800001043,2025-09-08,CAR02,FR,DDP,Road,2400,5200.0,10,4,2317.42,Yes,Yes,FI-FR
SHP900001044,DLV800001044,2025-07-25,CAR06,PL,EXW,Air,1450,2125.3,4,1,0.0,No,Yes,FI-PL
SHP900001045,DLV800001045,2026-04-03,CAR05,SE,FCA,Air,650,6449.9,16,1,0.0,No,Yes,FI-SE
SHP900001046,DLV800001046,2026-05-15,CAR02,DK,FCA,Road,1000,6624.2,15,2,0.0,No,Yes,FI-DK
SHP900001047,DLV800001047,2026-02-09,CAR05,DK,DDP,Air,1000,6059.9,10,1,6860.19,Yes,Yes,FI-DK
SHP900001048,DLV800001048,2025-08-13,CAR08,NO,CPT,Sea,900,167.3,1,5,390.93,Yes,Yes,FI-NO
SHP900001049,DLV800001049,2025-08-20,CAR04,DK,EXW,Road,1000,180.8,1,2,0.0,No,Yes,FI-DK
SHP900001050,DLV800001050,2026-04-13,CAR04,NL,DAP,Road,1850,904.8,1,3,1201.63,Yes,Yes,FI-NL
SHP900001051,DLV800001051,2026-01-07,CAR08,FI,CIP,Sea,250,6983.7,19,6,643.14,Yes,No,FI-FI
SHP900001052,DLV800001052,2026-02-04,CAR05,US,DDP,Air,7200,947.2,2,4,21329.96,Yes,Yes,FI-US
SHP900001053,DLV800001053,2025-03-14,CAR08,FI,CIP,Sea,250,5208.2,9,5,549.82,Yes,Yes,FI-FI
SHP900001054,DLV800001054,2026-04-26,CAR02,DE,CIP,Road,1650,3042.7,7,4,1651.06,Yes,No,FI-DE
SHP900001055,DLV800001055,2026-02-22,CAR03,US,DDP,Road,7200,4709.3,7,12,5016.71,Yes,No,FI-US
SHP900001056,DLV800001056,2025-05-14,CAR07,CN,CPT,Sea,7700,319.5,1,27,2741.55,Yes,No,FI-CN
SHP900001057,DLV800001057,2025-12-30,CAR07,IT,CPT,Sea,2900,4858.3,10,10,1746.9,Yes,No,FI-IT
SHP900001058,DLV800001058,2025-02-07,CAR01,IT,DAP,Road,2900,5136.8,9,4,2377.94,Yes,Yes,FI-IT
SHP900001059,DLV800001059,2025-07-31,CAR02,IT,CPT,Road,2900,3675.3,7,5,2216.17,Yes,No,FI-IT
SHP900001060,DLV800001060,2025-12-24,CAR06,CN,FCA,Air,7700,2691.2,4,5,0.0,No,No,FI-CN
SHP900001061,DLV800001061,2025-06-25,CAR03,IT,CPT,Road,2900,5076.3,7,5,2066.85,Yes,No,FI-IT
SHP900001062,DLV800001062,2025-07-13,CAR05,US,CIP,Air,7200,5079.3,8,5,25023.72,Yes,No,FI-US
SHP900001063,DLV800001063,2026-03-26,CAR01,DK,CIP,Road,1000,4264.7,10,2,1195.36,Yes,Yes,FI-DK
SHP900001064,DLV800001064,2025-09-22,CAR05,SE,FCA,Air,650,3162.6,8,2,0.0,No,No,FI-SE
SHP900001065,DLV800001065,2025-04-13,CAR06,IT,DAP,Air,2900,1474.4,3,1,9996.29,Yes,Yes,FI-IT
SHP900001066,DLV800001066,2026-03-24,CAR01,SE,DAP,Road,650,3718.9,5,1,923.75,Yes,Yes,FI-SE
SHP900001067,DLV800001067,2026-04-30,CAR04,DK,CIP,Road,1000,4822.0,9,2,1320.02,Yes,Yes,FI-DK
SHP900001068,DLV800001068,2025-10-12,CAR07,NO,EXW,Sea,900,4663.6,12,5,0.0,No,Yes,FI-NO
SHP900001069,DLV800001069,2025-01-24,CAR05,NL,CPT,Air,1850,5047.9,9,6,8277.26,Yes,No,FI-NL
SHP900001070,DLV800001070,2026-05-19,CAR04,IT,CIP,Road,2900,2661.2,5,4,1738.58,Yes,Yes,FI-IT
SHP900001071,DLV800001071,2025-03-01,CAR04,DE,CPT,Road,1650,2171.3,3,3,1539.32,Yes,Yes,FI-DE
SHP900001072,DLV800001072,2026-02-24,CAR05,FR,FCA,Air,2400,4861.5,10,8,0.0,No,No,FI-FR
SHP900001073,DLV800001073,2025-12-09,CAR07,IT,FCA,Sea,2900,917.9,3,9,0.0,No,Yes,FI-IT
SHP900001074,DLV800001074,2026-01-23,CAR05,DK,EXW,Air,1000,3645.0,6,1,0.0,No,Yes,FI-DK
SHP900001075,DLV800001075,2025-06-14,CAR02,DE,DDP,Road,1650,4976.2,8,3,1864.17,Yes,Yes,FI-DE
SHP900001076,DLV800001076,2025-10-25,CAR03,DK,CPT,Road,1000,2931.5,6,2,1037.9,Yes,Yes,FI-DK
SHP900001077,DLV800001077,2025-10-13,CAR06,ES,DAP,Air,3500,3900.6,9,2,11766.57,Yes,Yes,FI-ES
SHP900001078,DLV800001078,2025-09-04,CAR04,PL,DAP,Road,1450,5868.1,9,2,1896.85,Yes,Yes,FI-PL
SHP900001079,DLV800001079,2026-01-20,CAR03,FI,FCA,Road,250,4029.1,11,1,0.0,No,Yes,FI-FI
SHP900001080,DLV800001080,2025-03-31,CAR01,SE,FCA,Road,650,902.6,2,1,0.0,No,Yes,FI-SE
SHP900001081,DLV800001081,2026-05-09,CAR03,PL,DAP,Road,1450,577.1,2,2,1099.7,Yes,Yes,FI-PL
SHP900001082,DLV800001082,2025-04-14,CAR02,IT,FCA,Road,2900,2224.6,6,4,0.0,No,Yes,FI-IT
SHP900001083,DLV800001083,2026-04-06,CAR01,ES,CPT,Road,3500,5652.5,8,6,2746.81,Yes,No,FI-ES
SHP900001084,DLV800001084,2025-03-11,CAR08,DE,CPT,Sea,1650,2223.5,6,7,940.25,Yes,Yes,FI-DE
SHP900001085,DLV800001085,2026-04-24,CAR06,FR,CIP,Air,2400,1527.1,2,1,7358.74,Yes,Yes,FI-FR
SHP900001086,DLV800001086,2025-08-22,CAR08,DE,EXW,Sea,1650,650.1,1,7,0.0,No,Yes,FI-DE
SHP900001087,DLV800001087,2026-01-29,CAR05,PL,EXW,Air,1450,4531.9,12,2,0.0,No,No,FI-PL
SHP900001088,DLV800001088,2025-02-06,CAR07,FR,FCA,Sea,2400,1185.2,3,10,0.0,No,No,FI-FR
SHP900001089,DLV800001089,2025-01-21,CAR07,FI,DAP,Sea,250,6141.4,13,5,693.24,Yes,Yes,FI-FI
SHP900001090,DLV800001090,2026-06-13,CAR05,ES,CPT,Air,3500,6451.8,13,2,12863.92,Yes,Yes,FI-ES
SHP900001091,DLV800001091,2025-08-12,CAR08,SE,CPT,Sea,650,3125.7,8,5,651.74,Yes,Yes,FI-SE
SHP900001092,DLV800001092,2026-03-09,CAR08,SE,EXW,Sea,650,2077.3,3,10,0.0,No,No,FI-SE
SHP900001093,DLV800001093,2026-03-06,CAR06,NL,DAP,Air,1850,4655.2,8,1,9118.8,Yes,Yes,FI-NL
SHP900001094,DLV800001094,2025-08-18,CAR06,NL,DDP,Air,1850,2540.5,4,9,7508.04,Yes,No,FI-NL
SHP900001095,DLV800001095,2025-06-30,CAR05,FI,CPT,Air,250,6702.0,12,1,5144.09,Yes,Yes,FI-FI
SHP900001096,DLV800001096,2026-04-09,CAR04,FR,FCA,Road,2400,3560.8,6,9,0.0,No,No,FI-FR
SHP900001097,DLV800001097,2025-12-19,CAR04,NO,CIP,Road,900,6064.3,10,1,1323.66,Yes,Yes,FI-NO
SHP900001098,DLV800001098,2025-03-20,CAR02,FR,CPT,Road,2400,2751.9,4,4,1771.37,Yes,Yes,FI-FR
SHP900001099,DLV800001099,2025-04-10,CAR06,NL,CIP,Air,1850,876.4,2,1,4801.15,Yes,Yes,FI-NL
SHP900001100,DLV800001100,2026-01-12,CAR04,CN,DDP,Road,7700,4183.9,12,13,5724.22,Yes,No,FI-CN
SHP900001101,DLV800001101,2025-01-04,CAR06,US,CIP,Air,7200,5884.3,15,4,22385.07,Yes,Yes,FI-US
SHP900001102,DLV800001102,2025-06-01,CAR07,PL,DDP,Sea,1450,79.4,1,5,677.48,Yes,Yes,FI-PL
SHP900001103,DLV800001103,2025-11-27,CAR01,SE,EXW,Road,650,5520.8,8,1,0.0,No,Yes,FI-SE
SHP900001104,DLV800001104,2025-03-29,CAR02,CN,FCA,Road,7700,4672.1,10,12,0.0,No,Yes,FI-CN
SHP900001105,DLV800001105,2026-02-15,CAR01,ES,DAP,Road,3500,900.3,2,5,2541.4,Yes,Yes,FI-ES
SHP900001106,DLV800001106,2026-02-24,CAR04,FR,CIP,Road,2400,5411.5,10,11,1875.58,Yes,No,FI-FR
SHP900001107,DLV800001107,2025-03-20,CAR01,NO,FCA,Road,900,4477.4,8,2,0.0,No,No,FI-NO
SHP900001108,DLV800001108,2025-06-07,CAR04,CN,DDP,Road,7700,2982.2,7,12,5512.03,Yes,Yes,FI-CN
SHP900001109,DLV800001109,2026-04-15,CAR02,ES,CPT,Road,3500,502.0,1,5,1957.54,Yes,Yes,FI-ES
SHP900001110,DLV800001110,2025-05-29,CAR06,NO,EXW,Air,900,3243.8,7,1,0.0,No,Yes,FI-NO
SHP900001111,DLV800001111,2025-06-17,CAR06,ES,DAP,Air,3500,1970.6,3,3,11606.44,Yes,No,FI-ES
SHP900001112,DLV800001112,2026-03-17,CAR07,CN,DDP,Sea,7700,352.9,1,26,3034.77,Yes,Yes,FI-CN
SHP900001113,DLV800001113,2026-05-23,CAR01,IT,CPT,Road,2900,4629.7,8,4,2542.63,Yes,Yes,FI-IT
SHP900001114,DLV800001114,2026-05-01,CAR03,PL,DAP,Road,1450,5001.3,11,2,1497.26,Yes,Yes,FI-PL
SHP900001115,DLV800001115,2026-02-25,CAR08,DK,EXW,Sea,1000,1356.1,3,12,0.0,No,No,FI-DK
SHP900001116,DLV800001116,2025-11-21,CAR01,SE,EXW,Road,650,6792.1,11,2,0.0,No,No,FI-SE
SHP900001117,DLV800001117,2025-11-17,CAR06,DK,DDP,Air,1000,624.8,2,1,3642.02,Yes,Yes,FI-DK
SHP900001118,DLV800001118,2026-03-10,CAR08,PL,EXW,Sea,1450,750.8,2,12,0.0,No,No,FI-PL
SHP900001119,DLV800001119,2025-06-12,CAR05,IT,DAP,Air,2900,5209.5,10,1,9489.71,Yes,Yes,FI-IT
SHP900001120,DLV800001120,2025-05-18,CAR05,NO,DDP,Air,900,3666.3,9,1,4320.6,Yes,Yes,FI-NO
SHP900001121,DLV800001121,2025-12-25,CAR04,FR,DAP,Road,2400,4331.8,7,4,2043.39,Yes,Yes,FI-FR
SHP900001122,DLV800001122,2025-03-09,CAR08,NO,FCA,Sea,900,4415.7,10,5,0.0,No,Yes,FI-NO
SHP900001123,DLV800001123,2025-04-03,CAR06,NO,FCA,Air,900,4829.8,8,1,0.0,No,Yes,FI-NO
SHP900001124,DLV800001124,2025-06-25,CAR03,CN,FCA,Road,7700,929.1,2,12,0.0,No,Yes,FI-CN
SHP900001125,DLV800001125,2025-07-11,CAR04,NO,EXW,Road,900,4033.0,6,1,0.0,No,Yes,FI-NO
SHP900001126,DLV800001126,2025-01-26,CAR03,ES,DAP,Road,3500,4297.1,7,6,2598.9,Yes,No,FI-ES
SHP900001127,DLV800001127,2025-07-30,CAR05,US,EXW,Air,7200,3068.2,7,4,0.0,No,Yes,FI-US
SHP900001128,DLV800001128,2025-10-19,CAR01,FR,EXW,Road,2400,692.0,1,4,0.0,No,Yes,FI-FR
SHP900001129,DLV800001129,2025-06-19,CAR07,NO,DAP,Sea,900,2245.4,6,5,611.36,Yes,Yes,FI-NO
SHP900001130,DLV800001130,2025-07-18,CAR07,PL,EXW,Sea,1450,4883.3,12,5,0.0,No,Yes,FI-PL
SHP900001131,DLV800001131,2025-07-13,CAR01,IT,CPT,Road,2900,429.1,1,4,1942.41,Yes,Yes,FI-IT
SHP900001132,DLV800001132,2025-12-13,CAR07,FR,FCA,Sea,2400,5440.8,9,9,0.0,No,Yes,FI-FR
SHP900001133,DLV800001133,2026-04-16,CAR07,NL,DAP,Sea,1850,3734.7,10,7,961.92,Yes,Yes,FI-NL
SHP900001134,DLV800001134,2026-06-03,CAR06,DE,DAP,Air,1650,5600.9,9,2,7329.49,Yes,No,FI-DE
SHP900001135,DLV800001135,2025-08-11,CAR03,NO,CPT,Road,900,2570.3,4,7,799.53,Yes,No,FI-NO
SHP900001136,DLV800001136,2026-03-27,CAR06,CN,DAP,Air,7700,6926.4,11,4,21662.69,Yes,Yes,FI-CN
SHP900001137,DLV800001137,2026-04-20,CAR05,CN,DDP,Air,7700,755.4,1,12,17008.54,Yes,No,FI-CN
SHP900001138,DLV800001138,2026-04-20,CAR06,ES,DDP,Air,3500,840.5,2,2,9488.55,Yes,Yes,FI-ES
SHP900001139,DLV800001139,2026-06-09,CAR07,IT,EXW,Sea,2900,3567.9,6,10,0.0,No,No,FI-IT
SHP900001140,DLV800001140,2026-05-20,CAR04,IT,EXW,Road,2900,4242.0,7,4,0.0,No,Yes,FI-IT
SHP900001141,DLV800001141,2025-11-29,CAR03,ES,CPT,Road,3500,3800.8,7,9,2434.74,Yes,No,FI-ES
SHP900001142,DLV800001142,2026-06-05,CAR06,NO,CIP,Air,900,6785.0,13,1,7034.9,Yes,Yes,FI-NO
SHP900001143,DLV800001143,2026-04-25,CAR01,FI,CPT,Road,250,4584.7,10,1,764.73,Yes,Yes,FI-FI
SHP900001144,DLV800001144,2025-11-11,CAR05,FR,DAP,Air,2400,5214.4,13,1,9984.48,Yes,Yes,FI-FR
SHP900001145,DLV800001145,2025-10-28,CAR05,NL,CIP,Air,1850,1836.0,4,1,6588.56,Yes,Yes,FI-NL
SHP900001146,DLV800001146,2026-06-10,CAR04,IT,DDP,Road,2900,6763.9,14,5,2903.84,Yes,No,FI-IT
SHP900001147,DLV800001147,2026-05-21,CAR04,FR,DDP,Road,2400,6937.1,12,4,2320.36,Yes,Yes,FI-FR
SHP900001148,DLV800001148,2026-03-29,CAR04,CN,FCA,Road,7700,4468.6,11,13,0.0,No,No,FI-CN
SHP900001149,DLV800001149,2024-12-30,CAR01,US,DAP,Road,7200,1405.7,2,11,4089.53,Yes,Yes,FI-US
SHP900001150,DLV800001150,2026-02-18,CAR04,FI,DAP,Road,250,5367.8,9,1,837.14,Yes,Yes,FI-FI
SHP900001151,DLV800001151,2025-06-08,CAR07,NO,FCA,Sea,900,1859.5,3,5,0.0,No,Yes,FI-NO
SHP900001152,DLV800001152,2025-09-06,CAR03,DK,DDP,Road,1000,6207.0,11,2,1554.38,Yes,Yes,FI-DK
SHP900001153,DLV800001153,2026-04-07,CAR06,NL,CPT,Air,1850,543.3,1,1,5185.95,Yes,Yes,FI-NL
SHP900001154,DLV800001154,2026-02-05,CAR05,NL,DAP,Air,1850,4191.5,6,1,6655.88,Yes,Yes,FI-NL
SHP900001155,DLV800001155,2025-11-28,CAR01,US,DDP,Road,7200,6347.3,12,12,4516.8,Yes,No,FI-US
SHP900001156,DLV800001156,2025-10-28,CAR01,CN,CIP,Road,7700,2615.7,6,12,5503.92,Yes,Yes,FI-CN
SHP900001157,DLV800001157,2026-02-20,CAR06,ES,EXW,Air,3500,4251.8,7,3,0.0,No,No,FI-ES
SHP900001158,DLV800001158,2026-05-11,CAR04,DK,CPT,Road,1000,4758.3,10,2,1067.54,Yes,Yes,FI-DK
SHP900001159,DLV800001159,2026-01-20,CAR04,NO,FCA,Road,900,462.6,1,8,0.0,No,No,FI-NO
SHP900001160,DLV800001160,2026-04-09,CAR01,NL,CPT,Road,1850,4757.2,12,4,1485.48,Yes,No,FI-NL
SHP900001161,DLV800001161,2025-01-30,CAR04,ES,CPT,Road,3500,5105.0,9,6,2439.07,Yes,No,FI-ES
SHP900001162,DLV800001162,2025-03-11,CAR04,DK,CPT,Road,1000,5955.2,14,3,1409.73,Yes,No,FI-DK
SHP900001163,DLV800001163,2025-02-12,CAR03,NO,DAP,Road,900,3128.0,7,1,999.18,Yes,Yes,FI-NO
SHP900001164,DLV800001164,2025-11-24,CAR06,FI,FCA,Air,250,463.1,1,2,0.0,No,No,FI-FI
SHP900001165,DLV800001165,2025-06-17,CAR01,NO,DDP,Road,900,2578.8,5,2,830.23,Yes,No,FI-NO
SHP900001166,DLV800001166,2026-03-02,CAR08,DE,CPT,Sea,1650,6420.2,9,7,1065.7,Yes,Yes,FI-DE
SHP900001167,DLV800001167,2026-04-19,CAR04,FR,CPT,Road,2400,4902.6,11,4,1949.87,Yes,Yes,FI-FR
SHP900001168,DLV800001168,2025-02-20,CAR08,FR,DAP,Sea,2400,3671.5,6,10,1097.35,Yes,No,FI-FR
SHP900001169,DLV800001169,2025-03-10,CAR07,NO,CPT,Sea,900,549.5,1,6,441.94,Yes,No,FI-NO
SHP900001170,DLV800001170,2026-02-07,CAR07,NL,DAP,Sea,1850,2664.7,4,7,1126.53,Yes,Yes,FI-NL
SHP900001171,DLV800001171,2025-05-24,CAR06,ES,CIP,Air,3500,960.7,2,2,9073.63,Yes,Yes,FI-ES
SHP900001172,DLV800001172,2026-02-12,CAR05,NL,EXW,Air,1850,167.5,1,1,0.0,No,Yes,FI-NL
SHP900001173,DLV800001173,2026-06-07,CAR02,CN,CIP,Road,7700,4552.6,8,12,4260.15,Yes,Yes,FI-CN
SHP900001174,DLV800001174,2025-08-15,CAR01,DE,CPT,Road,1650,1087.1,2,9,1151.35,Yes,No,FI-DE
SHP900001175,DLV800001175,2025-03-09,CAR01,US,CPT,Road,7200,3489.6,6,11,3868.15,Yes,Yes,FI-US
SHP900001176,DLV800001176,2025-05-30,CAR01,NO,FCA,Road,900,1630.6,3,2,0.0,No,No,FI-NO
SHP900001177,DLV800001177,2025-06-21,CAR01,NO,EXW,Road,900,3329.4,6,2,0.0,No,No,FI-NO
SHP900001178,DLV800001178,2026-03-06,CAR06,US,DAP,Air,7200,2445.4,5,5,21400.01,Yes,No,FI-US
SHP900001179,DLV800001179,2025-06-18,CAR05,ES,CIP,Air,3500,1502.0,3,3,11810.07,Yes,No,FI-ES
SHP900001180,DLV800001180,2025-07-10,CAR06,US,FCA,Air,7200,5198.7,8,4,0.0,No,Yes,FI-US
SHP900001181,DLV800001181,2025-04-24,CAR08,US,CIP,Sea,7200,5664.1,11,24,3278.03,Yes,Yes,FI-US
SHP900001182,DLV800001182,2026-01-31,CAR06,FI,CPT,Air,250,436.4,1,1,1574.2,Yes,Yes,FI-FI
SHP900001183,DLV800001183,2025-02-13,CAR07,IT,FCA,Sea,2900,3074.0,7,9,0.0,No,Yes,FI-IT
SHP900001184,DLV800001184,2026-03-23,CAR04,NL,CPT,Road,1850,3641.0,6,3,1813.04,Yes,Yes,FI-NL
SHP900001185,DLV800001185,2026-03-06,CAR05,IT,CPT,Air,2900,1722.1,3,1,8597.43,Yes,Yes,FI-IT
SHP900001186,DLV800001186,2026-04-08,CAR04,IT,EXW,Road,2900,6013.2,14,4,0.0,No,Yes,FI-IT
SHP900001187,DLV800001187,2025-05-17,CAR08,NL,CIP,Sea,1850,3633.8,6,7,1042.75,Yes,Yes,FI-NL
SHP900001188,DLV800001188,2025-05-24,CAR02,IT,DAP,Road,2900,5110.0,11,4,2227.54,Yes,Yes,FI-IT
SHP900001189,DLV800001189,2025-09-07,CAR05,FI,EXW,Air,250,6907.1,10,9,0.0,No,No,FI-FI
SHP900001190,DLV800001190,2026-04-13,CAR05,SE,FCA,Air,650,5830.3,14,1,0.0,No,Yes,FI-SE
SHP900001191,DLV800001191,2026-05-26,CAR07,FR,CIP,Sea,2400,6586.7,14,10,1373.76,Yes,No,FI-FR
SHP900001192,DLV800001192,2025-10-28,CAR05,IT,DAP,Air,2900,5062.6,9,1,11414.62,Yes,Yes,FI-IT
SHP900001193,DLV800001193,2025-01-01,CAR07,DK,DDP,Sea,1000,6937.6,10,12,1028.88,Yes,No,FI-DK
SHP900001194,DLV800001194,2026-06-08,CAR07,DE,DAP,Sea,1650,5519.8,11,7,1026.85,Yes,Yes,FI-DE
SHP900001195,DLV800001195,2025-03-10,CAR06,CN,CIP,Air,7700,6078.6,16,5,26990.62,Yes,No,FI-CN
SHP900001196,DLV800001196,2025-12-05,CAR01,FR,CIP,Road,2400,274.8,1,4,1483.77,Yes,Yes,FI-FR
SHP900001197,DLV800001197,2025-08-03,CAR04,DE,FCA,Road,1650,499.8,1,6,0.0,No,No,FI-DE
SHP900001198,DLV800001198,2026-04-10,CAR03,US,CPT,Road,7200,3818.9,11,11,4722.46,Yes,Yes,FI-US
SHP900001199,DLV800001199,2025-02-14,CAR08,NO,CPT,Sea,900,6036.5,13,5,862.3,Yes,Yes,FI-NO
SHP900001200,DLV800001200,2025-10-30,CAR06,DK,FCA,Air,1000,3670.1,8,1,0.0,No,Yes,FI-DK
SHP900001201,DLV800001201,2026-06-15,CAR03,SE,DAP,Road,650,2749.1,4,1,857.45,Yes,Yes,FI-SE
SHP900001202,DLV800001202,2025-06-05,CAR03,DE,CPT,Road,1650,582.3,1,11,1191.84,Yes,No,FI-DE
SHP900001203,DLV800001203,2025-06-19,CAR08,ES,EXW,Sea,3500,3072.3,7,11,0.0,No,Yes,FI-ES
SHP900001204,DLV800001204,2025-05-16,CAR08,FR,CPT,Sea,2400,5179.3,7,15,1477.78,Yes,No,FI-FR
SHP900001205,DLV800001205,2026-05-06,CAR01,NO,CPT,Road,900,2864.7,5,1,891.31,Yes,Yes,FI-NO
SHP900001206,DLV800001206,2025-12-19,CAR05,DK,CPT,Air,1000,6015.7,9,1,6316.85,Yes,Yes,FI-DK
SHP900001207,DLV800001207,2025-12-03,CAR01,US,FCA,Road,7200,5438.4,13,11,0.0,No,Yes,FI-US
SHP900001208,DLV800001208,2025-12-15,CAR03,US,CPT,Road,7200,321.1,1,11,3720.42,Yes,Yes,FI-US
SHP900001209,DLV800001209,2026-02-20,CAR06,NL,CPT,Air,1850,4555.2,10,1,6717.63,Yes,Yes,FI-NL
SHP900001210,DLV800001210,2026-03-05,CAR02,FR,CPT,Road,2400,2679.4,8,5,2091.58,Yes,No,FI-FR
SHP900001211,DLV800001211,2026-03-14,CAR05,DE,DAP,Air,1650,6755.0,17,1,8606.67,Yes,Yes,FI-DE
SHP900001212,DLV800001212,2026-03-24,CAR06,NL,CPT,Air,1850,6581.9,12,2,9171.57,Yes,No,FI-NL
SHP900001213,DLV800001213,2025-01-29,CAR03,DE,CPT,Road,1650,1601.0,2,3,1282.52,Yes,Yes,FI-DE
SHP900001214,DLV800001214,2026-05-28,CAR02,FI,FCA,Road,250,2987.4,5,2,0.0,No,No,FI-FI
SHP900001215,DLV800001215,2025-01-17,CAR02,NL,EXW,Road,1850,2302.8,5,3,0.0,No,Yes,FI-NL
SHP900001216,DLV800001216,2026-06-04,CAR08,NO,CPT,Sea,900,4358.3,9,5,866.02,Yes,Yes,FI-NO
SHP900001217,DLV800001217,2026-05-19,CAR05,US,CIP,Air,7200,1702.7,3,4,17291.77,Yes,Yes,FI-US
SHP900001218,DLV800001218,2025-10-30,CAR02,CN,CIP,Road,7700,6596.2,11,12,4610.5,Yes,Yes,FI-CN
SHP900001219,DLV800001219,2025-03-01,CAR06,US,FCA,Air,7200,6119.5,11,4,0.0,No,Yes,FI-US
SHP900001220,DLV800001220,2026-01-15,CAR03,CN,FCA,Road,7700,311.3,1,12,0.0,No,Yes,FI-CN
SHP900001221,DLV800001221,2025-09-22,CAR08,NO,CPT,Sea,900,2555.8,4,5,545.37,Yes,Yes,FI-NO
SHP900001222,DLV800001222,2025-10-16,CAR03,SE,CIP,Road,650,1657.9,3,1,763.04,Yes,Yes,FI-SE
SHP900001223,DLV800001223,2025-03-27,CAR05,FI,EXW,Air,250,2239.4,4,1,0.0,No,Yes,FI-FI
SHP900001224,DLV800001224,2026-04-30,CAR01,CN,CPT,Road,7700,6332.5,14,12,5075.63,Yes,Yes,FI-CN
SHP900001225,DLV800001225,2025-04-25,CAR02,SE,DDP,Road,650,3326.8,8,1,929.57,Yes,Yes,FI-SE
SHP900001226,DLV800001226,2026-04-14,CAR07,US,DAP,Sea,7200,838.3,2,24,2334.43,Yes,Yes,FI-US
SHP900001227,DLV800001227,2025-07-23,CAR02,NO,DAP,Road,900,3936.6,10,1,1124.34,Yes,Yes,FI-NO
SHP900001228,DLV800001228,2025-03-08,CAR01,ES,CIP,Road,3500,845.6,2,6,2332.43,Yes,No,FI-ES
SHP900001229,DLV800001229,2025-03-11,CAR01,ES,CPT,Road,3500,685.9,1,6,1982.07,Yes,No,FI-ES
SHP900001230,DLV800001230,2025-11-03,CAR07,PL,CPT,Sea,1450,3848.6,7,7,956.13,Yes,No,FI-PL
SHP900001231,DLV800001231,2025-11-24,CAR08,IT,CPT,Sea,2900,4159.3,8,9,1705.93,Yes,Yes,FI-IT
SHP900001232,DLV800001232,2026-04-28,CAR05,SE,DAP,Air,650,2526.0,4,2,3550.48,Yes,No,FI-SE
SHP900001233,DLV800001233,2025-08-01,CAR02,DK,DAP,Road,1000,5104.8,13,2,1526.71,Yes,Yes,FI-DK
SHP900001234,DLV800001234,2026-03-26,CAR01,US,CPT,Road,7200,188.3,1,18,4359.57,Yes,No,FI-US
SHP900001235,DLV800001235,2025-09-07,CAR07,PL,CPT,Sea,1450,3467.3,6,9,833.36,Yes,No,FI-PL
SHP900001236,DLV800001236,2025-03-06,CAR01,FI,CPT,Road,250,1532.0,4,2,491.4,Yes,No,FI-FI
SHP900001237,DLV800001237,2025-07-12,CAR08,NL,CPT,Sea,1850,66.3,1,10,681.47,Yes,No,FI-NL
SHP900001238,DLV800001238,2025-05-22,CAR06,IT,DDP,Air,2900,1504.7,2,1,9920.07,Yes,Yes,FI-IT
SHP900001239,DLV800001239,2025-11-10,CAR01,PL,DDP,Road,1450,3848.2,7,2,1363.74,Yes,Yes,FI-PL
SHP900001240,DLV800001240,2025-08-30,CAR04,ES,FCA,Road,3500,2567.7,6,5,0.0,No,Yes,FI-ES
SHP900001241,DLV800001241,2026-05-04,CAR05,PL,CPT,Air,1450,2820.3,7,1,5462.5,Yes,Yes,FI-PL
SHP900001242,DLV800001242,2025-02-07,CAR08,NO,CPT,Sea,900,5440.5,12,5,723.42,Yes,Yes,FI-NO
SHP900001243,DLV800001243,2025-11-14,CAR03,FR,CPT,Road,2400,740.8,2,4,1316.18,Yes,Yes,FI-FR
SHP900001244,DLV800001244,2026-06-08,CAR07,DK,EXW,Sea,1000,1909.2,3,5,0.0,No,Yes,FI-DK
SHP900001245,DLV800001245,2026-05-26,CAR03,DE,DAP,Road,1650,5654.5,13,3,1973.97,Yes,Yes,FI-DE
SHP900001246,DLV800001246,2025-11-16,CAR05,US,DAP,Air,7200,91.8,1,10,21132.89,Yes,No,FI-US
SHP900001247,DLV800001247,2025-05-19,CAR07,SE,CPT,Sea,650,3316.9,7,5,508.77,Yes,Yes,FI-SE
SHP900001248,DLV800001248,2025-07-28,CAR08,SE,CIP,Sea,650,6597.8,14,5,897.37,Yes,Yes,FI-SE
SHP900001249,DLV800001249,2025-07-15,CAR01,FR,DDP,Road,2400,261.0,1,4,1347.94,Yes,Yes,FI-FR
SHP900001250,DLV800001250,2025-01-18,CAR05,CN,DDP,Air,7700,6729.6,11,4,20022.62,Yes,Yes,FI-CN
SHP900001251,DLV800001251,2026-05-09,CAR07,CN,CPT,Sea,7700,6683.9,15,26,3568.54,Yes,Yes,FI-CN
SHP900001252,DLV800001252,2025-10-26,CAR07,PL,CIP,Sea,1450,939.1,2,6,686.48,Yes,No,FI-PL
SHP900001253,DLV800001253,2025-03-06,CAR02,FI,FCA,Road,250,4888.9,11,1,0.0,No,Yes,FI-FI
SHP900001254,DLV800001254,2025-04-27,CAR04,NO,FCA,Road,900,3615.3,7,1,0.0,No,Yes,FI-NO
SHP900001255,DLV800001255,2026-03-31,CAR01,SE,EXW,Road,650,4464.7,10,1,0.0,No,Yes,FI-SE
SHP900001256,DLV800001256,2025-09-02,CAR02,PL,DAP,Road,1450,1240.9,2,2,1144.24,Yes,Yes,FI-PL
SHP900001257,DLV800001257,2025-05-29,CAR06,DK,CIP,Air,1000,4999.2,8,1,6174.32,Yes,Yes,FI-DK
SHP900001258,DLV800001258,2025-02-17,CAR02,ES,CIP,Road,3500,3322.3,5,5,2369.33,Yes,Yes,FI-ES
SHP900001259,DLV800001259,2025-03-03,CAR03,IT,DAP,Road,2900,1964.8,3,5,2297.24,Yes,No,FI-IT
SHP900001260,DLV800001260,2026-03-02,CAR02,FR,FCA,Road,2400,599.6,2,5,0.0,No,No,FI-FR
SHP900001261,DLV800001261,2026-04-11,CAR04,ES,EXW,Road,3500,6718.5,11,5,0.0,No,Yes,FI-ES
SHP900001262,DLV800001262,2025-07-07,CAR06,US,DDP,Air,7200,3484.2,10,5,20526.16,Yes,No,FI-US
SHP900001263,DLV800001263,2025-12-13,CAR02,IT,CIP,Road,2900,5403.1,8,4,2464.31,Yes,Yes,FI-IT
SHP900001264,DLV800001264,2025-02-26,CAR03,NO,FCA,Road,900,3029.7,5,2,0.0,No,No,FI-NO
SHP900001265,DLV800001265,2026-01-01,CAR04,DK,DAP,Road,1000,961.2,2,2,864.7,Yes,Yes,FI-DK
SHP900001266,DLV800001266,2026-04-28,CAR04,FI,CPT,Road,250,5443.7,10,1,937.37,Yes,Yes,FI-FI
SHP900001267,DLV800001267,2026-03-17,CAR07,CN,DDP,Sea,7700,274.8,1,26,3312.93,Yes,Yes,FI-CN
SHP900001268,DLV800001268,2025-06-04,CAR05,DK,CPT,Air,1000,1256.7,3,1,3216.19,Yes,Yes,FI-DK
SHP900001269,DLV800001269,2025-09-30,CAR05,FR,CIP,Air,2400,4748.6,12,2,9580.83,Yes,No,FI-FR
SHP900001270,DLV800001270,2025-10-01,CAR02,NO,FCA,Road,900,1381.0,3,1,0.0,No,Yes,FI-NO
SHP900001271,DLV800001271,2026-03-22,CAR03,NO,EXW,Road,900,2740.9,4,1,0.0,No,Yes,FI-NO
SHP900001272,DLV800001272,2026-01-12,CAR06,DE,FCA,Air,1650,6993.7,14,1,0.0,No,Yes,FI-DE
SHP900001273,DLV800001273,2025-08-18,CAR01,DE,DAP,Road,1650,2816.0,5,3,1218.99,Yes,Yes,FI-DE
SHP900001274,DLV800001274,2025-01-25,CAR04,NL,CPT,Road,1850,4215.3,10,3,1475.06,Yes,Yes,FI-NL
SHP900001275,DLV800001275,2025-09-20,CAR04,PL,FCA,Road,1450,1639.2,4,2,0.0,No,Yes,FI-PL
SHP900001276,DLV800001276,2025-07-07,CAR08,DK,CPT,Sea,1000,5777.1,10,5,974.75,Yes,Yes,FI-DK
SHP900001277,DLV800001277,2025-11-14,CAR01,FI,CPT,Road,250,1891.7,5,1,562.22,Yes,Yes,FI-FI
SHP900001278,DLV800001278,2026-06-09,CAR02,DK,CPT,Road,1000,2539.5,5,2,1015.29,Yes,Yes,FI-DK
SHP900001279,DLV800001279,2026-03-26,CAR05,FI,CPT,Air,250,4012.4,8,1,2845.91,Yes,Yes,FI-FI
SHP900001280,DLV800001280,2025-12-29,CAR07,US,CPT,Sea,7200,3789.5,9,24,3145.82,Yes,Yes,FI-US
SHP900001281,DLV800001281,2025-11-25,CAR07,NO,FCA,Sea,900,3671.1,8,6,0.0,No,No,FI-NO
SHP900001282,DLV800001282,2025-05-11,CAR05,DK,CIP,Air,1000,4234.5,7,5,5633.07,Yes,No,FI-DK
SHP900001283,DLV800001283,2025-03-21,CAR04,US,DAP,Road,7200,5775.2,12,11,4634.16,Yes,Yes,FI-US
SHP900001284,DLV800001284,2025-01-29,CAR02,NL,CIP,Road,1850,4556.0,9,4,1827.18,Yes,No,FI-NL
SHP900001285,DLV800001285,2025-08-14,CAR07,FI,CPT,Sea,250,4051.7,8,6,452.62,Yes,No,FI-FI
SHP900001286,DLV800001286,2025-04-01,CAR06,IT,DAP,Air,2900,2686.5,7,1,8836.68,Yes,Yes,FI-IT
SHP900001287,DLV800001287,2026-03-26,CAR07,ES,FCA,Sea,3500,2377.6,4,12,0.0,No,No,FI-ES
SHP900001288,DLV800001288,2025-12-20,CAR04,FI,CPT,Road,250,4580.8,11,1,818.88,Yes,Yes,FI-FI
SHP900001289,DLV800001289,2025-02-22,CAR08,IT,FCA,Sea,2900,6581.9,14,9,0.0,No,Yes,FI-IT
SHP900001290,DLV800001290,2025-06-18,CAR04,PL,CIP,Road,1450,1215.0,2,3,1009.9,Yes,No,FI-PL
SHP900001291,DLV800001291,2025-08-02,CAR08,IT,CPT,Sea,2900,4074.4,11,16,1222.87,Yes,No,FI-IT
SHP900001292,DLV800001292,2025-01-20,CAR07,IT,CPT,Sea,2900,5421.6,10,9,1614.3,Yes,Yes,FI-IT
SHP900001293,DLV800001293,2026-06-08,CAR04,CN,DAP,Road,7700,5514.6,10,12,4304.99,Yes,Yes,FI-CN
SHP900001294,DLV800001294,2026-02-26,CAR08,DK,EXW,Sea,1000,2020.4,3,11,0.0,No,No,FI-DK
SHP900001295,DLV800001295,2025-11-01,CAR05,DK,FCA,Air,1000,3100.1,6,1,0.0,No,Yes,FI-DK
SHP900001296,DLV800001296,2025-01-28,CAR06,FI,EXW,Air,250,5598.0,12,1,0.0,No,Yes,FI-FI
SHP900001297,DLV800001297,2026-05-28,CAR08,FR,EXW,Sea,2400,4255.4,9,14,0.0,No,No,FI-FR
SHP900001298,DLV800001298,2026-02-07,CAR04,NL,CPT,Road,1850,4525.1,7,3,1657.79,Yes,Yes,FI-NL
SHP900001299,DLV800001299,2025-08-13,CAR03,PL,CPT,Road,1450,2329.9,3,2,1095.73,Yes,Yes,FI-PL
SHP900001300,DLV800001300,2025-08-24,CAR06,SE,FCA,Air,650,6078.4,12,1,0.0,No,Yes,FI-SE
SHP900001301,DLV800001301,2025-10-29,CAR07,DE,CPT,Sea,1650,3233.1,5,7,969.73,Yes,Yes,FI-DE
SHP900001302,DLV800001302,2025-07-08,CAR02,US,CIP,Road,7200,4034.6,7,11,4995.75,Yes,Yes,FI-US
SHP900001303,DLV800001303,2025-03-08,CAR07,NL,DAP,Sea,1850,2217.6,4,8,844.1,Yes,No,FI-NL
SHP900001304,DLV800001304,2026-02-26,CAR03,NL,DAP,Road,1850,5371.9,15,3,1880.4,Yes,Yes,FI-NL
SHP900001305,DLV800001305,2025-01-11,CAR04,FR,DAP,Road,2400,5997.4,16,5,2245.41,Yes,No,FI-FR
SHP900001306,DLV800001306,2025-03-29,CAR01,NL,CPT,Road,1850,2634.5,4,3,1406.56,Yes,Yes,FI-NL
SHP900001307,DLV800001307,2025-08-11,CAR02,ES,CIP,Road,3500,3462.4,7,6,2553.23,Yes,No,FI-ES
SHP900001308,DLV800001308,2025-05-27,CAR05,US,DAP,Air,7200,150.4,1,4,20206.01,Yes,Yes,FI-US
SHP900001309,DLV800001309,2025-08-12,CAR07,ES,EXW,Sea,3500,6733.2,18,11,0.0,No,Yes,FI-ES
SHP900001310,DLV800001310,2025-08-03,CAR01,DE,CIP,Road,1650,2460.8,6,3,1332.24,Yes,Yes,FI-DE
SHP900001311,DLV800001311,2025-04-18,CAR01,IT,CPT,Road,2900,5054.1,9,4,2718.23,Yes,Yes,FI-IT
SHP900001312,DLV800001312,2026-03-13,CAR06,PL,DDP,Air,1450,365.0,1,1,4497.65,Yes,Yes,FI-PL
SHP900001313,DLV800001313,2025-08-19,CAR03,SE,DAP,Road,650,6127.5,12,1,1241.13,Yes,Yes,FI-SE
SHP900001314,DLV800001314,2025-06-02,CAR03,CN,FCA,Road,7700,4617.0,9,12,0.0,No,Yes,FI-CN
SHP900001315,DLV800001315,2026-01-31,CAR02,ES,DAP,Road,3500,2426.1,6,6,2100.99,Yes,No,FI-ES
SHP900001316,DLV800001316,2025-01-02,CAR04,FI,CIP,Road,250,5387.7,12,1,1004.83,Yes,Yes,FI-FI
SHP900001317,DLV800001317,2025-03-14,CAR01,PL,DAP,Road,1450,1934.0,4,2,1083.21,Yes,Yes,FI-PL
SHP900001318,DLV800001318,2026-02-17,CAR06,ES,EXW,Air,3500,1858.1,4,2,0.0,No,Yes,FI-ES
SHP900001319,DLV800001319,2025-12-18,CAR04,ES,CIP,Road,3500,2156.2,4,6,2488.67,Yes,No,FI-ES
SHP900001320,DLV800001320,2026-03-26,CAR06,DE,CPT,Air,1650,3195.4,5,1,6740.93,Yes,Yes,FI-DE
SHP900001321,DLV800001321,2025-04-05,CAR06,ES,FCA,Air,3500,890.5,1,7,0.0,No,No,FI-ES
SHP900001322,DLV800001322,2025-11-19,CAR07,US,DDP,Sea,7200,6702.5,18,27,3541.47,Yes,No,FI-US
SHP900001323,DLV800001323,2026-02-09,CAR03,PL,DAP,Road,1450,5661.2,12,2,1663.81,Yes,Yes,FI-PL
SHP900001324,DLV800001324,2025-02-16,CAR07,US,CIP,Sea,7200,5756.0,13,25,2807.46,Yes,No,FI-US
SHP900001325,DLV800001325,2025-07-30,CAR08,NL,DDP,Sea,1850,2401.2,5,7,1028.57,Yes,Yes,FI-NL
SHP900001326,DLV800001326,2026-06-15,CAR01,FI,CPT,Road,250,6691.9,18,2,1188.27,Yes,No,FI-FI
SHP900001327,DLV800001327,2025-08-19,CAR06,FI,DAP,Air,250,2619.1,5,1,2483.74,Yes,Yes,FI-FI
SHP900001328,DLV800001328,2025-05-31,CAR04,ES,CPT,Road,3500,6451.9,12,5,3300.6,Yes,Yes,FI-ES
SHP900001329,DLV800001329,2025-10-10,CAR04,CN,DAP,Road,7700,1580.4,3,12,5136.02,Yes,Yes,FI-CN
SHP900001330,DLV800001330,2026-05-04,CAR08,DK,DAP,Sea,1000,703.8,2,5,576.56,Yes,Yes,FI-DK
SHP900001331,DLV800001331,2026-05-14,CAR04,NO,EXW,Road,900,5634.0,10,3,0.0,No,No,FI-NO
SHP900001332,DLV800001332,2026-02-20,CAR05,NO,EXW,Air,900,3330.1,5,8,0.0,No,No,FI-NO
SHP900001333,DLV800001333,2025-10-30,CAR03,NL,CPT,Road,1850,1069.2,2,3,1407.26,Yes,Yes,FI-NL
SHP900001334,DLV800001334,2025-04-29,CAR06,NO,FCA,Air,900,2374.8,6,1,0.0,No,Yes,FI-NO
SHP900001335,DLV800001335,2026-04-27,CAR03,CN,DAP,Road,7700,6408.1,11,12,5309.96,Yes,Yes,FI-CN
SHP900001336,DLV800001336,2026-05-24,CAR08,IT,CPT,Sea,2900,533.6,1,9,1069.99,Yes,Yes,FI-IT
SHP900001337,DLV800001337,2025-04-13,CAR06,PL,CIP,Air,1450,270.2,1,1,4698.51,Yes,Yes,FI-PL
SHP900001338,DLV800001338,2025-09-25,CAR05,SE,CIP,Air,650,6456.2,14,1,5955.22,Yes,Yes,FI-SE
SHP900001339,DLV800001339,2025-12-23,CAR07,ES,DDP,Sea,3500,4794.2,10,11,1583.09,Yes,Yes,FI-ES
SHP900001340,DLV800001340,2026-04-05,CAR05,DK,CIP,Air,1000,5231.8,8,2,5582.57,Yes,No,FI-DK
SHP900001341,DLV800001341,2026-05-21,CAR05,DE,CIP,Air,1650,5143.6,10,1,6530.25,Yes,Yes,FI-DE
SHP900001342,DLV800001342,2025-05-13,CAR07,FR,EXW,Sea,2400,3076.6,5,9,0.0,No,Yes,FI-FR
SHP900001343,DLV800001343,2025-10-18,CAR03,IT,CPT,Road,2900,1626.9,3,4,1800.22,Yes,Yes,FI-IT
SHP900001344,DLV800001344,2026-04-05,CAR08,FI,EXW,Sea,250,3259.4,6,5,0.0,No,Yes,FI-FI
SHP900001345,DLV800001345,2026-04-15,CAR08,CN,CPT,Sea,7700,2833.5,8,27,3626.85,Yes,No,FI-CN
SHP900001346,DLV800001346,2025-06-07,CAR03,PL,FCA,Road,1450,4079.8,6,2,0.0,No,Yes,FI-PL
SHP900001347,DLV800001347,2025-06-14,CAR07,IT,DAP,Sea,2900,5539.4,10,9,1421.76,Yes,Yes,FI-IT
SHP900001348,DLV800001348,2025-12-30,CAR05,FI,CIP,Air,250,6303.9,13,8,5422.12,Yes,No,FI-FI
SHP900001349,DLV800001349,2025-08-25,CAR05,FI,CPT,Air,250,3661.7,6,1,3300.39,Yes,Yes,FI-FI
SHP900001350,DLV800001350,2026-06-15,CAR02,IT,FCA,Road,2900,854.9,1,11,0.0,No,No,FI-IT
SHP900001351,DLV800001351,2025-03-28,CAR04,CN,CIP,Road,7700,5531.3,13,12,5934.14,Yes,Yes,FI-CN
SHP900001352,DLV800001352,2025-12-08,CAR02,SE,CPT,Road,650,4021.8,9,1,840.71,Yes,Yes,FI-SE
SHP900001353,DLV800001353,2025-07-21,CAR08,DK,CPT,Sea,1000,4046.1,10,6,743.52,Yes,No,FI-DK
SHP900001354,DLV800001354,2026-01-05,CAR08,PL,CPT,Sea,1450,652.4,1,6,685.1,Yes,No,FI-PL
SHP900001355,DLV800001355,2025-01-20,CAR06,ES,FCA,Air,3500,1368.2,2,2,0.0,No,Yes,FI-ES
SHP900001356,DLV800001356,2025-04-25,CAR08,FI,DAP,Sea,250,770.6,2,6,270.35,Yes,No,FI-FI
SHP900001357,DLV800001357,2025-07-19,CAR05,DE,FCA,Air,1650,6950.0,12,9,0.0,No,No,FI-DE
SHP900001358,DLV800001358,2026-02-07,CAR01,SE,DAP,Road,650,159.3,1,2,592.6,Yes,No,FI-SE
SHP900001359,DLV800001359,2026-05-06,CAR02,US,CPT,Road,7200,3248.7,8,11,4506.64,Yes,Yes,FI-US
SHP900001360,DLV800001360,2025-07-03,CAR07,FI,EXW,Sea,250,2565.9,4,6,0.0,No,No,FI-FI
SHP900001361,DLV800001361,2025-09-28,CAR08,ES,DDP,Sea,3500,2567.3,4,12,1537.72,Yes,No,FI-ES
SHP900001362,DLV800001362,2026-05-12,CAR03,DK,CIP,Road,1000,698.2,1,2,819.04,Yes,Yes,FI-DK
SHP900001363,DLV800001363,2026-02-27,CAR03,DK,CIP,Road,1000,4824.4,7,3,1361.75,Yes,No,FI-DK
SHP900001364,DLV800001364,2025-12-13,CAR02,PL,EXW,Road,1450,2074.6,5,2,0.0,No,Yes,FI-PL
SHP900001365,DLV800001365,2026-02-22,CAR04,CN,DDP,Road,7700,3445.3,5,13,5151.1,Yes,No,FI-CN
SHP900001366,DLV800001366,2025-09-25,CAR07,NL,DAP,Sea,1850,4442.1,6,8,1205.96,Yes,No,FI-NL
SHP900001367,DLV800001367,2025-08-30,CAR06,NL,DAP,Air,1850,934.1,3,1,5497.15,Yes,Yes,FI-NL
SHP900001368,DLV800001368,2025-01-01,CAR08,FR,FCA,Sea,2400,1833.1,3,10,0.0,No,No,FI-FR
SHP900001369,DLV800001369,2025-12-21,CAR08,DK,DAP,Sea,1000,3738.7,9,5,753.87,Yes,Yes,FI-DK
SHP900001370,DLV800001370,2025-05-02,CAR04,PL,FCA,Road,1450,4885.5,11,3,0.0,No,No,FI-PL
SHP900001371,DLV800001371,2025-08-02,CAR08,FI,FCA,Sea,250,1552.4,2,10,0.0,No,No,FI-FI
SHP900001372,DLV800001372,2025-11-17,CAR05,CN,DDP,Air,7700,3180.1,6,4,19654.15,Yes,Yes,FI-CN
SHP900001373,DLV800001373,2026-03-11,CAR07,DE,CPT,Sea,1650,5959.8,9,8,1321.0,Yes,No,FI-DE
SHP900001374,DLV800001374,2025-12-05,CAR08,DK,FCA,Sea,1000,402.0,1,5,0.0,No,Yes,FI-DK
SHP900001375,DLV800001375,2026-05-05,CAR08,NO,FCA,Sea,900,4155.5,8,5,0.0,No,Yes,FI-NO
SHP900001376,DLV800001376,2025-07-19,CAR08,ES,FCA,Sea,3500,6229.4,12,12,0.0,No,No,FI-ES
SHP900001377,DLV800001377,2026-04-25,CAR06,US,CPT,Air,7200,4690.7,8,4,22777.32,Yes,Yes,FI-US
SHP900001378,DLV800001378,2026-04-23,CAR01,PL,FCA,Road,1450,3381.8,6,3,0.0,No,No,FI-PL
SHP900001379,DLV800001379,2025-07-04,CAR02,CN,DDP,Road,7700,917.8,2,13,4191.62,Yes,No,FI-CN
SHP900001380,DLV800001380,2025-04-13,CAR05,ES,DDP,Air,3500,92.6,1,2,9500.09,Yes,Yes,FI-ES
SHP900001381,DLV800001381,2025-02-11,CAR08,FI,CPT,Sea,250,1893.3,4,11,374.27,Yes,No,FI-FI
SHP900001382,DLV800001382,2025-11-01,CAR04,IT,DAP,Road,2900,1619.1,3,4,2136.63,Yes,Yes,FI-IT
SHP900001383,DLV800001383,2025-11-30,CAR04,FR,CPT,Road,2400,3370.1,6,4,1964.33,Yes,Yes,FI-FR
SHP900001384,DLV800001384,2026-06-01,CAR02,DK,DAP,Road,1000,3462.4,7,3,1206.13,Yes,No,FI-DK
SHP900001385,DLV800001385,2025-09-30,CAR05,IT,DDP,Air,2900,6802.9,19,1,12179.52,Yes,Yes,FI-IT
SHP900001386,DLV800001386,2025-12-15,CAR07,NL,EXW,Sea,1850,5838.8,10,7,0.0,No,Yes,FI-NL
SHP900001387,DLV800001387,2025-08-12,CAR07,NO,FCA,Sea,900,1875.2,5,8,0.0,No,No,FI-NO
SHP900001388,DLV800001388,2025-04-28,CAR01,DK,FCA,Road,1000,209.5,1,2,0.0,No,Yes,FI-DK
SHP900001389,DLV800001389,2025-11-30,CAR06,US,CPT,Air,7200,4907.5,8,4,22953.56,Yes,Yes,FI-US
SHP900001390,DLV800001390,2025-02-23,CAR03,PL,DAP,Road,1450,6369.5,14,2,1741.95,Yes,Yes,FI-PL
SHP900001391,DLV800001391,2026-06-10,CAR08,CN,CPT,Sea,7700,5685.1,8,27,2955.37,Yes,No,FI-CN
SHP900001392,DLV800001392,2025-11-30,CAR06,CN,DAP,Air,7700,3417.6,5,4,19635.96,Yes,Yes,FI-CN
SHP900001393,DLV800001393,2025-10-07,CAR03,IT,CPT,Road,2900,2575.0,5,4,2017.08,Yes,Yes,FI-IT
SHP900001394,DLV800001394,2025-12-08,CAR02,IT,CPT,Road,2900,5095.2,8,4,2244.81,Yes,Yes,FI-IT
SHP900001395,DLV800001395,2026-04-06,CAR05,DE,DAP,Air,1650,3602.1,8,1,7283.63,Yes,Yes,FI-DE
SHP900001396,DLV800001396,2026-06-02,CAR06,CN,DAP,Air,7700,1684.2,4,4,20614.98,Yes,Yes,FI-CN
SHP900001397,DLV800001397,2025-12-22,CAR06,PL,CPT,Air,1450,572.3,2,1,4947.35,Yes,Yes,FI-PL
SHP900001398,DLV800001398,2025-12-01,CAR03,NO,FCA,Road,900,2623.6,4,2,0.0,No,No,FI-NO
SHP900001399,DLV800001399,2025-04-29,CAR05,NL,DAP,Air,1850,5691.3,13,2,8672.49,Yes,No,FI-NL
SHP900001400,DLV800001400,2025-03-02,CAR01,ES,EXW,Road,3500,3997.3,7,5,0.0,No,Yes,FI-ES
